election_id,election_date,election_year,redistricting_cycle,office,district,district_display,city_town,ward,precinct,dem_margin,dem_margin_two_party,PVI_N,incumbent_status,incumbent_tenure_years,incumbent_tenure_left_censored,pres_elec,is_special,num_candidates,no_dem_candidate,candidate_count,dem_candidate_count,dem_candidate,opponent_candidate,opponent_party,dem_votes,opponent_votes,gop_votes,write_in_votes,top_write_in_votes,candidate_votes,total_votes,major_party_race,contested_on_ballot_lines,admitted_by_write_in,num_candidates_admitted,write_in_share,top_write_in_share,pvi_year,pvi_provenance,precinct_split_across_districts
105533,2010-11-02,2010,2001,State Representative,Third Hampshire,3rd Hampshire,Amherst,-,10A,,,,Dem_Incumbent,18.628719275549805,False,False,False,3,False,3,1,Ellen S. Story,Daniel M. Sandell,Republican,0,0,0.0,0,0,0,0,True,True,False,3,0.0,0.0,2008,missing,False
105533,2010-11-02,2010,2001,State Representative,Third Hampshire,3rd Hampshire,Amherst,-,3A,,,,Dem_Incumbent,18.628719275549805,False,False,False,3,False,3,1,Ellen S. Story,Daniel M. Sandell,Republican,0,0,0.0,0,0,0,0,True,True,False,3,0.0,0.0,2008,missing,False
105533,2010-11-02,2010,2001,State Representative,Third Hampshire,3rd Hampshire,Amherst,-,4A,,,,Dem_Incumbent,18.628719275549805,False,False,False,3,False,3,1,Ellen S. Story,Daniel M. Sandell,Republican,0,0,0.0,0,0,0,0,True,True,False,3,0.0,0.0,2008,missing,False
105533,2010-11-02,2010,2001,State Representative,Third Hampshire,3rd Hampshire,Amherst,-,9A,,,,Dem_Incumbent,18.628719275549805,False,False,False,3,False,3,1,Ellen S. Story,Daniel M. Sandell,Republican,0,0,0.0,0,0,0,0,True,True,False,3,0.0,0.0,2008,missing,False
105657,2010-11-02,2010,2001,State Representative,Third Plymouth,3rd Plymouth,Hingham,-,6A,21.02272727272727,21.93056731583404,,Dem_Incumbent,9.985146854487088,False,False,False,3,False,3,1,Garrett J. Bradley,Timothy F. Finnerty,Republican,720,461,461.0,0,0,1232,1323,True,True,False,3,0.0,0.0,2008,,False
105658,2010-11-02,2010,2001,State Senate,Plymouth and Norfolk,Plymouth and Norfolk,Hingham,-,6A,-37.81223083548665,,,GOP_Incumbent,15.983901106798909,False,False,False,2,True,2,0,"Paul R. Kearney, Jr.","Robert L. Hedlund, Jr.",Republican,361,800,800.0,0,0,1161,1323,False,True,False,2,0.0,0.0,2008,,False
112937,2012-11-06,2012,2011,State Representative,Eleventh Middlesex,11th Middlesex,Newton,2,4,57.33512786002692,57.335127860026915,,Dem_Incumbent,17.99626275693546,False,True,False,2,False,2,1,Kay S. Khan,Greer Tan Swiston,Republican,1169,317,317.0,0,0,1486,1655,True,True,False,2,0.0,0.0,2008,,False
112801,2012-11-06,2012,2011,State Representative,Twelfth Bristol,12th Bristol,Berkley,-,2,-12.191684284707538,-12.191684284707542,,GOP_Incumbent,1.1307555938862537,False,True,False,2,False,2,1,"Roger P. Brunelle, Jr.",Keiko M. Orrall,Republican,623,796,796.0,0,0,1419,1556,True,True,False,2,0.0,0.0,2008,,False
112745,2012-11-06,2012,2011,State Representative,Eighteenth Essex,18th Essex,Andover,-,7A,5.8568329718004355,5.856832971800434,,GOP_Incumbent,2.0123616501365533,False,True,False,2,False,2,1,Barbara A. L'Italien,"James J. Lyons, Jr.",Republican,244,217,217.0,0,0,461,477,True,True,False,2,0.0,0.0,2008,,False
112745,2012-11-06,2012,2011,State Representative,Eighteenth Essex,18th Essex,Andover,-,9A,-40.0,-40.0,,GOP_Incumbent,2.0123616501365533,False,True,False,2,False,2,1,Barbara A. L'Italien,"James J. Lyons, Jr.",Republican,3,7,7.0,0,0,10,11,True,True,False,2,0.0,0.0,2008,,False
112875,2012-11-06,2012,2011,State Representative,Eighteenth Worcester,18th Worcester,Douglas,-,3,-47.40015071590053,-47.40015071590053,,GOP_Incumbent,2.0123616501365533,False,True,False,2,False,2,1,Donald D. Bourque,Ryan C. Fattman,Republican,349,978,978.0,0,0,1327,1396,True,True,False,2,0.0,0.0,2008,,False
112948,2012-11-06,2012,2011,State Representative,Nineteenth Suffolk,19th Suffolk,Revere,2,3A,61.9718309859155,61.97183098591549,,Dem_Incumbent,20.008624407072016,True,True,False,2,False,2,1,Robert A. DeLeo,Paul A. Caruccio,Republican,115,27,27.0,0,0,142,149,True,True,False,2,0.0,0.0,2008,,False
112794,2012-11-06,2012,2011,State Representative,Twenty-First Middlesex,21st Middlesex,Burlington,-,7,5.971014492753618,5.971014492753623,,No_Incumbent,0.0,False,True,False,2,False,2,1,Kenneth I. Gordon,Walter Zenkin,Republican,914,811,811.0,0,0,1725,1848,True,True,False,2,0.0,0.0,2008,,False
112857,2012-11-06,2012,2011,State Representative,Twenty-Sixth Middlesex,26th Middlesex,Cambridge,3,2A,37.11656441717792,90.39301310043668,,Dem_Incumbent,20.008624407072016,False,True,False,3,False,3,1,"Timothy J. Toomey, Jr.",Mike Connolly,Unenrolled,436,194,22.0,0,0,652,703,True,True,False,3,0.0,0.0,2008,,False
112842,2012-11-06,2012,2011,State Representative,Second Essex,2nd Essex,Georgetown,-,3,-5.567606652205348,-5.567606652205351,,No_Incumbent,0.0,False,True,False,2,False,2,1,Barry P. Fogel,Leonard Mirra,Republican,653,730,730.0,0,0,1383,1500,True,True,False,2,0.0,0.0,2008,,False
112842,2012-11-06,2012,2011,State Representative,Second Essex,2nd Essex,Groveland,-,2,-9.298531810766718,-9.29853181076672,,No_Incumbent,0.0,False,True,False,2,False,2,1,Barry P. Fogel,Leonard Mirra,Republican,834,1005,1005.0,0,0,1839,2012,True,True,False,2,0.0,0.0,2008,,False
112842,2012-11-06,2012,2011,State Representative,Second Essex,2nd Essex,Merrimac,-,2,3.1116534472239223,3.111653447223917,,No_Incumbent,0.0,False,True,False,2,False,2,1,Barry P. Fogel,Leonard Mirra,Republican,845,794,794.0,0,0,1639,1796,True,True,False,2,0.0,0.0,2008,,False
112772,2012-11-06,2012,2011,State Representative,Second Franklin,2nd Franklin,Templeton,-,C,2.230151650312223,2.787068004459309,,Dem_Incumbent,2.0123616501365533,False,True,False,3,False,3,1,Denise Andrews,Susannah M. Whipps Lee,Republican,461,436,436.0,0,0,1121,1188,True,True,False,3,0.0,0.0,2008,,False
112761,2012-11-06,2012,2011,State Representative,Second Worcester,2nd Worcester,Winchendon,-,1A,0.6329113924050667,0.6329113924050633,,GOP_Incumbent,2.0123616501365533,False,True,False,2,False,2,1,Jonathan D. Zlotnik,Richard M. Bastien,Republican,159,157,157.0,0,0,316,340,True,True,False,2,0.0,0.0,2008,,False
112877,2012-11-06,2012,2011,State Representative,Thirty-Sixth Middlesex,36th Middlesex,Dracut,-,6A,21.212121212121215,21.21212121212121,,Dem_Incumbent,17.99626275693546,False,True,False,2,False,2,1,Colleen M. Garry,Cathy Richardson,Republican,40,26,26.0,0,0,66,69,True,True,False,2,0.0,0.0,2008,,False
112810,2012-11-06,2012,2011,State Representative,Third Middlesex,3rd Middlesex,Stow,-,2,44.676409185803756,44.676409185803756,,Dem_Incumbent,4.005557951224187,False,True,False,2,False,2,1,Kate Hogan,"Chuck S. Kuniewich, Jr.",Republican,1386,530,530.0,0,0,1916,2001,True,True,False,2,0.0,0.0,2008,,False
112769,2012-11-06,2012,2011,State Representative,Seventh Middlesex,7th Middlesex,Ashland,-,5,31.186868686868685,31.186868686868685,,Dem_Incumbent,8.011115902448374,False,True,False,2,False,2,1,Tom Sannicandro,Jon Andrew Fetherston,Republican,1039,545,545.0,0,0,1584,1661,True,True,False,2,0.0,0.0,2008,,False
112701,2012-11-06,2012,2011,State Representative,Seventh Plymouth,7th Plymouth,Abington,-,5,12.529550827423169,12.529550827423167,,GOP_Incumbent,2.0123616501365533,False,True,False,2,False,2,1,"Robert L. Toomey, Jr.",Geoff Diehl,Republican,952,740,740.0,0,0,1692,1774,True,True,False,2,0.0,0.0,2008,,False
112847,2012-11-06,2012,2011,State Representative,Eighth Plymouth,8th Plymouth,Raynham,-,1A,-4.721030042918456,-4.721030042918455,,GOP_Incumbent,2.0123616501365533,False,True,False,2,False,2,1,Marilee Kenney Hunt,Angelo L. D'Emilia,Republican,111,122,122.0,0,0,233,260,True,True,False,2,0.0,0.0,2008,,False
112847,2012-11-06,2012,2011,State Representative,Eighth Plymouth,8th Plymouth,Raynham,-,2A,-26.573426573426577,-26.573426573426573,,GOP_Incumbent,2.0123616501365533,False,True,False,2,False,2,1,Marilee Kenney Hunt,Angelo L. D'Emilia,Republican,105,181,181.0,0,0,286,309,True,True,False,2,0.0,0.0,2008,,False
112847,2012-11-06,2012,2011,State Representative,Eighth Plymouth,8th Plymouth,Raynham,-,4,-10.14867485455721,-10.148674854557207,,GOP_Incumbent,2.0123616501365533,False,True,False,2,False,2,1,Marilee Kenney Hunt,Angelo L. D'Emilia,Republican,695,852,852.0,0,0,1547,1676,True,True,False,2,0.0,0.0,2008,,False
112798,2012-11-06,2012,2011,State Representative,Eighth Worcester,8th Worcester,Bellingham,-,4A,-10.179640718562876,-10.179640718562874,,GOP_Incumbent,2.0123616501365533,False,True,False,2,False,2,1,Robert J. Dubois,Kevin J. Kuros,Republican,75,92,92.0,0,0,167,178,True,True,False,2,0.0,0.0,2008,,False
112737,2012-11-06,2012,2011,State Senate,First Essex,1st Essex,Merrimac,-,2,5.808383233532938,7.064821558630735,,No_Incumbent,0.0,False,True,False,4,False,4,1,Kathleen  A. O'Connor Ives,Shaun P. Toohey,Republican,735,638,638.0,0,0,1670,1796,True,True,False,4,0.0,0.0,2008,,False
112737,2012-11-06,2012,2011,State Senate,First Essex,1st Essex,Newburyport,1,P,34.8729792147806,38.0352644836272,,No_Incumbent,0.0,False,True,False,4,False,4,1,Kathleen  A. O'Connor Ives,Shaun P. Toohey,Republican,274,123,123.0,0,0,433,466,True,True,False,4,0.0,0.0,2008,,False
112737,2012-11-06,2012,2011,State Senate,First Essex,1st Essex,Salisbury,-,3,13.181448331977219,16.297786720321934,,No_Incumbent,0.0,False,True,False,4,False,4,1,Kathleen  A. O'Connor Ives,Shaun P. Toohey,Republican,578,416,416.0,0,0,1229,1351,True,True,False,4,0.0,0.0,2008,,False
112835,2012-11-06,2012,2011,State Senate,First Suffolk and Middlesex,1st Suffolk and Middlesex,Revere,2,3A,55.223880597014926,55.223880597014926,,Dem_Incumbent,5.3662977336974755,False,True,False,2,False,2,1,Anthony W. Petruccelli,"Thomas J. Dooley, III",Republican,104,30,30.0,0,0,134,149,True,True,False,2,0.0,0.0,2008,,False
112835,2012-11-06,2012,2011,State Senate,First Suffolk and Middlesex,1st Suffolk and Middlesex,Revere,5,1A,65.3061224489796,65.3061224489796,,Dem_Incumbent,5.3662977336974755,False,True,False,2,False,2,1,Anthony W. Petruccelli,"Thomas J. Dooley, III",Republican,405,85,85.0,0,0,490,574,True,True,False,2,0.0,0.0,2008,,False
112835,2012-11-06,2012,2011,State Senate,First Suffolk and Middlesex,1st Suffolk and Middlesex,Revere,5,2A,72.77777777777779,72.77777777777777,,Dem_Incumbent,5.3662977336974755,False,True,False,2,False,2,1,Anthony W. Petruccelli,"Thomas J. Dooley, III",Republican,311,49,49.0,0,0,360,425,True,True,False,2,0.0,0.0,2008,,False
112807,2012-11-06,2012,2011,State Senate,Second Essex,2nd Essex,Peabody,4,3A,30.689655172413794,30.689655172413794,,No_Incumbent,0.0,False,True,False,2,False,2,1,Joan B. Lovely,Richard A. Jolitz,Republican,758,402,402.0,0,0,1160,1342,True,True,False,2,0.0,0.0,2008,,False
112747,2012-11-06,2012,2011,State Senate,Second Essex and Middlesex,2nd Essex and Middlesex,Andover,-,7A,15.418502202643175,15.418502202643172,,Dem_Incumbent,2.0123616501365533,False,True,False,2,False,2,1,Barry R. Finegold,Paul Adams,Republican,262,192,192.0,0,0,454,477,True,True,False,2,0.0,0.0,2008,,False
112747,2012-11-06,2012,2011,State Senate,Second Essex and Middlesex,2nd Essex and Middlesex,Andover,-,9A,-40.0,-40.0,,Dem_Incumbent,2.0123616501365533,False,True,False,2,False,2,1,Barry R. Finegold,Paul Adams,Republican,3,7,7.0,0,0,10,11,True,True,False,2,0.0,0.0,2008,,False
112747,2012-11-06,2012,2011,State Senate,Second Essex and Middlesex,2nd Essex and Middlesex,Dracut,-,6A,57.57575757575757,57.57575757575758,,Dem_Incumbent,2.0123616501365533,False,True,False,2,False,2,1,Barry R. Finegold,Paul Adams,Republican,52,14,14.0,0,0,66,69,True,True,False,2,0.0,0.0,2008,,False
112800,2012-11-06,2012,2011,State Senate,Second Suffolk and Middlesex,2nd Suffolk and Middlesex,Boston,5,2A,60.747663551401864,60.747663551401864,,Dem_Incumbent,0.8241100091035408,False,True,False,2,False,2,1,William N. Brownsberger,Steven W. Aylward,Republican,430,105,105.0,0,0,535,620,True,True,False,2,0.0,0.0,2008,,False
112780,2012-11-06,2012,2011,State Senate,Second Worcester,2nd Worcester,Grafton,-,5,33.8621715418939,33.8621715418939,,Dem_Incumbent,4.005557951224187,False,True,False,2,False,2,1,Michael O. Moore,Stephen R. Simonian,Republican,1350,667,667.0,0,0,2017,2163,True,True,False,2,0.0,0.0,2008,,False
112780,2012-11-06,2012,2011,State Senate,Second Worcester,2nd Worcester,Shrewsbury,-,10,30.429447852760738,30.429447852760738,,Dem_Incumbent,4.005557951224187,False,True,False,2,False,2,1,Michael O. Moore,Stephen R. Simonian,Republican,1063,567,567.0,0,0,1630,1804,True,True,False,2,0.0,0.0,2008,,False
112780,2012-11-06,2012,2011,State Senate,Second Worcester,2nd Worcester,Upton,-,2,19.44739638682253,19.44739638682253,,Dem_Incumbent,4.005557951224187,False,True,False,2,False,2,1,Michael O. Moore,Stephen R. Simonian,Republican,1124,758,758.0,0,0,1882,2082,True,True,False,2,0.0,0.0,2008,,False
112795,2012-11-06,2012,2011,State Senate,Third Middlesex,3rd Middlesex,Sudbury,-,1A,-0.927643784786647,-0.927643784786642,,No_Incumbent,0.0,False,True,False,2,False,2,1,Michael J. Barrett,Sandi Martinez,Republican,267,272,272.0,0,0,539,622,True,True,False,2,0.0,0.0,2008,,False
112757,2012-11-06,2012,2011,State Senate,Fourth Middlesex,4th Middlesex,Burlington,-,7,26.201923076923077,26.201923076923077,,Dem_Incumbent,4.005557951224187,False,True,False,2,False,2,1,Kenneth J. Donnelly,Gerry Dembrowski,Republican,1050,614,614.0,0,0,1664,1848,True,True,False,2,0.0,0.0,2008,,False
112710,2012-11-06,2012,2011,State Senate,Middlesex and Worcester,Middlesex and Worcester,Stow,-,2,22.935779816513758,22.93577981651376,,Dem_Incumbent,4.005557951224187,False,True,False,2,False,2,1,James B. Eldridge,Dean J. Cavaretta,Republican,1139,714,714.0,0,0,1853,2001,True,True,False,2,0.0,0.0,2008,,False
112841,2012-11-06,2012,2011,State Senate,Plymouth and Barnstable,Plymouth and Barnstable,Plymouth,-,15,12.934171352960638,12.934171352960636,,Dem_Incumbent,20.008624407072016,False,True,False,2,False,2,1,Therese Murray,Thomas F. Keyes,Republican,1707,1316,1316.0,0,0,3023,3120,True,True,False,2,0.0,0.0,2008,,False
112870,2012-11-06,2012,2011,State Senate,Plymouth and Norfolk,Plymouth and Norfolk,Hingham,-,5A,-8.533916849015322,-8.533916849015318,,GOP_Incumbent,17.99626275693546,False,True,False,2,False,2,1,Genevieve S. Davis,"Robert L. Hedlund, Jr.",Republican,418,496,496.0,0,0,914,1010,True,True,False,2,0.0,0.0,2008,,False
124792,2013-04-02,2013,2011,State Representative,Twenty-Eighth Middlesex,28th Middlesex,Everett,1,3,,,,No_Incumbent,0.0,False,False,True,3,False,4,2,Wayne A. Matewsky,Rosa Diflorio,Unenrolled,0,0,0.0,0,0,0,0,False,True,False,4,0.3337034980566352,0.3337034980566352,2012,,False
124792,2013-04-02,2013,2011,State Representative,Twenty-Eighth Middlesex,28th Middlesex,Everett,2,3,,,,No_Incumbent,0.0,False,False,True,3,False,4,2,Wayne A. Matewsky,Rosa Diflorio,Unenrolled,0,0,0.0,0,0,0,0,False,True,False,4,0.3337034980566352,0.3337034980566352,2012,,False
124792,2013-04-02,2013,2011,State Representative,Twenty-Eighth Middlesex,28th Middlesex,Everett,3,3,,,,No_Incumbent,0.0,False,False,True,3,False,4,2,Wayne A. Matewsky,Rosa Diflorio,Unenrolled,0,0,0.0,0,0,0,0,False,True,False,4,0.3337034980566352,0.3337034980566352,2012,,False
124792,2013-04-02,2013,2011,State Representative,Twenty-Eighth Middlesex,28th Middlesex,Everett,4,3,,,,No_Incumbent,0.0,False,False,True,3,False,4,2,Wayne A. Matewsky,Rosa Diflorio,Unenrolled,0,0,0.0,0,0,0,0,False,True,False,4,0.3337034980566352,0.3337034980566352,2012,,False
124792,2013-04-02,2013,2011,State Representative,Twenty-Eighth Middlesex,28th Middlesex,Everett,5,3,,,,No_Incumbent,0.0,False,False,True,3,False,4,2,Wayne A. Matewsky,Rosa Diflorio,Unenrolled,0,0,0.0,0,0,0,0,False,True,False,4,0.3337034980566352,0.3337034980566352,2012,,False
124792,2013-04-02,2013,2011,State Representative,Twenty-Eighth Middlesex,28th Middlesex,Everett,6,3,,,,No_Incumbent,0.0,False,False,True,3,False,4,2,Wayne A. Matewsky,Rosa Diflorio,Unenrolled,0,0,0.0,0,0,0,0,False,True,False,4,0.3337034980566352,0.3337034980566352,2012,,False
124832,2013-09-10,2013,2011,State Representative,Sixth Bristol,6th Bristol,Fall River,7,D,,,,No_Incumbent,0.0,False,False,True,2,False,2,1,Carole A. Fiola,David L. Steinhof,Republican,0,0,0.0,0,0,0,0,True,True,False,2,0.0,0.0,2012,,False
124832,2013-09-10,2013,2011,State Representative,Sixth Bristol,6th Bristol,Fall River,8,D,,,,No_Incumbent,0.0,False,False,True,2,False,2,1,Carole A. Fiola,David L. Steinhof,Republican,0,0,0.0,0,0,0,0,True,True,False,2,0.0,0.0,2012,,False
154358,2022-11-08,2022,2021,State Representative,Tenth Bristol,10th Bristol,Acushnet,-,2A,-2.94117647058823,-2.941176470588235,,Dem_Incumbent,30.012936610608023,False,False,False,2,False,2,1,William M. Straus,Jeffrey Gerald Swift,Republican,66,70,70.0,0,0,136,137,True,True,False,2,0.0,0.0,2020,,False
154358,2022-11-08,2022,2021,State Representative,Tenth Bristol,10th Bristol,Mattapoisett,-,2,19.158121964382087,19.158121964382083,,Dem_Incumbent,30.012936610608023,False,False,False,2,False,2,1,William M. Straus,Jeffrey Gerald Swift,Republican,1104,749,749.0,0,0,1853,1890,True,True,False,2,0.0,0.0,2020,,False
154358,2022-11-08,2022,2021,State Representative,Tenth Bristol,10th Bristol,New Bedford,1,C1,32.71028037383177,32.71028037383177,,Dem_Incumbent,30.012936610608023,False,False,False,2,False,2,1,William M. Straus,Jeffrey Gerald Swift,Republican,71,36,36.0,0,0,107,111,True,True,False,2,0.0,0.0,2020,,False
154523,2022-11-08,2022,2021,State Representative,Tenth Norfolk,10th Norfolk,Franklin,-,9,31.07535986452159,31.07535986452159,,Dem_Incumbent,10.004312203536008,False,False,False,2,False,2,1,Jeffrey N. Roy,"Charles F. Bailey, III",Republican,774,407,407.0,0,0,1181,1217,True,True,False,2,0.0,0.0,2020,,False
154492,2022-11-08,2022,2021,State Representative,Eleventh Suffolk,11th Suffolk,Everett,2,2A,36.585365853658544,36.58536585365854,,No_Incumbent,0.0,False,False,False,2,False,2,1,Judith A. Garcia,Todd B. Taylor,Republican,112,52,52.0,0,0,164,188,True,True,False,2,0.0,0.0,2020,,False
154526,2022-11-08,2022,2021,State Representative,Twelfth Plymouth,12th Plymouth,Halifax,-,2A,-33.78378378378379,-35.2112676056338,,Dem_Incumbent,4.005557951224187,False,False,False,3,False,3,1,Kathleen R. Lanatra,Eric J. Meschino,Republican,23,48,48.0,0,0,74,75,True,True,False,3,0.0,0.0,2020,,False
154526,2022-11-08,2022,2021,State Representative,Twelfth Plymouth,12th Plymouth,Middleborough,-,5A,-23.790322580645164,-24.279835390946502,,Dem_Incumbent,4.005557951224187,False,False,False,3,False,3,1,Kathleen R. Lanatra,Eric J. Meschino,Republican,92,151,151.0,0,0,248,262,True,True,False,3,0.0,0.0,2020,,False
154348,2022-11-08,2022,2021,State Representative,Fourteenth Middlesex,14th Middlesex,Acton,-,7,54.8936170212766,54.8936170212766,,No_Incumbent,0.0,False,False,False,2,False,2,1,Simon Cataldo,Rodney E. Cleaves,Republican,910,265,265.0,0,0,1175,1224,True,True,False,2,0.0,0.0,2020,,False
154491,2022-11-08,2022,2021,State Representative,Sixteenth Middlesex,16th Middlesex,Chelmsford,-,5B,17.31266149870801,17.31266149870801,,No_Incumbent,0.0,False,False,False,2,False,2,1,Rodney M. Elliott,Karla Jean Miller,Republican,227,160,160.0,0,0,387,406,True,True,False,2,0.0,0.0,2020,,False
154491,2022-11-08,2022,2021,State Representative,Sixteenth Middlesex,16th Middlesex,Lowell,1,4,39.3939393939394,39.39393939393939,,No_Incumbent,0.0,False,False,False,2,False,2,1,Rodney M. Elliott,Karla Jean Miller,Republican,621,270,270.0,0,0,891,988,True,True,False,2,0.0,0.0,2020,,False
154537,2022-11-08,2022,2021,State Representative,Seventeenth Worcester,17th Worcester,Worcester,10,6,58.400000000000006,58.4,,Dem_Incumbent,4.005557951224187,False,False,False,2,False,2,1,David Henry Argosky Leboeuf,Paul J. Fullen,Republican,198,52,52.0,0,0,250,264,True,True,False,2,0.0,0.0,2020,,False
154537,2022-11-08,2022,2021,State Representative,Seventeenth Worcester,17th Worcester,Worcester,7,5A,25.37313432835821,25.37313432835821,,Dem_Incumbent,4.005557951224187,False,False,False,2,False,2,1,David Henry Argosky Leboeuf,Paul J. Fullen,Republican,126,75,75.0,0,0,201,209,True,True,False,2,0.0,0.0,2020,,False
154537,2022-11-08,2022,2021,State Representative,Seventeenth Worcester,17th Worcester,Worcester,7,6,19.327731092436974,19.327731092436977,,Dem_Incumbent,4.005557951224187,False,False,False,2,False,2,1,David Henry Argosky Leboeuf,Paul J. Fullen,Republican,497,336,336.0,0,0,833,880,True,True,False,2,0.0,0.0,2020,,False
154537,2022-11-08,2022,2021,State Representative,Seventeenth Worcester,17th Worcester,Worcester,8,6,39.41605839416058,39.416058394160586,,Dem_Incumbent,4.005557951224187,False,False,False,2,False,2,1,David Henry Argosky Leboeuf,Paul J. Fullen,Republican,191,83,83.0,0,0,274,289,True,True,False,2,0.0,0.0,2020,,False
154385,2022-11-08,2022,2021,State Representative,Eighteenth Essex,18th Essex,Andover,-,10,29.129129129129126,29.129129129129126,,Dem_Incumbent,4.005557951224187,False,False,False,2,False,2,1,Tram T. Nguyen,Jeffrey Peter Dufour,Republican,1075,590,590.0,0,0,1665,1712,True,True,False,2,0.0,0.0,2020,,False
154385,2022-11-08,2022,2021,State Representative,Eighteenth Essex,18th Essex,Andover,-,4A,29.792147806004614,29.79214780600462,,Dem_Incumbent,4.005557951224187,False,False,False,2,False,2,1,Tram T. Nguyen,Jeffrey Peter Dufour,Republican,281,152,152.0,0,0,433,456,True,True,False,2,0.0,0.0,2020,,False
154385,2022-11-08,2022,2021,State Representative,Eighteenth Essex,18th Essex,Tewksbury,-,5A,24.369747899159666,24.369747899159663,,Dem_Incumbent,4.005557951224187,False,False,False,2,False,2,1,Tram T. Nguyen,Jeffrey Peter Dufour,Republican,148,90,90.0,0,0,238,245,True,True,False,2,0.0,0.0,2020,,False
154385,2022-11-08,2022,2021,State Representative,Eighteenth Essex,18th Essex,Tewksbury,-,7,-0.6309148264984188,-0.6309148264984227,,Dem_Incumbent,4.005557951224187,False,False,False,2,False,2,1,Tram T. Nguyen,Jeffrey Peter Dufour,Republican,945,957,957.0,0,0,1902,1937,True,True,False,2,0.0,0.0,2020,,False
154583,2022-11-08,2022,2021,State Representative,Nineteenth Middlesex,19th Middlesex,Tewksbury,-,5,12.313937753721248,12.313937753721245,,Dem_Incumbent,4.005557951224187,False,False,False,2,False,2,1,David A. Robertson,Paul Sarnowski,Republican,830,648,648.0,0,0,1478,1525,True,True,False,2,0.0,0.0,2020,,False
154583,2022-11-08,2022,2021,State Representative,Nineteenth Middlesex,19th Middlesex,Tewksbury,-,6,2.4543738200125897,2.4543738200125866,,Dem_Incumbent,4.005557951224187,False,False,False,2,False,2,1,David A. Robertson,Paul Sarnowski,Republican,814,775,775.0,0,0,1589,1631,True,True,False,2,0.0,0.0,2020,,False
154583,2022-11-08,2022,2021,State Representative,Nineteenth Middlesex,19th Middlesex,Tewksbury,-,8,13.027744270205071,13.027744270205066,,Dem_Incumbent,4.005557951224187,False,False,False,2,False,2,1,David A. Robertson,Paul Sarnowski,Republican,937,721,721.0,0,0,1658,1707,True,True,False,2,0.0,0.0,2020,,False
154521,2022-11-08,2022,2021,State Representative,Nineteenth Worcester,19th Worcester,Westborough,-,6,43.80434782608695,43.80434782608696,,No_Incumbent,0.0,False,False,False,2,False,2,1,Kate Donaghue,Jonathan I. Hostage,Republican,1323,517,517.0,0,0,1840,1869,True,True,False,2,0.0,0.0,2020,,False
154474,2022-11-08,2022,2021,State Representative,First Barnstable,1st Barnstable,Yarmouth,-,8,-0.3759398496240629,-0.38314176245210724,,No_Incumbent,0.0,False,False,False,3,False,3,1,Christopher Richard Flanagan,Tracy A. Post,Republican,520,524,524.0,0,0,1064,1085,True,True,False,3,0.0,0.0,2020,,False
154519,2022-11-08,2022,2021,State Representative,First Bristol,1st Bristol,Mansfield,-,7,-1.699716713881022,-1.69971671388102,,GOP_Incumbent,16.00306645584783,False,False,False,2,False,2,1,Brendan A. Roche,Fred Jay Barrows,Republican,694,718,718.0,0,0,1412,1454,True,True,False,2,0.0,0.0,2020,,False
154376,2022-11-08,2022,2021,State Representative,First Essex,1st Essex,Newburyport,1,P,13.297872340425537,13.297872340425531,,No_Incumbent,0.0,False,False,False,2,False,2,1,Dawne F. Shand,Cj Fitzwater,Republican,213,163,163.0,0,0,376,393,True,True,False,2,0.0,0.0,2020,,False
154401,2022-11-08,2022,2021,State Representative,First Middlesex,1st Middlesex,Lunenburg,-,B1,-11.818181818181822,-12.380952380952381,,No_Incumbent,0.0,False,False,False,3,False,3,1,Margaret R. Scarsdale,Andrew James Shepherd,Republican,46,59,59.0,0,0,110,110,True,True,False,3,0.0,0.0,2020,,False
154401,2022-11-08,2022,2021,State Representative,First Middlesex,1st Middlesex,Pepperell,-,4,15.865820489573895,17.275419545903258,,No_Incumbent,0.0,False,False,False,3,False,3,1,Margaret R. Scarsdale,Andrew James Shepherd,Republican,594,419,419.0,0,0,1103,1125,True,True,False,3,0.0,0.0,2020,,False
154569,2022-11-08,2022,2021,State Representative,First Plymouth,1st Plymouth,Plymouth,-,16,-12.723754233188195,-12.723754233188195,,GOP_Incumbent,8.011115902448374,False,False,False,2,False,2,1,Stephen Michael Palmer,Mathew J. Muratore,Republican,902,1165,1165.0,0,0,2067,2127,True,True,False,2,0.0,0.0,2020,,False
154569,2022-11-08,2022,2021,State Representative,First Plymouth,1st Plymouth,Plymouth,-,17,-4.09556313993174,-4.09556313993174,,GOP_Incumbent,8.011115902448374,False,False,False,2,False,2,1,Stephen Michael Palmer,Mathew J. Muratore,Republican,843,915,915.0,0,0,1758,1806,True,True,False,2,0.0,0.0,2020,,False
154569,2022-11-08,2022,2021,State Representative,First Plymouth,1st Plymouth,Plymouth,-,18,-25.15666965085049,-25.156669650850493,,GOP_Incumbent,8.011115902448374,False,False,False,2,False,2,1,Stephen Michael Palmer,Mathew J. Muratore,Republican,418,699,699.0,0,0,1117,1145,True,True,False,2,0.0,0.0,2020,,False
154441,2022-11-08,2022,2021,State Representative,Twenty-Second Middlesex,22nd Middlesex,Billerica,-,12,-3.165467625899282,-3.1654676258992804,,GOP_Incumbent,12.016673853672561,False,False,False,2,False,2,1,Teresa Nicole English,Marc T. Lombardo,Republican,673,717,717.0,0,0,1390,1415,True,True,False,2,0.0,0.0,2020,,False
154514,2022-11-08,2022,2021,State Representative,Twenty-Eighth Middlesex,28th Middlesex,Everett,1,3A,38.983050847457626,,,Dem_Incumbent,8.011115902448374,False,False,False,2,False,2,1,"Joseph W. Mcgonagle, Jr",Michael K. Marchese,Unenrolled,82,36,0.0,0,0,118,141,False,True,False,2,0.0,0.0,2020,,False
154514,2022-11-08,2022,2021,State Representative,Twenty-Eighth Middlesex,28th Middlesex,Everett,2,3,32.791327913279126,,,Dem_Incumbent,8.011115902448374,False,False,False,2,False,2,1,"Joseph W. Mcgonagle, Jr",Michael K. Marchese,Unenrolled,245,124,0.0,0,0,369,409,False,True,False,2,0.0,0.0,2020,,False
154514,2022-11-08,2022,2021,State Representative,Twenty-Eighth Middlesex,28th Middlesex,Everett,3,3,30.76923076923077,,,Dem_Incumbent,8.011115902448374,False,False,False,2,False,2,1,"Joseph W. Mcgonagle, Jr",Michael K. Marchese,Unenrolled,187,99,0.0,0,0,286,334,False,True,False,2,0.0,0.0,2020,,False
154514,2022-11-08,2022,2021,State Representative,Twenty-Eighth Middlesex,28th Middlesex,Everett,4,3,41.92037470725995,,,Dem_Incumbent,8.011115902448374,False,False,False,2,False,2,1,"Joseph W. Mcgonagle, Jr",Michael K. Marchese,Unenrolled,303,124,0.0,0,0,427,488,False,True,False,2,0.0,0.0,2020,,False
154514,2022-11-08,2022,2021,State Representative,Twenty-Eighth Middlesex,28th Middlesex,Everett,5,3,51.49863760217983,,,Dem_Incumbent,8.011115902448374,False,False,False,2,False,2,1,"Joseph W. Mcgonagle, Jr",Michael K. Marchese,Unenrolled,278,89,0.0,0,0,367,425,False,True,False,2,0.0,0.0,2020,,False
154514,2022-11-08,2022,2021,State Representative,Twenty-Eighth Middlesex,28th Middlesex,Everett,6,3,49.693251533742334,,,Dem_Incumbent,8.011115902448374,False,False,False,2,False,2,1,"Joseph W. Mcgonagle, Jr",Michael K. Marchese,Unenrolled,366,123,0.0,0,0,489,529,False,True,False,2,0.0,0.0,2020,,False
154424,2022-11-08,2022,2021,State Representative,Second Barnstable,2nd Barnstable,Yarmouth,-,8A,19.999999999999996,20.0,,Dem_Incumbent,2.0123616501365533,False,False,False,2,False,2,1,Kip A. Diggs,William Buffington Peters,Republican,114,76,76.0,0,0,190,194,True,True,False,2,0.0,0.0,2020,,False
154490,2022-11-08,2022,2021,State Representative,Second Middlesex,2nd Middlesex,Chelmsford,-,5A,21.89168573607933,21.891685736079328,,Dem_Incumbent,14.009870154760195,False,False,False,2,False,2,1,James Arciero,Raymond Yinggang Xie,Republican,799,512,512.0,0,0,1311,1379,True,True,False,2,0.0,0.0,2020,,False
154490,2022-11-08,2022,2021,State Representative,Second Middlesex,2nd Middlesex,Westford,-,7,36.703044227455486,36.703044227455486,,Dem_Incumbent,14.009870154760195,False,False,False,2,False,2,1,James Arciero,Raymond Yinggang Xie,Republican,1190,551,551.0,0,0,1741,1759,True,True,False,2,0.0,0.0,2020,,False
154398,2022-11-08,2022,2021,State Representative,Second Worcester,2nd Worcester,Ashburnham,-,2,13.397483345669874,13.397483345669874,,Dem_Incumbent,10.004312203536008,False,False,False,2,False,2,1,Jonathan D. Zlotnik,Bruce K. Chester,Republican,766,585,585.0,0,0,1351,1381,True,True,False,2,0.0,0.0,2020,,False
154506,2022-11-08,2022,2021,State Representative,Thirty-Sixth Middlesex,36th Middlesex,Dracut,-,6A,38.70967741935484,38.70967741935484,,Dem_Incumbent,28.000574960471468,False,False,False,2,False,2,1,Colleen M. Garry,George Derek Boag,Republican,43,19,19.0,0,0,62,68,True,True,False,2,0.0,0.0,2020,,False
154518,2022-11-08,2022,2021,State Representative,Third Worcester,3rd Worcester,Lunenburg,-,C1,0.0,0.0,,Dem_Incumbent,2.0123616501365533,False,False,False,2,False,2,1,Michael P. Kushmerek,Aaron L. Packard,Republican,5,5,5.0,0,0,10,10,True,True,False,2,0.0,0.0,2020,,False
154586,2022-11-08,2022,2021,State Representative,Fourth Norfolk,4th Norfolk,Weymouth,-,9A,24.92492492492493,24.924924924924923,,Dem_Incumbent,16.00306645584783,False,False,False,2,False,2,1,James Michael Murphy,Paul J. Rotondo,Republican,208,125,125.0,0,0,333,338,True,True,False,2,0.0,0.0,2020,,False
154503,2022-11-08,2022,2021,State Representative,Fifth Bristol,5th Bristol,Dighton,-,3,-5.555555555555558,-5.555555555555555,,Dem_Incumbent,22.00182070815965,False,False,False,2,False,2,1,Patricia A. Haddad,Justin Thurber,Republican,459,513,513.0,0,0,972,1003,True,True,False,2,0.0,0.0,2020,,False
154503,2022-11-08,2022,2021,State Representative,Fifth Bristol,5th Bristol,Taunton,1,A1,70.73170731707317,70.73170731707317,,Dem_Incumbent,22.00182070815965,False,False,False,2,False,2,1,Patricia A. Haddad,Justin Thurber,Republican,35,6,6.0,0,0,41,41,True,True,False,2,0.0,0.0,2020,,False
154503,2022-11-08,2022,2021,State Representative,Fifth Bristol,5th Bristol,Taunton,4,B1,-25.92592592592593,-25.925925925925924,,Dem_Incumbent,22.00182070815965,False,False,False,2,False,2,1,Patricia A. Haddad,Justin Thurber,Republican,10,17,17.0,0,0,27,28,True,True,False,2,0.0,0.0,2020,,False
154508,2022-11-08,2022,2021,State Representative,Sixth Plymouth,6th Plymouth,Marshfield,-,2A,39.53488372093024,39.53488372093023,,No_Incumbent,0.0,False,False,False,2,False,2,1,Josh S. Cutler,Kenneth Sweezey,Republican,150,65,65.0,0,0,215,219,True,True,False,2,0.0,0.0,2020,,False
154508,2022-11-08,2022,2021,State Representative,Sixth Plymouth,6th Plymouth,Pembroke,-,3A,33.33333333333333,33.33333333333333,,No_Incumbent,0.0,False,False,False,2,False,2,1,Josh S. Cutler,Kenneth Sweezey,Republican,8,4,4.0,0,0,12,12,True,True,False,2,0.0,0.0,2020,,False
154414,2022-11-08,2022,2021,State Representative,Seventh Worcester,7th Worcester,Oxford,-,4A,-78.94736842105263,,,GOP_Incumbent,26.007378659383836,False,False,False,2,True,2,0,Terry Burke Dotson,Paul K. Frost,Republican,2,17,17.0,0,0,19,20,False,True,False,2,0.0,0.0,2020,,False
154357,2022-11-08,2022,2021,State Representative,Eighth Bristol,8th Bristol,New Bedford,1,B1,37.5,37.5,,Dem_Incumbent,12.016673853672561,False,False,False,2,False,2,1,"Paul Schmid, III",Evan Gendreau,Republican,55,25,25.0,0,0,80,89,True,True,False,2,0.0,0.0,2020,,False
154494,2022-11-08,2022,2021,State Representative,Eighth Hampden,8th Hampden,Chicopee,6,AN,36.410256410256416,,,No_Incumbent,0.0,False,False,False,2,False,2,1,Shirley B. Arriaga,Sean Goonan,Unenrolled,266,124,0.0,0,0,390,414,False,True,False,2,0.0,0.0,2020,,False
154494,2022-11-08,2022,2021,State Representative,Eighth Hampden,8th Hampden,Chicopee,6,AS,24.663677130044846,,,No_Incumbent,0.0,False,False,False,2,False,2,1,Shirley B. Arriaga,Sean Goonan,Unenrolled,417,252,0.0,0,0,669,714,False,True,False,2,0.0,0.0,2020,,False
154494,2022-11-08,2022,2021,State Representative,Eighth Hampden,8th Hampden,Chicopee,6,BE,25.26829268292683,,,No_Incumbent,0.0,False,False,False,2,False,2,1,Shirley B. Arriaga,Sean Goonan,Unenrolled,642,383,0.0,0,0,1025,1114,False,True,False,2,0.0,0.0,2020,,False
154494,2022-11-08,2022,2021,State Representative,Eighth Hampden,8th Hampden,Chicopee,6,BW,16.756756756756758,,,No_Incumbent,0.0,False,False,False,2,False,2,1,Shirley B. Arriaga,Sean Goonan,Unenrolled,108,77,0.0,0,0,185,200,False,True,False,2,0.0,0.0,2020,,False
154533,2022-11-08,2022,2021,State Representative,Eighth Middlesex,8th Middlesex,Hopkinton,-,5,27.94292508917955,27.94292508917955,,No_Incumbent,0.0,False,False,False,2,False,2,1,James Arena-DeRosa,Loring Barnes,Republican,1076,606,606.0,0,0,1682,1736,True,True,False,2,0.0,0.0,2020,,False
154554,2022-11-08,2022,2021,State Representative,Eighth Norfolk,8th Norfolk,Mansfield,-,6A,27.699530516431924,27.699530516431924,,Dem_Incumbent,2.0123616501365533,False,False,False,2,False,2,1,Ted Philips,Howard L. Terban,Republican,136,77,77.0,0,0,213,230,True,True,False,2,0.0,0.0,2020,,False
154554,2022-11-08,2022,2021,State Representative,Eighth Norfolk,8th Norfolk,Stoughton,-,5A,-5.494505494505497,-5.4945054945054945,,Dem_Incumbent,2.0123616501365533,False,False,False,2,False,2,1,Ted Philips,Howard L. Terban,Republican,43,48,48.0,0,0,91,96,True,True,False,2,0.0,0.0,2020,,False
154554,2022-11-08,2022,2021,State Representative,Eighth Norfolk,8th Norfolk,Stoughton,-,7A,53.571428571428584,53.57142857142857,,Dem_Incumbent,2.0123616501365533,False,False,False,2,False,2,1,Ted Philips,Howard L. Terban,Republican,43,13,13.0,0,0,56,60,True,True,False,2,0.0,0.0,2020,,False
154554,2022-11-08,2022,2021,State Representative,Eighth Norfolk,8th Norfolk,Stoughton,-,8A,14.285714285714285,14.285714285714285,,Dem_Incumbent,2.0123616501365533,False,False,False,2,False,2,1,Ted Philips,Howard L. Terban,Republican,32,24,24.0,0,0,56,59,True,True,False,2,0.0,0.0,2020,,False
154554,2022-11-08,2022,2021,State Representative,Eighth Norfolk,8th Norfolk,Walpole,-,2A,11.111111111111116,11.11111111111111,,Dem_Incumbent,2.0123616501365533,False,False,False,2,False,2,1,Ted Philips,Howard L. Terban,Republican,15,12,12.0,0,0,27,28,True,True,False,2,0.0,0.0,2020,,False
154554,2022-11-08,2022,2021,State Representative,Eighth Norfolk,8th Norfolk,Walpole,-,5A,-23.28767123287672,-23.28767123287671,,Dem_Incumbent,2.0123616501365533,False,False,False,2,False,2,1,Ted Philips,Howard L. Terban,Republican,28,45,45.0,0,0,73,74,True,True,False,2,0.0,0.0,2020,,False
154475,2022-11-08,2022,2021,State Representative,Eighth Plymouth,8th Plymouth,Bridgewater,-,8,-3.9010466222645146,-3.9010466222645097,,GOP_Incumbent,12.016673853672561,False,False,False,2,False,2,1,Eric J. Haikola,Angelo L. D'Emilia,Republican,505,546,546.0,0,0,1051,1090,True,True,False,2,0.0,0.0,2020,,False
154475,2022-11-08,2022,2021,State Representative,Eighth Plymouth,8th Plymouth,Bridgewater,-,9,-20.954511558538403,-20.954511558538407,,GOP_Incumbent,12.016673853672561,False,False,False,2,False,2,1,Eric J. Haikola,Angelo L. D'Emilia,Republican,530,811,811.0,0,0,1341,1393,True,True,False,2,0.0,0.0,2020,,False
154475,2022-11-08,2022,2021,State Representative,Eighth Plymouth,8th Plymouth,Raynham,-,4A,-31.914893617021274,-31.914893617021278,,GOP_Incumbent,12.016673853672561,False,False,False,2,False,2,1,Eric J. Haikola,Angelo L. D'Emilia,Republican,16,31,31.0,0,0,47,47,True,True,False,2,0.0,0.0,2020,,False
154556,2022-11-08,2022,2021,State Representative,Ninth Norfolk,9th Norfolk,Norfolk,-,4,13.4453781512605,13.445378151260504,,No_Incumbent,0.0,False,False,False,2,False,2,1,Kevin Kalkut,Marcus S. Vaughn,Republican,810,618,618.0,0,0,1428,1452,True,True,False,2,0.0,0.0,2020,,False
154556,2022-11-08,2022,2021,State Representative,Ninth Norfolk,9th Norfolk,Wrentham,-,4,-26.031102096010823,-26.031102096010816,,No_Incumbent,0.0,False,False,False,2,False,2,1,Kevin Kalkut,Marcus S. Vaughn,Republican,547,932,932.0,0,0,1479,1498,True,True,False,2,0.0,0.0,2020,,False
154478,2022-11-08,2022,2021,State Representative,Ninth Plymouth,9th Plymouth,Easton,-,7,17.893217893217894,17.893217893217894,,Dem_Incumbent,6.688706818072925,False,False,False,2,False,2,1,Gerard J. Cassidy,Lawrence P. Novak,Republican,817,569,569.0,0,0,1386,1454,True,True,False,2,0.0,0.0,2020,,False
154471,2022-11-08,2022,2021,State Senate,First Essex and Middlesex,1st Essex and Middlesex,Middleton,-,3,-55.523672883787654,,,GOP_Incumbent,28.000574960471468,False,False,False,2,True,2,0,Terence William Cudney,Bruce E. Tarr,Republican,310,1084,1084.0,0,0,1394,1484,False,True,False,2,0.0,0.0,2020,,False
154471,2022-11-08,2022,2021,State Senate,First Essex and Middlesex,1st Essex and Middlesex,Newburyport,1,P,-42.77620396600566,,,GOP_Incumbent,28.000574960471468,False,False,False,2,True,2,0,Terence William Cudney,Bruce E. Tarr,Republican,101,252,252.0,0,0,353,393,False,True,False,2,0.0,0.0,2020,,False
154471,2022-11-08,2022,2021,State Senate,First Essex and Middlesex,1st Essex and Middlesex,Topsfield,-,2,-36.40743289745354,,,GOP_Incumbent,28.000574960471468,False,False,False,2,True,2,0,Terence William Cudney,Bruce E. Tarr,Republican,462,991,991.0,0,0,1453,1608,False,True,False,2,0.0,0.0,2020,,False
154438,2022-11-08,2022,2021,State Senate,First Worcester,1st Worcester,Worcester,1,6,51.76558978211872,,,No_Incumbent,0.0,False,False,False,2,False,2,1,Robyn K. Kennedy,Lisa K. Mair,Unenrolled,1010,321,0.0,0,0,1331,1466,False,True,False,2,0.0,0.0,2020,,False
154438,2022-11-08,2022,2021,State Senate,First Worcester,1st Worcester,Worcester,10,6,76.56903765690377,,,No_Incumbent,0.0,False,False,False,2,False,2,1,Robyn K. Kennedy,Lisa K. Mair,Unenrolled,211,28,0.0,0,0,239,264,False,True,False,2,0.0,0.0,2020,,False
154438,2022-11-08,2022,2021,State Senate,First Worcester,1st Worcester,Worcester,2,6,56.188118811881196,,,No_Incumbent,0.0,False,False,False,2,False,2,1,Robyn K. Kennedy,Lisa K. Mair,Unenrolled,631,177,0.0,0,0,808,878,False,True,False,2,0.0,0.0,2020,,False
154438,2022-11-08,2022,2021,State Senate,First Worcester,1st Worcester,Worcester,3,6,59.32678821879382,,,No_Incumbent,0.0,False,False,False,2,False,2,1,Robyn K. Kennedy,Lisa K. Mair,Unenrolled,568,145,0.0,0,0,713,768,False,True,False,2,0.0,0.0,2020,,False
154438,2022-11-08,2022,2021,State Senate,First Worcester,1st Worcester,Worcester,8,6,62.26415094339623,,,No_Incumbent,0.0,False,False,False,2,False,2,1,Robyn K. Kennedy,Lisa K. Mair,Unenrolled,215,50,0.0,0,0,265,289,False,True,False,2,0.0,0.0,2020,,False
154438,2022-11-08,2022,2021,State Senate,First Worcester,1st Worcester,Worcester,9,6,52.53940455341506,,,No_Incumbent,0.0,False,False,False,2,False,2,1,Robyn K. Kennedy,Lisa K. Mair,Unenrolled,871,271,0.0,0,0,1142,1241,False,True,False,2,0.0,0.0,2020,,False
154440,2022-11-08,2022,2021,State Senate,Second Essex,2nd Essex,Peabody,4,3A,54.69613259668509,54.69613259668509,,Dem_Incumbent,10.004312203536008,False,False,False,2,False,2,1,Joan B. Lovely,Damian M. Anketell,Republican,980,287,287.0,0,0,1267,1304,True,True,False,2,0.0,0.0,2020,,False
154378,2022-11-08,2022,2021,State Senate,Second Essex and Middlesex,2nd Essex and Middlesex,Andover,-,10,30.38277511961722,30.38277511961722,,Dem_Incumbent,4.005557951224187,False,False,False,2,False,2,1,Barry R. Finegold,SalvatorE Paul Defranco,Republican,1090,582,582.0,0,0,1672,1712,True,True,False,2,0.0,0.0,2020,,False
154378,2022-11-08,2022,2021,State Senate,Second Essex and Middlesex,2nd Essex and Middlesex,Andover,-,4A,35.01144164759726,35.01144164759725,,Dem_Incumbent,4.005557951224187,False,False,False,2,False,2,1,Barry R. Finegold,SalvatorE Paul Defranco,Republican,295,142,142.0,0,0,437,456,True,True,False,2,0.0,0.0,2020,,False
154378,2022-11-08,2022,2021,State Senate,Second Essex and Middlesex,2nd Essex and Middlesex,Haverhill,1,2A,25.0,25.0,,Dem_Incumbent,4.005557951224187,False,False,False,2,False,2,1,Barry R. Finegold,SalvatorE Paul Defranco,Republican,120,72,72.0,0,0,192,195,True,True,False,2,0.0,0.0,2020,,False
154378,2022-11-08,2022,2021,State Senate,Second Essex and Middlesex,2nd Essex and Middlesex,Haverhill,1,3A,9.677419354838706,9.67741935483871,,Dem_Incumbent,4.005557951224187,False,False,False,2,False,2,1,Barry R. Finegold,SalvatorE Paul Defranco,Republican,153,126,126.0,0,0,279,283,True,True,False,2,0.0,0.0,2020,,False
154378,2022-11-08,2022,2021,State Senate,Second Essex and Middlesex,2nd Essex and Middlesex,Haverhill,5,3A,-16.666666666666668,-16.666666666666664,,Dem_Incumbent,4.005557951224187,False,False,False,2,False,2,1,Barry R. Finegold,SalvatorE Paul Defranco,Republican,40,56,56.0,0,0,96,98,True,True,False,2,0.0,0.0,2020,,False
154378,2022-11-08,2022,2021,State Senate,Second Essex and Middlesex,2nd Essex and Middlesex,Haverhill,7,3A,11.111111111111116,11.11111111111111,,Dem_Incumbent,4.005557951224187,False,False,False,2,False,2,1,Barry R. Finegold,SalvatorE Paul Defranco,Republican,15,12,12.0,0,0,27,27,True,True,False,2,0.0,0.0,2020,,False
154378,2022-11-08,2022,2021,State Senate,Second Essex and Middlesex,2nd Essex and Middlesex,Tewksbury,-,5,6.388702084734366,6.388702084734364,,Dem_Incumbent,4.005557951224187,False,False,False,2,False,2,1,Barry R. Finegold,SalvatorE Paul Defranco,Republican,791,696,696.0,0,0,1487,1525,True,True,False,2,0.0,0.0,2020,,False
154378,2022-11-08,2022,2021,State Senate,Second Essex and Middlesex,2nd Essex and Middlesex,Tewksbury,-,5A,35.26970954356847,35.26970954356847,,Dem_Incumbent,4.005557951224187,False,False,False,2,False,2,1,Barry R. Finegold,SalvatorE Paul Defranco,Republican,163,78,78.0,0,0,241,245,True,True,False,2,0.0,0.0,2020,,False
154378,2022-11-08,2022,2021,State Senate,Second Essex and Middlesex,2nd Essex and Middlesex,Tewksbury,-,6,-2.946708463949843,-2.946708463949843,,Dem_Incumbent,4.005557951224187,False,False,False,2,False,2,1,Barry R. Finegold,SalvatorE Paul Defranco,Republican,774,821,821.0,0,0,1595,1631,True,True,False,2,0.0,0.0,2020,,False
154378,2022-11-08,2022,2021,State Senate,Second Essex and Middlesex,2nd Essex and Middlesex,Tewksbury,-,7,1.4629049111807735,1.4629049111807733,,Dem_Incumbent,4.005557951224187,False,False,False,2,False,2,1,Barry R. Finegold,SalvatorE Paul Defranco,Republican,971,943,943.0,0,0,1914,1937,True,True,False,2,0.0,0.0,2020,,False
154378,2022-11-08,2022,2021,State Senate,Second Essex and Middlesex,2nd Essex and Middlesex,Tewksbury,-,8,6.65068903535051,6.65068903535051,,Dem_Incumbent,4.005557951224187,False,False,False,2,False,2,1,Barry R. Finegold,SalvatorE Paul Defranco,Republican,890,779,779.0,0,0,1669,1707,True,True,False,2,0.0,0.0,2020,,False
154548,2022-11-08,2022,2021,State Senate,Third Essex,3rd Essex,Lynn,1,2A,53.42465753424656,,,Dem_Incumbent,4.676345167936371,False,False,False,2,False,2,1,Brendan P. Crighton,Annalisa Salustri,Unenrolled,168,51,0.0,0,0,219,262,False,True,False,2,0.0,0.0,2020,,False
154548,2022-11-08,2022,2021,State Senate,Third Essex,3rd Essex,Lynn,4,3A,52.27272727272727,,,Dem_Incumbent,4.676345167936371,False,False,False,2,False,2,1,Brendan P. Crighton,Annalisa Salustri,Unenrolled,67,21,0.0,0,0,88,90,False,True,False,2,0.0,0.0,2020,,False
154553,2022-11-08,2022,2021,State Senate,Fifth Middlesex,5th Middlesex,Malden,1,3,49.07872696817421,49.0787269681742,,Dem_Incumbent,8.60524172296488,False,False,False,2,False,2,1,Jason M. Lewis,"Edward F. Dombroski, Jr",Republican,445,152,152.0,0,0,597,635,True,True,False,2,0.0,0.0,2020,,False
154553,2022-11-08,2022,2021,State Senate,Fifth Middlesex,5th Middlesex,Malden,2,3,40.998487140695914,40.998487140695914,,Dem_Incumbent,8.60524172296488,False,False,False,2,False,2,1,Jason M. Lewis,"Edward F. Dombroski, Jr",Republican,466,195,195.0,0,0,661,703,True,True,False,2,0.0,0.0,2020,,False
154553,2022-11-08,2022,2021,State Senate,Fifth Middlesex,5th Middlesex,Malden,3,1A,42.213883677298305,42.21388367729831,,Dem_Incumbent,8.60524172296488,False,False,False,2,False,2,1,Jason M. Lewis,"Edward F. Dombroski, Jr",Republican,379,154,154.0,0,0,533,564,True,True,False,2,0.0,0.0,2020,,False
154553,2022-11-08,2022,2021,State Senate,Fifth Middlesex,5th Middlesex,Malden,3,3,52.58215962441315,52.58215962441315,,Dem_Incumbent,8.60524172296488,False,False,False,2,False,2,1,Jason M. Lewis,"Edward F. Dombroski, Jr",Republican,650,202,202.0,0,0,852,892,True,True,False,2,0.0,0.0,2020,,False
154553,2022-11-08,2022,2021,State Senate,Fifth Middlesex,5th Middlesex,Malden,4,3,64.13255360623782,64.13255360623782,,Dem_Incumbent,8.60524172296488,False,False,False,2,False,2,1,Jason M. Lewis,"Edward F. Dombroski, Jr",Republican,421,92,92.0,0,0,513,542,True,True,False,2,0.0,0.0,2020,,False
154553,2022-11-08,2022,2021,State Senate,Fifth Middlesex,5th Middlesex,Malden,5,3,45.55555555555556,45.55555555555556,,Dem_Incumbent,8.60524172296488,False,False,False,2,False,2,1,Jason M. Lewis,"Edward F. Dombroski, Jr",Republican,262,98,98.0,0,0,360,373,True,True,False,2,0.0,0.0,2020,,False
154553,2022-11-08,2022,2021,State Senate,Fifth Middlesex,5th Middlesex,Malden,5,3A,74.02597402597402,74.02597402597402,,Dem_Incumbent,8.60524172296488,False,False,False,2,False,2,1,Jason M. Lewis,"Edward F. Dombroski, Jr",Republican,134,20,20.0,0,0,154,163,True,True,False,2,0.0,0.0,2020,,False
154553,2022-11-08,2022,2021,State Senate,Fifth Middlesex,5th Middlesex,Malden,6,3,30.03300330033003,30.033003300330037,,Dem_Incumbent,8.60524172296488,False,False,False,2,False,2,1,Jason M. Lewis,"Edward F. Dombroski, Jr",Republican,394,212,212.0,0,0,606,639,True,True,False,2,0.0,0.0,2020,,False
154553,2022-11-08,2022,2021,State Senate,Fifth Middlesex,5th Middlesex,Malden,7,3,34.69387755102041,34.69387755102041,,Dem_Incumbent,8.60524172296488,False,False,False,2,False,2,1,Jason M. Lewis,"Edward F. Dombroski, Jr",Republican,198,96,96.0,0,0,294,320,True,True,False,2,0.0,0.0,2020,,False
154553,2022-11-08,2022,2021,State Senate,Fifth Middlesex,5th Middlesex,Malden,7,3A,54.589371980676326,54.589371980676326,,Dem_Incumbent,8.60524172296488,False,False,False,2,False,2,1,Jason M. Lewis,"Edward F. Dombroski, Jr",Republican,160,47,47.0,0,0,207,220,True,True,False,2,0.0,0.0,2020,,False
154553,2022-11-08,2022,2021,State Senate,Fifth Middlesex,5th Middlesex,Malden,8,3,43.7037037037037,43.7037037037037,,Dem_Incumbent,8.60524172296488,False,False,False,2,False,2,1,Jason M. Lewis,"Edward F. Dombroski, Jr",Republican,291,114,114.0,0,0,405,438,True,True,False,2,0.0,0.0,2020,,False
154413,2022-11-08,2022,2021,State Senate,Bristol and Norfolk,Bristol and Norfolk,Canton,-,7,31.176875430144523,31.656184486373167,,Dem_Incumbent,5.059652148914762,False,False,False,3,False,3,1,Paul R. Feeney,Michael Chaisson,Republican,942,489,489.0,0,0,1453,1536,True,True,False,3,0.0,0.0,2020,,False
154413,2022-11-08,2022,2021,State Senate,Bristol and Norfolk,Bristol and Norfolk,Mansfield,-,2A,17.88235294117647,18.81188118811881,,Dem_Incumbent,5.059652148914762,False,False,False,3,False,3,1,Paul R. Feeney,Michael Chaisson,Republican,240,164,164.0,0,0,425,442,True,True,False,3,0.0,0.0,2020,,False
154413,2022-11-08,2022,2021,State Senate,Bristol and Norfolk,Bristol and Norfolk,Mansfield,-,6A,23.076923076923077,23.943661971830984,,Dem_Incumbent,5.059652148914762,False,False,False,3,False,3,1,Paul R. Feeney,Michael Chaisson,Republican,132,81,81.0,0,0,221,230,True,True,False,3,0.0,0.0,2020,,False
154413,2022-11-08,2022,2021,State Senate,Bristol and Norfolk,Bristol and Norfolk,Mansfield,-,7,24.752475247524753,25.925925925925924,,Dem_Incumbent,5.059652148914762,False,False,False,3,False,3,1,Paul R. Feeney,Michael Chaisson,Republican,850,500,500.0,0,0,1414,1454,True,True,False,3,0.0,0.0,2020,,False
154391,2022-11-08,2022,2021,State Senate,Cape and Islands,Cape and Islands,Chatham,-,2,16.407425990968388,16.407425990968388,,Dem_Incumbent,5.99875425231182,False,False,False,2,False,2,1,Julian Andre Cyr,Christopher Robert Lauzon,Republican,1160,833,833.0,0,0,1993,2045,True,True,False,2,0.0,0.0,2020,,False
154391,2022-11-08,2022,2021,State Senate,Cape and Islands,Cape and Islands,Orleans,-,2,27.091633466135455,27.091633466135455,,Dem_Incumbent,5.99875425231182,False,False,False,2,False,2,1,Julian Andre Cyr,Christopher Robert Lauzon,Republican,1276,732,732.0,0,0,2008,2039,True,True,False,2,0.0,0.0,2020,,False
154391,2022-11-08,2022,2021,State Senate,Cape and Islands,Cape and Islands,Yarmouth,-,8,16.541353383458652,16.541353383458645,,Dem_Incumbent,5.99875425231182,False,False,False,2,False,2,1,Julian Andre Cyr,Christopher Robert Lauzon,Republican,620,444,444.0,0,0,1064,1085,True,True,False,2,0.0,0.0,2020,,False
154391,2022-11-08,2022,2021,State Senate,Cape and Islands,Cape and Islands,Yarmouth,-,8A,16.230366492146597,16.230366492146597,,Dem_Incumbent,5.99875425231182,False,False,False,2,False,2,1,Julian Andre Cyr,Christopher Robert Lauzon,Republican,111,80,80.0,0,0,191,194,True,True,False,2,0.0,0.0,2020,,False
154498,2022-11-08,2022,2021,State Senate,First Plymouth & Norfolk,First Plymouth & Norfolk,Cohasset,-,3,-12.035010940919033,-12.035010940919037,,No_Incumbent,0.0,False,False,False,2,False,2,1,"Robert William Stephens, Jr",Patrick Michael O'Connor,Republican,603,768,768.0,0,0,1371,1444,True,True,False,2,0.0,0.0,2020,,False
154498,2022-11-08,2022,2021,State Senate,First Plymouth & Norfolk,First Plymouth & Norfolk,Hingham,-,7,-23.04609218436873,-23.04609218436874,,No_Incumbent,0.0,False,False,False,2,False,2,1,"Robert William Stephens, Jr",Patrick Michael O'Connor,Republican,384,614,614.0,0,0,998,1047,True,True,False,2,0.0,0.0,2020,,False
154498,2022-11-08,2022,2021,State Senate,First Plymouth & Norfolk,First Plymouth & Norfolk,Hingham,-,7A,8.324974924774326,8.324974924774322,,No_Incumbent,0.0,False,False,False,2,False,2,1,"Robert William Stephens, Jr",Patrick Michael O'Connor,Republican,540,457,457.0,0,0,997,1043,True,True,False,2,0.0,0.0,2020,,False
154498,2022-11-08,2022,2021,State Senate,First Plymouth & Norfolk,First Plymouth & Norfolk,Marshfield,-,2A,2.7777777777777732,2.7777777777777777,,No_Incumbent,0.0,False,False,False,2,False,2,1,"Robert William Stephens, Jr",Patrick Michael O'Connor,Republican,111,105,105.0,0,0,216,219,True,True,False,2,0.0,0.0,2020,,False
154498,2022-11-08,2022,2021,State Senate,First Plymouth & Norfolk,First Plymouth & Norfolk,Weymouth,-,9A,-34.54545454545455,-34.54545454545455,,No_Incumbent,0.0,False,False,False,2,False,2,1,"Robert William Stephens, Jr",Patrick Michael O'Connor,Republican,108,222,222.0,0,0,330,338,True,True,False,2,0.0,0.0,2020,,False
154370,2022-11-08,2022,2021,State Senate,Hampden and Hampshire,Hampden and Hampshire,Southampton,-,2,24.63768115942029,24.637681159420293,,No_Incumbent,0.0,False,False,False,2,False,2,1,John C. Velis,Cecilia P. Calabrese,Republican,946,572,572.0,0,0,1518,1570,True,True,False,2,0.0,0.0,2020,,False
154370,2022-11-08,2022,2021,State Senate,Hampden and Hampshire,Hampden and Hampshire,Westfield,2,A1,25.0,25.0,,No_Incumbent,0.0,False,False,False,2,False,2,1,John C. Velis,Cecilia P. Calabrese,Republican,25,15,15.0,0,0,40,40,True,True,False,2,0.0,0.0,2020,,False
154370,2022-11-08,2022,2021,State Senate,Hampden and Hampshire,Hampden and Hampshire,Westfield,6,B1,19.999999999999996,20.0,,No_Incumbent,0.0,False,False,False,2,False,2,1,John C. Velis,Cecilia P. Calabrese,Republican,45,30,30.0,0,0,75,77,True,True,False,2,0.0,0.0,2020,,False
154431,2022-11-08,2022,2021,State Senate,"Hampden, Hampshire & Worcester","Hampden, Hampshire & Worcester",Chicopee,6,AN,17.794486215538853,17.794486215538846,,No_Incumbent,0.0,False,False,False,2,False,2,1,Jacob R. Oliveira,William E. Johnson,Republican,235,164,164.0,0,0,399,414,True,True,False,2,0.0,0.0,2020,,False
154431,2022-11-08,2022,2021,State Senate,"Hampden, Hampshire & Worcester","Hampden, Hampshire & Worcester",Chicopee,6,AS,9.928057553956831,9.928057553956835,,No_Incumbent,0.0,False,False,False,2,False,2,1,Jacob R. Oliveira,William E. Johnson,Republican,382,313,313.0,0,0,695,714,True,True,False,2,0.0,0.0,2020,,False
154431,2022-11-08,2022,2021,State Senate,"Hampden, Hampshire & Worcester","Hampden, Hampshire & Worcester",Chicopee,6,BE,1.939058171745156,1.9390581717451523,,No_Incumbent,0.0,False,False,False,2,False,2,1,Jacob R. Oliveira,William E. Johnson,Republican,552,531,531.0,0,0,1083,1114,True,True,False,2,0.0,0.0,2020,,False
154431,2022-11-08,2022,2021,State Senate,"Hampden, Hampshire & Worcester","Hampden, Hampshire & Worcester",Chicopee,6,BW,2.0408163265306145,2.0408163265306123,,No_Incumbent,0.0,False,False,False,2,False,2,1,Jacob R. Oliveira,William E. Johnson,Republican,100,96,96.0,0,0,196,200,True,True,False,2,0.0,0.0,2020,,False
154431,2022-11-08,2022,2021,State Senate,"Hampden, Hampshire & Worcester","Hampden, Hampshire & Worcester",East Longmeadow,-,2A,5.263157894736842,5.263157894736842,,No_Incumbent,0.0,False,False,False,2,False,2,1,Jacob R. Oliveira,William E. Johnson,Republican,20,18,18.0,0,0,38,40,True,True,False,2,0.0,0.0,2020,,False
154431,2022-11-08,2022,2021,State Senate,"Hampden, Hampshire & Worcester","Hampden, Hampshire & Worcester",East Longmeadow,-,3A,2.8571428571428523,2.857142857142857,,No_Incumbent,0.0,False,False,False,2,False,2,1,Jacob R. Oliveira,William E. Johnson,Republican,36,34,34.0,0,0,70,72,True,True,False,2,0.0,0.0,2020,,False
154431,2022-11-08,2022,2021,State Senate,"Hampden, Hampshire & Worcester","Hampden, Hampshire & Worcester",East Longmeadow,-,4A,-2.6819923371647514,-2.681992337164751,,No_Incumbent,0.0,False,False,False,2,False,2,1,Jacob R. Oliveira,William E. Johnson,Republican,127,134,134.0,0,0,261,266,True,True,False,2,0.0,0.0,2020,,False
154431,2022-11-08,2022,2021,State Senate,"Hampden, Hampshire & Worcester","Hampden, Hampshire & Worcester",East Longmeadow,-,5,-3.078024337866858,-3.0780243378668573,,No_Incumbent,0.0,False,False,False,2,False,2,1,Jacob R. Oliveira,William E. Johnson,Republican,677,720,720.0,0,0,1397,1434,True,True,False,2,0.0,0.0,2020,,False
154431,2022-11-08,2022,2021,State Senate,"Hampden, Hampshire & Worcester","Hampden, Hampshire & Worcester",Granby,-,2A,-33.33333333333333,-33.33333333333333,,No_Incumbent,0.0,False,False,False,2,False,2,1,Jacob R. Oliveira,William E. Johnson,Republican,9,18,18.0,0,0,27,28,True,True,False,2,0.0,0.0,2020,,False
154431,2022-11-08,2022,2021,State Senate,"Hampden, Hampshire & Worcester","Hampden, Hampshire & Worcester",Springfield,7,H1,21.73913043478261,21.73913043478261,,No_Incumbent,0.0,False,False,False,2,False,2,1,Jacob R. Oliveira,William E. Johnson,Republican,42,27,27.0,0,0,69,73,True,True,False,2,0.0,0.0,2020,,False
154431,2022-11-08,2022,2021,State Senate,"Hampden, Hampshire & Worcester","Hampden, Hampshire & Worcester",Warren,-,A,-16.525749423520363,-16.52574942352037,,No_Incumbent,0.0,False,False,False,2,False,2,1,Jacob R. Oliveira,William E. Johnson,Republican,543,758,758.0,0,0,1301,1354,True,True,False,2,0.0,0.0,2020,,False
154431,2022-11-08,2022,2021,State Senate,"Hampden, Hampshire & Worcester","Hampden, Hampshire & Worcester",Warren,-,B,-10.297482837528605,-10.297482837528605,,No_Incumbent,0.0,False,False,False,2,False,2,1,Jacob R. Oliveira,William E. Johnson,Republican,196,241,241.0,0,0,437,449,True,True,False,2,0.0,0.0,2020,,False
154350,2022-11-08,2022,2021,State Senate,Middlesex and Worcester,Middlesex and Worcester,Acton,-,6A,66.88453159041394,66.88453159041394,,Dem_Incumbent,14.009870154760195,False,False,False,2,False,2,1,James B. Eldridge,Anthony Christakis,Republican,383,76,76.0,0,0,459,467,True,True,False,2,0.0,0.0,2020,,False
154350,2022-11-08,2022,2021,State Senate,Middlesex and Worcester,Middlesex and Worcester,Acton,-,7,56.25,56.25,,Dem_Incumbent,14.009870154760195,False,False,False,2,False,2,1,James B. Eldridge,Anthony Christakis,Republican,925,259,259.0,0,0,1184,1224,True,True,False,2,0.0,0.0,2020,,False
154350,2022-11-08,2022,2021,State Senate,Middlesex and Worcester,Middlesex and Worcester,Ayer,-,3,31.08866442199776,31.088664421997752,,Dem_Incumbent,14.009870154760195,False,False,False,2,False,2,1,James B. Eldridge,Anthony Christakis,Republican,584,307,307.0,0,0,891,918,True,True,False,2,0.0,0.0,2020,,False
154350,2022-11-08,2022,2021,State Senate,Middlesex and Worcester,Middlesex and Worcester,Marlborough,1,1A,53.846153846153854,53.84615384615385,,Dem_Incumbent,14.009870154760195,False,False,False,2,False,2,1,James B. Eldridge,Anthony Christakis,Republican,20,6,6.0,0,0,26,26,True,True,False,2,0.0,0.0,2020,,False
154350,2022-11-08,2022,2021,State Senate,Middlesex and Worcester,Middlesex and Worcester,Marlborough,2,2A,0.0,0.0,,Dem_Incumbent,14.009870154760195,False,False,False,2,False,2,1,James B. Eldridge,Anthony Christakis,Republican,4,4,4.0,0,0,8,9,True,True,False,2,0.0,0.0,2020,,False
154350,2022-11-08,2022,2021,State Senate,Middlesex and Worcester,Middlesex and Worcester,Marlborough,7,2A,3.0303030303030276,3.0303030303030303,,Dem_Incumbent,14.009870154760195,False,False,False,2,False,2,1,James B. Eldridge,Anthony Christakis,Republican,17,16,16.0,0,0,33,36,True,True,False,2,0.0,0.0,2020,,False
154350,2022-11-08,2022,2021,State Senate,Middlesex and Worcester,Middlesex and Worcester,Sudbury,-,6,47.184986595174266,47.18498659517426,,Dem_Incumbent,14.009870154760195,False,False,False,2,False,2,1,James B. Eldridge,Anthony Christakis,Republican,1098,394,394.0,0,0,1492,1549,True,True,False,2,0.0,0.0,2020,,False
154342,2022-11-08,2022,2021,State Senate,Norfolk and Plymouth,Norfolk and Plymouth,Quincy,5,1A,47.50830564784053,47.50830564784053,,Dem_Incumbent,12.016673853672561,False,False,False,2,False,2,1,John F. Keenan,Gary M. Innes,Republican,222,79,79.0,0,0,301,320,True,True,False,2,0.0,0.0,2020,,False
154473,2022-11-08,2022,2021,State Senate,"Norfolk, Plymouth & Bristol","Norfolk, Plymouth & Bristol",Bridgewater,-,8,21.872015281757403,21.872015281757403,,No_Incumbent,0.0,False,False,False,2,False,2,1,"Walter F. Timilty, Jr.",Brian R. Muello,Republican,638,409,409.0,0,0,1047,1090,True,True,False,2,0.0,0.0,2020,,False
154473,2022-11-08,2022,2021,State Senate,"Norfolk, Plymouth & Bristol","Norfolk, Plymouth & Bristol",Bridgewater,-,9,3.1963470319634757,3.1963470319634704,,No_Incumbent,0.0,False,False,False,2,False,2,1,"Walter F. Timilty, Jr.",Brian R. Muello,Republican,678,636,636.0,0,0,1314,1393,True,True,False,2,0.0,0.0,2020,,False
154473,2022-11-08,2022,2021,State Senate,"Norfolk, Plymouth & Bristol","Norfolk, Plymouth & Bristol",Easton,-,7,22.05567451820129,22.055674518201286,,No_Incumbent,0.0,False,False,False,2,False,2,1,"Walter F. Timilty, Jr.",Brian R. Muello,Republican,855,546,546.0,0,0,1401,1454,True,True,False,2,0.0,0.0,2020,,False
154473,2022-11-08,2022,2021,State Senate,"Norfolk, Plymouth & Bristol","Norfolk, Plymouth & Bristol",Milton,-,4A,72.46376811594205,72.46376811594203,,No_Incumbent,0.0,False,False,False,2,False,2,1,"Walter F. Timilty, Jr.",Brian R. Muello,Republican,357,57,57.0,0,0,414,464,True,True,False,2,0.0,0.0,2020,,False
154473,2022-11-08,2022,2021,State Senate,"Norfolk, Plymouth & Bristol","Norfolk, Plymouth & Bristol",Stoughton,-,2A,47.712418300653596,47.712418300653596,,No_Incumbent,0.0,False,False,False,2,False,2,1,"Walter F. Timilty, Jr.",Brian R. Muello,Republican,113,40,40.0,0,0,153,162,True,True,False,2,0.0,0.0,2020,,False
154473,2022-11-08,2022,2021,State Senate,"Norfolk, Plymouth & Bristol","Norfolk, Plymouth & Bristol",Stoughton,-,4A,42.0,42.0,,No_Incumbent,0.0,False,False,False,2,False,2,1,"Walter F. Timilty, Jr.",Brian R. Muello,Republican,71,29,29.0,0,0,100,103,True,True,False,2,0.0,0.0,2020,,False
154473,2022-11-08,2022,2021,State Senate,"Norfolk, Plymouth & Bristol","Norfolk, Plymouth & Bristol",Stoughton,-,5A,5.494505494505497,5.4945054945054945,,No_Incumbent,0.0,False,False,False,2,False,2,1,"Walter F. Timilty, Jr.",Brian R. Muello,Republican,48,43,43.0,0,0,91,96,True,True,False,2,0.0,0.0,2020,,False
154473,2022-11-08,2022,2021,State Senate,"Norfolk, Plymouth & Bristol","Norfolk, Plymouth & Bristol",Stoughton,-,7A,57.89473684210527,57.89473684210527,,No_Incumbent,0.0,False,False,False,2,False,2,1,"Walter F. Timilty, Jr.",Brian R. Muello,Republican,45,12,12.0,0,0,57,60,True,True,False,2,0.0,0.0,2020,,False
154473,2022-11-08,2022,2021,State Senate,"Norfolk, Plymouth & Bristol","Norfolk, Plymouth & Bristol",Stoughton,-,8A,25.423728813559322,25.423728813559322,,No_Incumbent,0.0,False,False,False,2,False,2,1,"Walter F. Timilty, Jr.",Brian R. Muello,Republican,37,22,22.0,0,0,59,59,True,True,False,2,0.0,0.0,2020,,False
154433,2022-11-08,2022,2021,State Senate,"Norfolk, Worcester & Middlesex","Norfolk, Worcester & Middlesex",Franklin,-,9,12.867956265769553,12.867956265769553,,No_Incumbent,0.0,False,False,False,2,False,2,1,Rebecca L. Rausch,Shawn C. Dooley,Republican,671,518,518.0,0,0,1189,1217,True,True,False,2,0.0,0.0,2020,,False
154433,2022-11-08,2022,2021,State Senate,"Norfolk, Worcester & Middlesex","Norfolk, Worcester & Middlesex",Norfolk,-,4,-5.44692737430168,-5.4469273743016755,,No_Incumbent,0.0,False,False,False,2,False,2,1,Rebecca L. Rausch,Shawn C. Dooley,Republican,677,755,755.0,0,0,1432,1452,True,True,False,2,0.0,0.0,2020,,False
154433,2022-11-08,2022,2021,State Senate,"Norfolk, Worcester & Middlesex","Norfolk, Worcester & Middlesex",Wrentham,-,4,-29.959514170040485,-29.959514170040485,,No_Incumbent,0.0,False,False,False,2,False,2,1,Rebecca L. Rausch,Shawn C. Dooley,Republican,519,963,963.0,0,0,1482,1498,True,True,False,2,0.0,0.0,2020,,False
154470,2022-11-08,2022,2021,State Senate,Plymouth and Barnstable,Plymouth and Barnstable,Bourne,-,5A,0.4149377593360981,0.4149377593360996,,Dem_Incumbent,2.4723300273106226,False,False,False,2,False,2,1,Susan Lynn Moran,Kari Macrae,Republican,121,120,120.0,0,0,241,248,True,True,False,2,0.0,0.0,2020,,False
154470,2022-11-08,2022,2021,State Senate,Plymouth and Barnstable,Plymouth and Barnstable,Pembroke,-,3A,33.33333333333333,33.33333333333333,,Dem_Incumbent,2.4723300273106226,False,False,False,2,False,2,1,Susan Lynn Moran,Kari Macrae,Republican,8,4,4.0,0,0,12,12,True,True,False,2,0.0,0.0,2020,,False
154470,2022-11-08,2022,2021,State Senate,Plymouth and Barnstable,Plymouth and Barnstable,Plymouth,-,16,17.993246502653164,17.99324650265316,,Dem_Incumbent,2.4723300273106226,False,False,False,2,False,2,1,Susan Lynn Moran,Kari Macrae,Republican,1223,850,850.0,0,0,2073,2127,True,True,False,2,0.0,0.0,2020,,False
154470,2022-11-08,2022,2021,State Senate,Plymouth and Barnstable,Plymouth and Barnstable,Plymouth,-,17,9.732498577120086,9.732498577120092,,Dem_Incumbent,2.4723300273106226,False,False,False,2,False,2,1,Susan Lynn Moran,Kari Macrae,Republican,964,793,793.0,0,0,1757,1806,True,True,False,2,0.0,0.0,2020,,False
154470,2022-11-08,2022,2021,State Senate,Plymouth and Barnstable,Plymouth and Barnstable,Plymouth,-,18,-2.430243024302431,-2.43024302430243,,Dem_Incumbent,2.4723300273106226,False,False,False,2,False,2,1,Susan Lynn Moran,Kari Macrae,Republican,542,569,569.0,0,0,1111,1145,True,True,False,2,0.0,0.0,2020,,False
154419,2022-11-08,2022,2021,State Senate,Second Plymouth & Norfolk,Second Plymouth & Norfolk,Halifax,-,2A,-36.986301369863014,-36.986301369863014,,No_Incumbent,0.0,False,False,False,2,False,2,1,Michael D. Brady,Jim Gordon,Republican,23,50,50.0,0,0,73,75,True,True,False,2,0.0,0.0,2020,,False
154436,2022-11-08,2022,2021,State Senate,Third Bristol & Plymouth,Third Bristol & Plymouth,Dighton,-,3,4.0000000000000036,4.0,,No_Incumbent,0.0,False,False,False,2,False,2,1,Marc R. Pacheco,Maria S. Collins,Republican,507,468,468.0,0,0,975,1003,True,True,False,2,0.0,0.0,2020,,False
154436,2022-11-08,2022,2021,State Senate,Third Bristol & Plymouth,Third Bristol & Plymouth,Middleborough,-,5A,-19.999999999999996,-20.0,,No_Incumbent,0.0,False,False,False,2,False,2,1,Marc R. Pacheco,Maria S. Collins,Republican,100,150,150.0,0,0,250,262,True,True,False,2,0.0,0.0,2020,,False
154436,2022-11-08,2022,2021,State Senate,Third Bristol & Plymouth,Third Bristol & Plymouth,Middleborough,-,7,-0.5382131324004336,-0.5382131324004306,,No_Incumbent,0.0,False,False,False,2,False,2,1,Marc R. Pacheco,Maria S. Collins,Republican,462,467,467.0,0,0,929,966,True,True,False,2,0.0,0.0,2020,,False
154436,2022-11-08,2022,2021,State Senate,Third Bristol & Plymouth,Third Bristol & Plymouth,Middleborough,-,7A,-19.662921348314605,-19.662921348314608,,No_Incumbent,0.0,False,False,False,2,False,2,1,Marc R. Pacheco,Maria S. Collins,Republican,143,213,213.0,0,0,356,364,True,True,False,2,0.0,0.0,2020,,False
154436,2022-11-08,2022,2021,State Senate,Third Bristol & Plymouth,Third Bristol & Plymouth,Raynham,-,4A,-21.73913043478261,-21.73913043478261,,No_Incumbent,0.0,False,False,False,2,False,2,1,Marc R. Pacheco,Maria S. Collins,Republican,18,28,28.0,0,0,46,47,True,True,False,2,0.0,0.0,2020,,False
154436,2022-11-08,2022,2021,State Senate,Third Bristol & Plymouth,Third Bristol & Plymouth,Rehoboth,-,4,-9.034267912772581,-9.034267912772584,,No_Incumbent,0.0,False,False,False,2,False,2,1,Marc R. Pacheco,Maria S. Collins,Republican,584,700,700.0,0,0,1284,1339,True,True,False,2,0.0,0.0,2020,,False
154436,2022-11-08,2022,2021,State Senate,Third Bristol & Plymouth,Third Bristol & Plymouth,Taunton,1,A1,60.00000000000001,60.0,,No_Incumbent,0.0,False,False,False,2,False,2,1,Marc R. Pacheco,Maria S. Collins,Republican,32,8,8.0,0,0,40,41,True,True,False,2,0.0,0.0,2020,,False
154436,2022-11-08,2022,2021,State Senate,Third Bristol & Plymouth,Third Bristol & Plymouth,Taunton,4,B1,-16.666666666666668,-16.666666666666664,,No_Incumbent,0.0,False,False,False,2,False,2,1,Marc R. Pacheco,Maria S. Collins,Republican,10,14,14.0,0,0,24,28,True,True,False,2,0.0,0.0,2020,,False
154427,2022-11-08,2022,2021,State Senate,Worcester & Hampshire,Worcester & Hampshire,Holden,-,6,10.013003901170347,10.013003901170352,,No_Incumbent,0.0,False,False,False,2,False,2,1,Anne M. Gobi,James Anthony Amorello,Republican,846,692,692.0,0,0,1538,1589,True,True,False,2,0.0,0.0,2020,,False
154427,2022-11-08,2022,2021,State Senate,Worcester & Hampshire,Worcester & Hampshire,Westminster,-,2A,-7.608695652173908,-7.608695652173914,,No_Incumbent,0.0,False,False,False,2,False,2,1,Anne M. Gobi,James Anthony Amorello,Republican,170,198,198.0,0,0,368,375,True,True,False,2,0.0,0.0,2020,,False
154427,2022-11-08,2022,2021,State Senate,Worcester & Hampshire,Worcester & Hampshire,Westminster,-,3,9.51585976627713,9.515859766277128,,No_Incumbent,0.0,False,False,False,2,False,2,1,Anne M. Gobi,James Anthony Amorello,Republican,656,542,542.0,0,0,1198,1227,True,True,False,2,0.0,0.0,2020,,False
154427,2022-11-08,2022,2021,State Senate,Worcester & Hampshire,Worcester & Hampshire,Worcester,7,6,29.28571428571429,29.28571428571429,,No_Incumbent,0.0,False,False,False,2,False,2,1,Anne M. Gobi,James Anthony Amorello,Republican,543,297,297.0,0,0,840,880,True,True,False,2,0.0,0.0,2020,,False
154402,2022-11-08,2022,2021,State Senate,Worcester and Middlesex,Worcester and Middlesex,Groton,-,3A,27.27272727272727,27.27272727272727,,Dem_Incumbent,2.0123616501365533,False,False,False,2,False,2,1,John J. Cronin,Kenneth B. Hoyt,Republican,77,44,44.0,0,0,121,126,True,True,False,2,0.0,0.0,2020,,False
154402,2022-11-08,2022,2021,State Senate,Worcester and Middlesex,Worcester and Middlesex,Lunenburg,-,B1,20.634920634920633,20.634920634920633,,Dem_Incumbent,2.0123616501365533,False,False,False,2,False,2,1,John J. Cronin,Kenneth B. Hoyt,Republican,38,25,25.0,0,0,63,64,True,True,False,2,0.0,0.0,2020,,False
154402,2022-11-08,2022,2021,State Senate,Worcester and Middlesex,Worcester and Middlesex,Lunenburg,-,C1,0.0,0.0,,Dem_Incumbent,2.0123616501365533,False,False,False,2,False,2,1,John J. Cronin,Kenneth B. Hoyt,Republican,5,5,5.0,0,0,10,10,True,True,False,2,0.0,0.0,2020,,False
154402,2022-11-08,2022,2021,State Senate,Worcester and Middlesex,Worcester and Middlesex,Westford,-,7,29.349736379613354,29.349736379613354,,Dem_Incumbent,2.0123616501365533,False,False,False,2,False,2,1,John J. Cronin,Kenneth B. Hoyt,Republican,1104,603,603.0,0,0,1707,1759,True,True,False,2,0.0,0.0,2020,,False
160299,2023-05-30,2023,2021,State Representative,Ninth Suffolk,9th Suffolk,Boston,13,7A,,,,No_Incumbent,0.0,False,False,True,1,False,2,1,John Francis Moran,Roy A. Owens,Republican,0,0,0.0,0,0,0,0,True,False,True,2,0.0014727540500736377,0.0014727540500736377,2020,,False
160299,2023-05-30,2023,2021,State Representative,Ninth Suffolk,9th Suffolk,Boston,3,16,100.0,100.0,,No_Incumbent,0.0,False,False,True,1,False,2,1,John Francis Moran,Roy A. Owens,Republican,142,0,0.0,0,0,142,143,True,False,True,2,0.0014727540500736377,0.0014727540500736377,2020,,False
160299,2023-05-30,2023,2021,State Representative,Ninth Suffolk,9th Suffolk,Boston,6,1A,,,,No_Incumbent,0.0,False,False,True,1,False,2,1,John Francis Moran,Roy A. Owens,Republican,0,0,0.0,0,0,0,0,True,False,True,2,0.0014727540500736377,0.0014727540500736377,2020,,False
160299,2023-05-30,2023,2021,State Representative,Ninth Suffolk,9th Suffolk,Boston,7,5A,,,,No_Incumbent,0.0,False,False,True,1,False,2,1,John Francis Moran,Roy A. Owens,Republican,0,0,0.0,0,0,0,0,True,False,True,2,0.0014727540500736377,0.0014727540500736377,2020,,False
160299,2023-05-30,2023,2021,State Representative,Ninth Suffolk,9th Suffolk,Boston,8,2A,,,,No_Incumbent,0.0,False,False,True,1,False,2,1,John Francis Moran,Roy A. Owens,Republican,0,0,0.0,0,0,0,0,True,False,True,2,0.0014727540500736377,0.0014727540500736377,2020,,False
160299,2023-05-30,2023,2021,State Representative,Ninth Suffolk,9th Suffolk,Boston,8,4A,,,,No_Incumbent,0.0,False,False,True,1,False,2,1,John Francis Moran,Roy A. Owens,Republican,0,0,0.0,0,0,0,0,True,False,True,2,0.0014727540500736377,0.0014727540500736377,2020,,False
160299,2023-05-30,2023,2021,State Representative,Ninth Suffolk,9th Suffolk,Boston,8,6A,,,,No_Incumbent,0.0,False,False,True,1,False,2,1,John Francis Moran,Roy A. Owens,Republican,0,0,0.0,0,0,0,0,True,False,True,2,0.0014727540500736377,0.0014727540500736377,2020,,False
160299,2023-05-30,2023,2021,State Representative,Ninth Suffolk,9th Suffolk,Boston,9,4A,,,,No_Incumbent,0.0,False,False,True,1,False,2,1,John Francis Moran,Roy A. Owens,Republican,0,0,0.0,0,0,0,0,True,False,True,2,0.0014727540500736377,0.0014727540500736377,2020,,False
160299,2023-05-30,2023,2021,State Representative,Ninth Suffolk,9th Suffolk,Boston,9,6,100.0,100.0,,No_Incumbent,0.0,False,False,True,1,False,2,1,John Francis Moran,Roy A. Owens,Republican,83,0,0.0,0,0,83,89,True,False,True,2,0.0014727540500736377,0.0014727540500736377,2020,,False
160410,2023-11-07,2023,2021,State Senate,Worcester & Hampshire,Worcester & Hampshire,Holden,-,6,-3.7815126050420202,-3.7815126050420167,,No_Incumbent,0.0,False,False,True,2,False,2,1,Jonathan D. Zlotnik,Peter J. Durant,Republican,229,247,247.0,0,0,476,477,True,True,False,2,0.0,0.0,2020,,False
160410,2023-11-07,2023,2021,State Senate,Worcester & Hampshire,Worcester & Hampshire,Westminster,-,2A,-11.340206185567014,-11.34020618556701,,No_Incumbent,0.0,False,False,True,2,False,2,1,Jonathan D. Zlotnik,Peter J. Durant,Republican,43,54,54.0,0,0,97,97,True,True,False,2,0.0,0.0,2020,,False
160410,2023-11-07,2023,2021,State Senate,Worcester & Hampshire,Worcester & Hampshire,Westminster,-,3,-6.3711911357340725,-6.3711911357340725,,No_Incumbent,0.0,False,False,True,2,False,2,1,Jonathan D. Zlotnik,Peter J. Durant,Republican,169,192,192.0,0,0,361,362,True,True,False,2,0.0,0.0,2020,,False
160410,2023-11-07,2023,2021,State Senate,Worcester & Hampshire,Worcester & Hampshire,Worcester,7,6,12.796208530805691,12.796208530805686,,No_Incumbent,0.0,False,False,True,2,False,2,1,Jonathan D. Zlotnik,Peter J. Durant,Republican,238,184,184.0,0,0,422,436,True,True,False,2,0.0,0.0,2020,,False
160911,2024-03-05,2024,2021,State Representative,Sixth Worcester,6th Worcester,Charlton,-,4A,-100.0,-100.0,,No_Incumbent,0.0,False,False,True,1,False,3,1,Jeanne Renaud Costello,"John J. Marsi, Jr",Republican,0,7,7.0,0,0,7,7,True,False,True,3,0.0317664734921657,0.02361021678471775,2020,,False
160911,2024-03-05,2024,2021,State Representative,Sixth Worcester,6th Worcester,Dudley,-,4,-99.02439024390245,-99.02439024390245,,No_Incumbent,0.0,False,False,True,1,False,3,1,Jeanne Renaud Costello,"John J. Marsi, Jr",Republican,2,408,408.0,2,0,410,427,True,False,True,3,0.0317664734921657,0.02361021678471775,2020,,False
165318,2024-11-05,2024,2021,State Representative,Tenth Bristol,10th Bristol,Acushnet,-,2A,-15.094339622641506,-15.09433962264151,,No_Incumbent,0.0,False,True,False,2,False,2,1,Mark David Sylvia,Joseph M. Pires,Republican,90,122,122.0,0,0,212,233,True,True,False,2,0.0,0.0,2020,,False
165318,2024-11-05,2024,2021,State Representative,Tenth Bristol,10th Bristol,Mattapoisett,-,2,11.28696376509788,11.286963765097877,,No_Incumbent,0.0,False,True,False,2,False,2,1,Mark David Sylvia,Joseph M. Pires,Republican,1336,1065,1065.0,0,0,2401,2494,True,True,False,2,0.0,0.0,2020,,False
165318,2024-11-05,2024,2021,State Representative,Tenth Bristol,10th Bristol,New Bedford,1,C1,3.9548022598870025,3.954802259887006,,No_Incumbent,0.0,False,True,False,2,False,2,1,Mark David Sylvia,Joseph M. Pires,Republican,92,85,85.0,0,0,177,190,True,True,False,2,0.0,0.0,2020,,False
165490,2024-11-05,2024,2021,State Representative,Tenth Norfolk,10th Norfolk,Franklin,-,9,31.582019848219495,31.5820198482195,,Dem_Incumbent,11.99750850462364,False,True,False,2,False,2,1,Jeffrey N. Roy,"Charles F. Bailey, III",Republican,1127,586,586.0,0,0,1713,1820,True,True,False,2,0.0,0.0,2020,,False
165468,2024-11-05,2024,2021,State Representative,Eleventh Norfolk,11th Norfolk,Westwood,-,5,36.004390779363334,,,Dem_Incumbent,17.478798332614634,False,True,False,2,False,2,1,Paul McMurtry,Andrew M. Pepoli,Unenrolled,1239,583,0.0,0,0,1822,2185,False,True,False,2,0.0,0.0,2020,,False
165493,2024-11-05,2024,2021,State Representative,Twelfth Plymouth,12th Plymouth,Halifax,-,2A,-30.232558139534888,-30.23255813953488,,Dem_Incumbent,5.99875425231182,False,True,False,2,False,2,1,Kathleen R. Lanatra,Eric J. Meschino,Republican,30,56,56.0,0,0,86,93,True,True,False,2,0.0,0.0,2020,,False
165493,2024-11-05,2024,2021,State Representative,Twelfth Plymouth,12th Plymouth,Middleborough,-,5A,-18.356164383561648,-18.356164383561644,,Dem_Incumbent,5.99875425231182,False,True,False,2,False,2,1,Kathleen R. Lanatra,Eric J. Meschino,Republican,149,216,216.0,0,0,365,414,True,True,False,2,0.0,0.0,2020,,False
165465,2024-11-05,2024,2021,State Representative,Thirteenth Middlesex,13th Middlesex,Marlborough,2,2A,-27.27272727272727,-27.27272727272727,,Dem_Incumbent,10.004312203536008,False,True,False,2,False,2,1,Carmine Lawrence Gentile,Virginia A Gardner,Republican,4,7,7.0,0,0,11,13,True,True,False,2,0.0,0.0,2020,,False
165465,2024-11-05,2024,2021,State Representative,Thirteenth Middlesex,13th Middlesex,Marlborough,7,2A,26.82926829268293,26.82926829268293,,Dem_Incumbent,10.004312203536008,False,True,False,2,False,2,1,Carmine Lawrence Gentile,Virginia A Gardner,Republican,26,15,15.0,0,0,41,45,True,True,False,2,0.0,0.0,2020,,False
165465,2024-11-05,2024,2021,State Representative,Thirteenth Middlesex,13th Middlesex,Sudbury,-,6,46.97624190064795,46.97624190064795,,Dem_Incumbent,10.004312203536008,False,True,False,2,False,2,1,Carmine Lawrence Gentile,Virginia A Gardner,Republican,1361,491,491.0,0,0,1852,2000,True,True,False,2,0.0,0.0,2020,,False
165374,2024-11-05,2024,2021,State Representative,Fourteenth Bristol,14th Bristol,Mansfield,-,2A,21.81818181818182,21.818181818181817,,Dem_Incumbent,4.005557951224187,False,True,False,2,False,2,1,Adam J. Scanlon,"David Cannata, Jr",Republican,335,215,215.0,0,0,550,604,True,True,False,2,0.0,0.0,2020,,False
165508,2024-11-05,2024,2021,State Representative,Eighteenth Middlesex,18th Middlesex,Lowell,1,1A,,,,No_Incumbent,0.0,False,True,False,2,False,2,1,Tara Thorn Hong,David Michael Ouellette,Unenrolled,0,0,0.0,0,0,0,0,False,True,False,2,0.0,0.0,2020,,False
165508,2024-11-05,2024,2021,State Representative,Eighteenth Middlesex,18th Middlesex,Lowell,4,4A,100.0,,,No_Incumbent,0.0,False,True,False,2,False,2,1,Tara Thorn Hong,David Michael Ouellette,Unenrolled,7,0,0.0,0,0,7,7,False,True,False,2,0.0,0.0,2020,,False
165508,2024-11-05,2024,2021,State Representative,Eighteenth Middlesex,18th Middlesex,Lowell,6,3A,35.714285714285715,,,No_Incumbent,0.0,False,True,False,2,False,2,1,Tara Thorn Hong,David Michael Ouellette,Unenrolled,76,36,0.0,0,0,112,141,False,True,False,2,0.0,0.0,2020,,False
165508,2024-11-05,2024,2021,State Representative,Eighteenth Middlesex,18th Middlesex,Lowell,7,4,62.90322580645162,,,No_Incumbent,0.0,False,True,False,2,False,2,1,Tara Thorn Hong,David Michael Ouellette,Unenrolled,404,92,0.0,0,0,496,595,False,True,False,2,0.0,0.0,2020,,False
165550,2024-11-05,2024,2021,State Representative,Nineteenth Middlesex,19th Middlesex,Tewksbury,-,5,11.253196930946292,12.775842044134727,,Dem_Incumbent,5.99875425231182,False,True,False,3,False,3,1,David Allen Robertson,Paul Sarnowski,Republican,971,751,751.0,0,0,1955,2131,True,True,False,3,0.0,0.0,2020,,False
165550,2024-11-05,2024,2021,State Representative,Nineteenth Middlesex,19th Middlesex,Tewksbury,-,6,7.230046948356811,8.369565217391305,,Dem_Incumbent,5.99875425231182,False,True,False,3,False,3,1,David Allen Robertson,Paul Sarnowski,Republican,997,843,843.0,0,0,2130,2303,True,True,False,3,0.0,0.0,2020,,False
165550,2024-11-05,2024,2021,State Representative,Nineteenth Middlesex,19th Middlesex,Tewksbury,-,8,15.66925536774783,17.836713468538743,,Dem_Incumbent,5.99875425231182,False,True,False,3,False,3,1,David Allen Robertson,Paul Sarnowski,Republican,1133,790,790.0,0,0,2189,2360,True,True,False,3,0.0,0.0,2020,,False
165488,2024-11-05,2024,2021,State Representative,Nineteenth Worcester,19th Worcester,Framingham,-,21A,61.16116116116117,,,Dem_Incumbent,1.9931963010876337,False,True,False,2,False,2,1,Kate Donaghue,Boyd Stewart Conklin,Unenrolled,805,194,0.0,0,0,999,1117,False,True,False,2,0.0,0.0,2020,,False
165488,2024-11-05,2024,2021,State Representative,Nineteenth Worcester,19th Worcester,Westborough,-,6,61.99546485260772,,,Dem_Incumbent,1.9931963010876337,False,True,False,2,False,2,1,Kate Donaghue,Boyd Stewart Conklin,Unenrolled,1786,419,0.0,0,0,2205,2370,False,True,False,2,0.0,0.0,2020,,False
165440,2024-11-05,2024,2021,State Representative,First Barnstable,1st Barnstable,Yarmouth,-,8,5.692307692307691,5.6923076923076925,,Dem_Incumbent,1.9931963010876337,False,True,False,2,False,2,1,Christopher Richard Flanagan,Gerald Joseph O'Connell,Republican,687,613,613.0,0,0,1300,1375,True,True,False,2,0.0,0.0,2020,,False
165486,2024-11-05,2024,2021,State Representative,First Bristol,1st Bristol,Mansfield,-,7,20.8357515960534,20.835751596053395,,No_Incumbent,0.0,False,True,False,2,False,2,1,Kostas Loukos,Michael Chaisson,Republican,1041,682,682.0,0,0,1723,1856,True,True,False,2,0.0,0.0,2020,,False
165361,2024-11-05,2024,2021,State Representative,First Middlesex,1st Middlesex,Lunenburg,-,B1,9.58904109589041,9.58904109589041,,Dem_Incumbent,1.9931963010876337,False,True,False,2,False,2,1,Margaret R. Scarsdale,Lynne E. Archambault,Republican,40,33,33.0,0,0,73,81,True,True,False,2,0.0,0.0,2020,,False
165361,2024-11-05,2024,2021,State Representative,First Middlesex,1st Middlesex,Pepperell,-,4,5.579937304075239,5.579937304075235,,Dem_Incumbent,1.9931963010876337,False,True,False,2,False,2,1,Margaret R. Scarsdale,Lynne E. Archambault,Republican,842,753,753.0,0,0,1595,1655,True,True,False,2,0.0,0.0,2020,,False
165536,2024-11-05,2024,2021,State Representative,First Plymouth,1st Plymouth,Plymouth,-,16,13.039867109634557,13.039867109634551,,No_Incumbent,0.0,False,True,False,2,False,2,1,Michelle L. Badger,Jesse G. Brown,Republican,1361,1047,1047.0,0,0,2408,2530,True,True,False,2,0.0,0.0,2020,,False
165536,2024-11-05,2024,2021,State Representative,First Plymouth,1st Plymouth,Plymouth,-,17,9.61887477313974,9.618874773139746,,No_Incumbent,0.0,False,True,False,2,False,2,1,Michelle L. Badger,Jesse G. Brown,Republican,1510,1245,1245.0,0,0,2755,2896,True,True,False,2,0.0,0.0,2020,,False
165536,2024-11-05,2024,2021,State Representative,First Plymouth,1st Plymouth,Plymouth,-,18,-3.5215946843853816,-3.5215946843853816,,No_Incumbent,0.0,False,True,False,2,False,2,1,Michelle L. Badger,Jesse G. Brown,Republican,726,779,779.0,0,0,1505,1575,True,True,False,2,0.0,0.0,2020,,False
165499,2024-11-05,2024,2021,State Representative,First Worcester,1st Worcester,Holden,-,6,-39.57135389440669,,,GOP_Incumbent,14.009870154760195,False,True,False,2,True,2,0,Anthony L. Ferrante,Kimberly N. Ferguson,Republican,578,1335,1335.0,0,0,1913,2125,False,True,False,2,0.0,0.0,2020,,False
165499,2024-11-05,2024,2021,State Representative,First Worcester,1st Worcester,Westminster,-,2A,-44.988344988344984,,,GOP_Incumbent,14.009870154760195,False,True,False,2,True,2,0,Anthony L. Ferrante,Kimberly N. Ferguson,Republican,118,311,311.0,0,0,429,482,False,True,False,2,0.0,0.0,2020,,False
165499,2024-11-05,2024,2021,State Representative,First Worcester,1st Worcester,Westminster,-,3,-33.42336259284267,,,GOP_Incumbent,14.009870154760195,False,True,False,2,True,2,0,Anthony L. Ferrante,Kimberly N. Ferguson,Republican,493,988,988.0,0,0,1481,1697,False,True,False,2,0.0,0.0,2020,,False
165404,2024-11-05,2024,2021,State Representative,Twenty-Second Middlesex,22nd Middlesex,Billerica,-,12,-20.31602708803612,,,GOP_Incumbent,14.009870154760195,False,True,False,2,True,2,0,"George John Simolaris, Jr",Marc T. Lombardo,Republican,706,1066,1066.0,0,0,1772,1910,False,True,False,2,0.0,0.0,2020,,False
165386,2024-11-05,2024,2021,State Representative,Second Barnstable,2nd Barnstable,Yarmouth,-,8A,14.960629921259837,14.960629921259844,,Dem_Incumbent,4.005557951224187,False,True,False,2,False,2,1,Kip A. Diggs,Susanne H. Conley,Republican,146,108,108.0,0,0,254,269,True,True,False,2,0.0,0.0,2020,,False
165453,2024-11-05,2024,2021,State Representative,Second Plymouth,2nd Plymouth,Middleborough,-,7A,-88.94009216589862,-88.94009216589862,,No_Incumbent,0.0,False,True,False,1,False,2,1,Sarah G. Hewins,John Robert Gaskey,Republican,24,410,410.0,24,24,434,544,True,False,True,2,0.10983082805216572,0.10983082805216572,2020,,False
165359,2024-11-05,2024,2021,State Representative,Second Worcester,2nd Worcester,Ashburnham,-,2,15.180983252296059,15.180983252296057,,Dem_Incumbent,11.99750850462364,False,True,False,2,False,2,1,Jonathan D. Zlotnik,Bruce K. Chester,Republican,1066,785,785.0,0,0,1851,1947,True,True,False,2,0.0,0.0,2020,,False
165545,2024-11-05,2024,2021,State Representative,Fourth Hampden,4th Hampden,Southampton,-,2,-10.710710710710709,-10.71071071071071,,GOP_Incumbent,4.005557951224187,False,True,False,2,False,2,1,Bridget Matthews-Kane,Kelly W. Pease,Republican,892,1106,1106.0,0,0,1998,2083,True,True,False,2,0.0,0.0,2020,,False
165545,2024-11-05,2024,2021,State Representative,Fourth Hampden,4th Hampden,Westfield,6,B1,-38.46153846153846,-38.46153846153847,,GOP_Incumbent,4.005557951224187,False,True,False,2,False,2,1,Bridget Matthews-Kane,Kelly W. Pease,Republican,24,54,54.0,0,0,78,82,True,True,False,2,0.0,0.0,2020,,False
165385,2024-11-05,2024,2021,State Representative,Fifth Barnstable,5th Barnstable,Bourne,-,5A,-32.121212121212125,-32.121212121212125,,GOP_Incumbent,4.005557951224187,False,True,False,2,False,2,1,Owen G. Fletcher,Steven G. Xiarhos,Republican,112,218,218.0,0,0,330,350,True,True,False,2,0.0,0.0,2020,,False
165469,2024-11-05,2024,2021,State Representative,Fifth Bristol,5th Bristol,Dighton,-,3,-14.925373134328357,-14.925373134328357,,Dem_Incumbent,23.99501700924728,False,True,False,2,False,2,1,Patricia A. Haddad,Justin Thurber,Republican,627,847,847.0,0,0,1474,1576,True,True,False,2,0.0,0.0,2020,,False
165469,2024-11-05,2024,2021,State Representative,Fifth Bristol,5th Bristol,Taunton,1,A1,47.05882352941177,47.05882352941176,,Dem_Incumbent,23.99501700924728,False,True,False,2,False,2,1,Patricia A. Haddad,Justin Thurber,Republican,50,18,18.0,0,0,68,82,True,True,False,2,0.0,0.0,2020,,False
165469,2024-11-05,2024,2021,State Representative,Fifth Bristol,5th Bristol,Taunton,4,B1,-22.580645161290324,-22.58064516129032,,Dem_Incumbent,23.99501700924728,False,True,False,2,False,2,1,Patricia A. Haddad,Justin Thurber,Republican,12,19,19.0,0,0,31,37,True,True,False,2,0.0,0.0,2020,,False
165474,2024-11-05,2024,2021,State Representative,Sixth Plymouth,6th Plymouth,Marshfield,-,2A,17.34317343173432,17.343173431734318,,No_Incumbent,0.0,False,True,False,2,False,2,1,Rebecca W. Coletta,Kenneth Peter Sweezey,Republican,159,112,112.0,0,0,271,289,True,True,False,2,0.0,0.0,2020,,False
165474,2024-11-05,2024,2021,State Representative,Sixth Plymouth,6th Plymouth,Pembroke,-,3A,55.55555555555556,55.55555555555556,,No_Incumbent,0.0,False,True,False,2,False,2,1,Rebecca W. Coletta,Kenneth Peter Sweezey,Republican,14,4,4.0,0,0,18,18,True,True,False,2,0.0,0.0,2020,,False
165454,2024-11-05,2024,2021,State Representative,Sixth Worcester,6th Worcester,Charlton,-,4A,-34.54545454545455,-34.54545454545455,,GOP_Incumbent,0.6707872167121844,False,True,False,2,False,2,1,Jeanne Renaud Costello,"John J. Marsi, Jr",Republican,18,37,37.0,0,0,55,55,True,True,False,2,0.0,0.0,2020,,False
165454,2024-11-05,2024,2021,State Representative,Sixth Worcester,6th Worcester,Dudley,-,4,-44.38502673796791,-44.38502673796791,,GOP_Incumbent,0.6707872167121844,False,True,False,2,False,2,1,Jeanne Renaud Costello,"John J. Marsi, Jr",Republican,468,1215,1215.0,0,0,1683,1744,True,True,False,2,0.0,0.0,2020,,False
165377,2024-11-05,2024,2021,State Representative,Seventh Worcester,7th Worcester,Oxford,-,4A,-46.666666666666664,,,GOP_Incumbent,28.000574960471468,False,True,False,2,True,2,0,Terry Burke Dotson,Paul K. Frost,Republican,8,22,22.0,0,0,30,32,False,True,False,2,0.0,0.0,2020,,False
165317,2024-11-05,2024,2021,State Representative,Eighth Bristol,8th Bristol,New Bedford,1,B1,8.421052631578945,14.285714285714285,,No_Incumbent,0.0,False,True,False,5,False,5,1,Steven J. Ouellette,Christopher Thrasher,Republican,32,24,24.0,0,0,95,104,True,True,False,5,0.0,0.0,2020,,False
165441,2024-11-05,2024,2021,State Representative,Eighth Plymouth,8th Plymouth,Bridgewater,-,8,18.66840731070496,18.66840731070496,,No_Incumbent,0.0,False,True,False,2,False,2,1,Dennis C. Gallagher,Sandra M. Wright,Republican,909,623,623.0,0,0,1532,1659,True,True,False,2,0.0,0.0,2020,,False
165441,2024-11-05,2024,2021,State Representative,Eighth Plymouth,8th Plymouth,Bridgewater,-,9,-0.46177526936890256,-0.46177526936890717,,No_Incumbent,0.0,False,True,False,2,False,2,1,Dennis C. Gallagher,Sandra M. Wright,Republican,970,979,979.0,0,0,1949,2086,True,True,False,2,0.0,0.0,2020,,False
165441,2024-11-05,2024,2021,State Representative,Eighth Plymouth,8th Plymouth,Raynham,-,4A,-31.034482758620683,-31.03448275862069,,No_Incumbent,0.0,False,True,False,2,False,2,1,Dennis C. Gallagher,Sandra M. Wright,Republican,20,38,38.0,0,0,58,61,True,True,False,2,0.0,0.0,2020,,False
165551,2024-11-05,2024,2021,State Representative,Ninth Middlesex,9th Middlesex,Waltham,6,2A,46.7741935483871,50.28901734104046,,Dem_Incumbent,23.99501700924728,False,True,False,3,False,3,1,Thomas M. Stanley,Carly Marie Downs,Republican,130,43,43.0,0,0,186,210,True,True,False,3,0.0,0.0,2020,,False
165551,2024-11-05,2024,2021,State Representative,Ninth Middlesex,9th Middlesex,Waltham,8,2A,64.70588235294117,64.70588235294117,,Dem_Incumbent,23.99501700924728,False,True,False,3,False,3,1,Thomas M. Stanley,Carly Marie Downs,Republican,14,3,3.0,0,0,17,17,True,True,False,3,0.0,0.0,2020,,False
165522,2024-11-05,2024,2021,State Representative,Ninth Norfolk,9th Norfolk,Norfolk,-,4,3.780821917808219,3.780821917808219,,GOP_Incumbent,1.9931963010876337,False,True,False,2,False,2,1,Kevin Kalkut,Marcus S. Vaughn,Republican,947,878,878.0,0,0,1825,1883,True,True,False,2,0.0,0.0,2020,,False
165522,2024-11-05,2024,2021,State Representative,Ninth Norfolk,9th Norfolk,Wrentham,-,4,-32.38866396761133,-32.388663967611336,,GOP_Incumbent,1.9931963010876337,False,True,False,2,False,2,1,Kevin Kalkut,Marcus S. Vaughn,Republican,668,1308,1308.0,0,0,1976,2046,True,True,False,2,0.0,0.0,2020,,False
165444,2024-11-05,2024,2021,State Representative,Ninth Plymouth,9th Plymouth,Easton,-,7,21.02071753410813,26.598465473145783,,No_Incumbent,0.0,False,True,False,3,False,3,1,Bridget M. Plouffe,Lawrence Peter Novak,Republican,990,574,574.0,0,0,1979,2149,True,True,False,3,0.0,0.0,2020,,False
165421,2024-11-05,2024,2021,State Representative,Ninth Suffolk,9th Suffolk,Boston,3,16,75.48188126445643,75.48188126445645,,Dem_Incumbent,1.4374011786689667,False,True,False,2,False,2,1,John Francis Moran,Roy A. Owens,Republican,1138,159,159.0,0,0,1297,1454,True,True,False,2,0.0,0.0,2020,,False
165421,2024-11-05,2024,2021,State Representative,Ninth Suffolk,9th Suffolk,Boston,8,6A,,,,Dem_Incumbent,1.4374011786689667,False,True,False,2,False,2,1,John Francis Moran,Roy A. Owens,Republican,0,0,0.0,0,0,0,0,True,True,False,2,0.0,0.0,2020,,False
165421,2024-11-05,2024,2021,State Representative,Ninth Suffolk,9th Suffolk,Boston,9,6,70.26178010471205,70.26178010471205,,Dem_Incumbent,1.4374011786689667,False,True,False,2,False,2,1,John Francis Moran,Roy A. Owens,Republican,813,142,142.0,0,0,955,1077,True,True,False,2,0.0,0.0,2020,,False
165473,2024-11-05,2024,2021,State Senate,First Middlesex,1st Middlesex,Dracut,-,6A,31.645569620253163,31.645569620253166,,Dem_Incumbent,5.99875425231182,False,True,False,2,False,2,1,"Edward J. Kennedy, Jr",Karla J. Miller,Republican,52,27,27.0,0,0,79,82,True,True,False,2,0.0,0.0,2020,,False
165473,2024-11-05,2024,2021,State Senate,First Middlesex,1st Middlesex,Lowell,1,1A,,,,Dem_Incumbent,5.99875425231182,False,True,False,2,False,2,1,"Edward J. Kennedy, Jr",Karla J. Miller,Republican,0,0,0.0,0,0,0,0,True,True,False,2,0.0,0.0,2020,,False
165473,2024-11-05,2024,2021,State Senate,First Middlesex,1st Middlesex,Lowell,1,4,23.177366702937974,23.177366702937977,,Dem_Incumbent,5.99875425231182,False,True,False,2,False,2,1,"Edward J. Kennedy, Jr",Karla J. Miller,Republican,566,353,353.0,0,0,919,1013,True,True,False,2,0.0,0.0,2020,,False
165473,2024-11-05,2024,2021,State Senate,First Middlesex,1st Middlesex,Lowell,4,4A,71.42857142857142,71.42857142857143,,Dem_Incumbent,5.99875425231182,False,True,False,2,False,2,1,"Edward J. Kennedy, Jr",Karla J. Miller,Republican,6,1,1.0,0,0,7,7,True,True,False,2,0.0,0.0,2020,,False
165473,2024-11-05,2024,2021,State Senate,First Middlesex,1st Middlesex,Lowell,6,3A,26.050420168067223,26.05042016806723,,Dem_Incumbent,5.99875425231182,False,True,False,2,False,2,1,"Edward J. Kennedy, Jr",Karla J. Miller,Republican,75,44,44.0,0,0,119,141,True,True,False,2,0.0,0.0,2020,,False
165473,2024-11-05,2024,2021,State Senate,First Middlesex,1st Middlesex,Lowell,7,4,51.39442231075697,51.39442231075697,,Dem_Incumbent,5.99875425231182,False,True,False,2,False,2,1,"Edward J. Kennedy, Jr",Karla J. Miller,Republican,380,122,122.0,0,0,502,595,True,True,False,2,0.0,0.0,2020,,False
165473,2024-11-05,2024,2021,State Senate,First Middlesex,1st Middlesex,Pepperell,-,4,19.999999999999996,20.0,,Dem_Incumbent,5.99875425231182,False,True,False,2,False,2,1,"Edward J. Kennedy, Jr",Karla J. Miller,Republican,930,620,620.0,0,0,1550,1655,True,True,False,2,0.0,0.0,2020,,False
165402,2024-11-05,2024,2021,State Senate,Second Essex,2nd Essex,Peabody,4,3A,58.39311334289814,58.39311334289814,,Dem_Incumbent,11.99750850462364,False,True,False,2,False,2,1,Joan B. Lovely,Damian Mitchell Anketell,Republican,1104,290,290.0,0,0,1394,1519,True,True,False,2,0.0,0.0,2020,,False
165434,2024-11-05,2024,2021,State Senate,Third Suffolk,3rd Suffolk,Boston,3,10,55.24578136463683,55.24578136463683,,Dem_Incumbent,1.9931963010876337,False,True,False,2,False,2,1,Lydia Marie Edwards,Jeannamarie Tamas,Republican,1058,305,305.0,0,0,1363,1469,True,True,False,2,0.0,0.0,2020,,False
165434,2024-11-05,2024,2021,State Senate,Third Suffolk,3rd Suffolk,Boston,3,11,47.8515625,47.8515625,,Dem_Incumbent,1.9931963010876337,False,True,False,2,False,2,1,Lydia Marie Edwards,Jeannamarie Tamas,Republican,757,267,267.0,0,0,1024,1116,True,True,False,2,0.0,0.0,2020,,False
165434,2024-11-05,2024,2021,State Senate,Third Suffolk,3rd Suffolk,Boston,3,12,59.14742451154529,59.14742451154529,,Dem_Incumbent,1.9931963010876337,False,True,False,2,False,2,1,Lydia Marie Edwards,Jeannamarie Tamas,Republican,896,230,230.0,0,0,1126,1280,True,True,False,2,0.0,0.0,2020,,False
165434,2024-11-05,2024,2021,State Senate,Third Suffolk,3rd Suffolk,Boston,3,13,38.800489596083224,38.80048959608323,,Dem_Incumbent,1.9931963010876337,False,True,False,2,False,2,1,Lydia Marie Edwards,Jeannamarie Tamas,Republican,567,250,250.0,0,0,817,920,True,True,False,2,0.0,0.0,2020,,False
165434,2024-11-05,2024,2021,State Senate,Third Suffolk,3rd Suffolk,Boston,3,17,60.62424969987996,60.624249699879954,,Dem_Incumbent,1.9931963010876337,False,True,False,2,False,2,1,Lydia Marie Edwards,Jeannamarie Tamas,Republican,669,164,164.0,0,0,833,918,True,True,False,2,0.0,0.0,2020,,False
165434,2024-11-05,2024,2021,State Senate,Third Suffolk,3rd Suffolk,Boston,3,9,60.315374507227325,60.31537450722734,,Dem_Incumbent,1.9931963010876337,False,True,False,2,False,2,1,Lydia Marie Edwards,Jeannamarie Tamas,Republican,610,151,151.0,0,0,761,850,True,True,False,2,0.0,0.0,2020,,False
165434,2024-11-05,2024,2021,State Senate,Third Suffolk,3rd Suffolk,Revere,5,1A,30.95684803001876,30.95684803001876,,Dem_Incumbent,1.9931963010876337,False,True,False,2,False,2,1,Lydia Marie Edwards,Jeannamarie Tamas,Republican,349,184,184.0,0,0,533,643,True,True,False,2,0.0,0.0,2020,,True
165376,2024-11-05,2024,2021,State Senate,Bristol and Norfolk,Bristol and Norfolk,Canton,-,7,61.224489795918366,,,Dem_Incumbent,7.052848450002396,False,True,False,2,False,2,1,Paul R. Feeney,Laura L. Saylor,Workers Party,1422,342,0.0,0,0,1764,2140,False,True,False,2,0.0,0.0,2020,,False
165376,2024-11-05,2024,2021,State Senate,Bristol and Norfolk,Bristol and Norfolk,Mansfield,-,2A,40.08097165991902,,,Dem_Incumbent,7.052848450002396,False,True,False,2,False,2,1,Paul R. Feeney,Laura L. Saylor,Workers Party,346,148,0.0,0,0,494,604,False,True,False,2,0.0,0.0,2020,,False
165376,2024-11-05,2024,2021,State Senate,Bristol and Norfolk,Bristol and Norfolk,Mansfield,-,6A,46.596858638743456,,,Dem_Incumbent,7.052848450002396,False,True,False,2,False,2,1,Paul R. Feeney,Laura L. Saylor,Workers Party,140,51,0.0,0,0,191,235,False,True,False,2,0.0,0.0,2020,,False
165376,2024-11-05,2024,2021,State Senate,Bristol and Norfolk,Bristol and Norfolk,Mansfield,-,7,40.82687338501292,,,Dem_Incumbent,7.052848450002396,False,True,False,2,False,2,1,Paul R. Feeney,Laura L. Saylor,Workers Party,1090,458,0.0,0,0,1548,1856,False,True,False,2,0.0,0.0,2020,,False
165352,2024-11-05,2024,2021,State Senate,Cape and Islands,Cape and Islands,Chatham,-,2,18.513689700130374,18.717047451669597,,Dem_Incumbent,7.991950553399454,False,True,False,3,False,3,1,Julian Andre Cyr,Christopher Robert Lauzon,Republican,1351,925,925.0,0,0,2301,2419,True,True,False,3,0.0,0.0,2020,,False
165352,2024-11-05,2024,2021,State Senate,Cape and Islands,Cape and Islands,Orleans,-,2,26.89804772234273,27.336860670194003,,Dem_Incumbent,7.991950553399454,False,True,False,3,False,3,1,Julian Andre Cyr,Christopher Robert Lauzon,Republican,1444,824,824.0,0,0,2305,2419,True,True,False,3,0.0,0.0,2020,,False
165352,2024-11-05,2024,2021,State Senate,Cape and Islands,Cape and Islands,Yarmouth,-,8,7.960576194086433,8.120649651972158,,Dem_Incumbent,7.991950553399454,False,True,False,3,False,3,1,Julian Andre Cyr,Christopher Robert Lauzon,Republican,699,594,594.0,0,0,1319,1375,True,True,False,3,0.0,0.0,2020,,False
165352,2024-11-05,2024,2021,State Senate,Cape and Islands,Cape and Islands,Yarmouth,-,8A,3.90625,3.937007874015748,,Dem_Incumbent,7.991950553399454,False,True,False,3,False,3,1,Julian Andre Cyr,Christopher Robert Lauzon,Republican,132,122,122.0,0,0,256,269,True,True,False,3,0.0,0.0,2020,,False
165395,2024-11-05,2024,2021,State Senate,"Norfolk, Worcester & Middlesex","Norfolk, Worcester & Middlesex",Franklin,-,9,15.550239234449759,15.550239234449762,,Dem_Incumbent,1.9931963010876337,False,True,False,2,False,2,1,Rebecca L. Rausch,Dashe M. Videira,Republican,966,706,706.0,0,0,1672,1820,True,True,False,2,0.0,0.0,2020,,False
165395,2024-11-05,2024,2021,State Senate,"Norfolk, Worcester & Middlesex","Norfolk, Worcester & Middlesex",Norfolk,-,4,7.344632768361587,7.344632768361582,,Dem_Incumbent,1.9931963010876337,False,True,False,2,False,2,1,Rebecca L. Rausch,Dashe M. Videira,Republican,950,820,820.0,0,0,1770,1883,True,True,False,2,0.0,0.0,2020,,False
165395,2024-11-05,2024,2021,State Senate,"Norfolk, Worcester & Middlesex","Norfolk, Worcester & Middlesex",Wrentham,-,4,-5.711318795430942,-5.711318795430945,,Dem_Incumbent,1.9931963010876337,False,True,False,2,False,2,1,Rebecca L. Rausch,Dashe M. Videira,Republican,908,1018,1018.0,0,0,1926,2046,True,True,False,2,0.0,0.0,2020,,False
165436,2024-11-05,2024,2021,State Senate,Plymouth and Barnstable,Plymouth and Barnstable,Bourne,-,5A,2.4999999999999964,2.5,,No_Incumbent,0.0,False,True,False,2,False,2,1,Dylan A. Fernandes,Mathew J. Muratore,Republican,164,156,156.0,0,0,320,350,True,True,False,2,0.0,0.0,2020,,False
165436,2024-11-05,2024,2021,State Senate,Plymouth and Barnstable,Plymouth and Barnstable,Pembroke,-,3A,52.941176470588225,52.94117647058824,,No_Incumbent,0.0,False,True,False,2,False,2,1,Dylan A. Fernandes,Mathew J. Muratore,Republican,13,4,4.0,0,0,17,18,True,True,False,2,0.0,0.0,2020,,False
165436,2024-11-05,2024,2021,State Senate,Plymouth and Barnstable,Plymouth and Barnstable,Plymouth,-,16,-2.722772277227725,-2.722772277227723,,No_Incumbent,0.0,False,True,False,2,False,2,1,Dylan A. Fernandes,Mathew J. Muratore,Republican,1179,1245,1245.0,0,0,2424,2530,True,True,False,2,0.0,0.0,2020,,False
165436,2024-11-05,2024,2021,State Senate,Plymouth and Barnstable,Plymouth and Barnstable,Plymouth,-,17,-3.6637931034482705,-3.6637931034482754,,No_Incumbent,0.0,False,True,False,2,False,2,1,Dylan A. Fernandes,Mathew J. Muratore,Republican,1341,1443,1443.0,0,0,2784,2896,True,True,False,2,0.0,0.0,2020,,False
165436,2024-11-05,2024,2021,State Senate,Plymouth and Barnstable,Plymouth and Barnstable,Plymouth,-,18,-25.115970841616964,-25.115970841616964,,No_Incumbent,0.0,False,True,False,2,False,2,1,Dylan A. Fernandes,Mathew J. Muratore,Republican,565,944,944.0,0,0,1509,1575,True,True,False,2,0.0,0.0,2020,,False
165398,2024-11-05,2024,2021,State Senate,Third Bristol & Plymouth,Third Bristol & Plymouth,Dighton,-,3,-11.459754433833558,-11.982881597717546,,No_Incumbent,0.0,False,True,False,3,False,3,1,Joseph Richard Pacheco,Kelly A. Dooner,Republican,617,785,785.0,0,0,1466,1576,True,True,False,3,0.0,0.0,2020,,False
165398,2024-11-05,2024,2021,State Senate,Third Bristol & Plymouth,Third Bristol & Plymouth,Middleborough,-,5A,-20.054200542005418,-21.26436781609195,,No_Incumbent,0.0,False,True,False,3,False,3,1,Joseph Richard Pacheco,Kelly A. Dooner,Republican,137,211,211.0,0,0,369,414,True,True,False,3,0.0,0.0,2020,,False
165398,2024-11-05,2024,2021,State Senate,Third Bristol & Plymouth,Third Bristol & Plymouth,Middleborough,-,7,-11.471861471861471,-12.296983758700696,,No_Incumbent,0.0,False,True,False,3,False,3,1,Joseph Richard Pacheco,Kelly A. Dooner,Republican,567,726,726.0,0,0,1386,1480,True,True,False,3,0.0,0.0,2020,,False
165398,2024-11-05,2024,2021,State Senate,Third Bristol & Plymouth,Third Bristol & Plymouth,Middleborough,-,7A,-31.506849315068497,-32.92433537832311,,No_Incumbent,0.0,False,True,False,3,False,3,1,Joseph Richard Pacheco,Kelly A. Dooner,Republican,164,325,325.0,0,0,511,544,True,True,False,3,0.0,0.0,2020,,False
165398,2024-11-05,2024,2021,State Senate,Third Bristol & Plymouth,Third Bristol & Plymouth,Raynham,-,4A,-13.559322033898308,-16.0,,No_Incumbent,0.0,False,True,False,3,False,3,1,Joseph Richard Pacheco,Kelly A. Dooner,Republican,21,29,29.0,0,0,59,61,True,True,False,3,0.0,0.0,2020,,False
165398,2024-11-05,2024,2021,State Senate,Third Bristol & Plymouth,Third Bristol & Plymouth,Rehoboth,-,4,-18.410462776659962,-19.022869022869024,,No_Incumbent,0.0,False,True,False,3,False,3,1,Joseph Richard Pacheco,Kelly A. Dooner,Republican,779,1145,1145.0,0,0,1988,2162,True,True,False,3,0.0,0.0,2020,,False
165398,2024-11-05,2024,2021,State Senate,Third Bristol & Plymouth,Third Bristol & Plymouth,Taunton,1,A1,39.189189189189186,39.726027397260275,,No_Incumbent,0.0,False,True,False,3,False,3,1,Joseph Richard Pacheco,Kelly A. Dooner,Republican,51,22,22.0,0,0,74,82,True,True,False,3,0.0,0.0,2020,,False
165398,2024-11-05,2024,2021,State Senate,Third Bristol & Plymouth,Third Bristol & Plymouth,Taunton,4,B1,-12.121212121212116,-12.5,,No_Incumbent,0.0,False,True,False,3,False,3,1,Joseph Richard Pacheco,Kelly A. Dooner,Republican,14,18,18.0,0,0,33,37,True,True,False,3,0.0,0.0,2020,,False
165405,2024-11-05,2024,2021,State Senate,Worcester & Hampden,Worcester & Hampden,Charlton,-,4A,-45.45454545454546,-45.45454545454545,,GOP_Incumbent,1.9931963010876337,False,True,False,2,False,2,1,Anthony Jm Allard,Ryan C. Fattman,Republican,15,40,40.0,0,0,55,55,True,True,False,2,0.0,0.0,2020,,False
165405,2024-11-05,2024,2021,State Senate,Worcester & Hampden,Worcester & Hampden,Dudley,-,4,-40.9307875894988,-40.930787589498806,,GOP_Incumbent,1.9931963010876337,False,True,False,2,False,2,1,Anthony Jm Allard,Ryan C. Fattman,Republican,495,1181,1181.0,0,0,1676,1744,True,True,False,2,0.0,0.0,2020,,False
165405,2024-11-05,2024,2021,State Senate,Worcester & Hampden,Worcester & Hampden,Mendon,-,2,-29.83706720977597,-29.83706720977597,,GOP_Incumbent,1.9931963010876337,False,True,False,2,False,2,1,Anthony Jm Allard,Ryan C. Fattman,Republican,689,1275,1275.0,0,0,1964,2092,True,True,False,2,0.0,0.0,2020,,False
165405,2024-11-05,2024,2021,State Senate,Worcester & Hampden,Worcester & Hampden,Northbridge,-,5,-41.86550976138828,-41.86550976138829,,GOP_Incumbent,1.9931963010876337,False,True,False,2,False,2,1,Anthony Jm Allard,Ryan C. Fattman,Republican,536,1308,1308.0,0,0,1844,1923,True,True,False,2,0.0,0.0,2020,,False
165405,2024-11-05,2024,2021,State Senate,Worcester & Hampden,Worcester & Hampden,Oxford,-,4A,-66.66666666666667,-66.66666666666666,,GOP_Incumbent,1.9931963010876337,False,True,False,2,False,2,1,Anthony Jm Allard,Ryan C. Fattman,Republican,5,25,25.0,0,0,30,32,True,True,False,2,0.0,0.0,2020,,False
165405,2024-11-05,2024,2021,State Senate,Worcester & Hampden,Worcester & Hampden,Upton,-,3,-19.322459222082806,-19.32245922208281,,GOP_Incumbent,1.9931963010876337,False,True,False,2,False,2,1,Anthony Jm Allard,Ryan C. Fattman,Republican,643,951,951.0,0,0,1594,1688,True,True,False,2,0.0,0.0,2020,,False
165405,2024-11-05,2024,2021,State Senate,Worcester & Hampden,Worcester & Hampden,Uxbridge,-,1A,-8.333333333333332,-8.333333333333332,,GOP_Incumbent,1.9931963010876337,False,True,False,2,False,2,1,Anthony Jm Allard,Ryan C. Fattman,Republican,55,65,65.0,0,0,120,124,True,True,False,2,0.0,0.0,2020,,False
165405,2024-11-05,2024,2021,State Senate,Worcester & Hampden,Worcester & Hampden,Webster,-,1A,-30.91684434968017,-30.916844349680172,,GOP_Incumbent,1.9931963010876337,False,True,False,2,False,2,1,Anthony Jm Allard,Ryan C. Fattman,Republican,162,307,307.0,0,0,469,487,True,True,False,2,0.0,0.0,2020,,False
165388,2024-11-05,2024,2021,State Senate,Worcester & Hampshire,Worcester & Hampshire,Holden,-,6,-6.891422905304911,-6.891422905304909,,GOP_Incumbent,0.9965981505438168,False,True,False,2,False,2,1,Sheila H. Dibb,Peter J. Durant,Republican,939,1078,1078.0,0,0,2017,2125,True,True,False,2,0.0,0.0,2020,,False
165388,2024-11-05,2024,2021,State Senate,Worcester & Hampshire,Worcester & Hampshire,Westminster,-,2A,-21.83406113537118,-21.83406113537118,,GOP_Incumbent,0.9965981505438168,False,True,False,2,False,2,1,Sheila H. Dibb,Peter J. Durant,Republican,179,279,279.0,0,0,458,482,True,True,False,2,0.0,0.0,2020,,False
165388,2024-11-05,2024,2021,State Senate,Worcester & Hampshire,Worcester & Hampshire,Westminster,-,3,-13.749999999999996,-13.750000000000002,,GOP_Incumbent,0.9965981505438168,False,True,False,2,False,2,1,Sheila H. Dibb,Peter J. Durant,Republican,690,910,910.0,0,0,1600,1697,True,True,False,2,0.0,0.0,2020,,False
165388,2024-11-05,2024,2021,State Senate,Worcester & Hampshire,Worcester & Hampshire,Worcester,7,6,6.25,6.25,,GOP_Incumbent,0.9965981505438168,False,True,False,2,False,2,1,Sheila H. Dibb,Peter J. Durant,Republican,663,585,585.0,0,0,1248,1318,True,True,False,2,0.0,0.0,2020,,False
165362,2024-11-05,2024,2021,State Senate,Worcester and Middlesex,Worcester and Middlesex,Lunenburg,-,B1,10.256410256410259,10.256410256410255,,Dem_Incumbent,4.005557951224187,False,True,False,2,False,2,1,John J. Cronin,"Nicholas A. Pirro, III",Republican,43,35,35.0,0,0,78,81,True,True,False,2,0.0,0.0,2020,,False
165362,2024-11-05,2024,2021,State Senate,Worcester and Middlesex,Worcester and Middlesex,Lunenburg,-,C1,23.076923076923077,23.076923076923077,,Dem_Incumbent,4.005557951224187,False,True,False,2,False,2,1,John J. Cronin,"Nicholas A. Pirro, III",Republican,8,5,5.0,0,0,13,13,True,True,False,2,0.0,0.0,2020,,False
165362,2024-11-05,2024,2021,State Senate,Worcester and Middlesex,Worcester and Middlesex,Westford,-,7,36.073059360730596,36.07305936073059,,Dem_Incumbent,4.005557951224187,False,True,False,2,False,2,1,John J. Cronin,"Nicholas A. Pirro, III",Republican,1490,700,700.0,0,0,2190,2324,True,True,False,2,0.0,0.0,2020,,False
