variant,parameter,mean,sd,eti89_lb,eti89_ub,fold,definition
baseline,sigma,14.026104,0.707689,12.956132,15.233554,2014,current
baseline,Intercept,-5.738214,2.319496,-9.477105,-2.053876,2014,current
baseline,PVI_N,1.748639,0.121322,1.557669,1.942073,2014,current
baseline,incumbent_dem,10.817023,2.318028,7.095062,14.484266,2014,current
baseline,incumbent_gop,-23.272878,4.017385,-29.781491,-16.86012,2014,current
baseline,pres_elec,13.338208,2.204817,9.813955,16.84753,2014,current
baseline,sigma,14.348298,0.603127,13.431302,15.347762,2015,current
baseline,Intercept,-5.296248,1.900718,-8.308998,-2.281584,2015,current
baseline,PVI_N,1.73874,0.095083,1.586238,1.891076,2015,current
baseline,incumbent_dem,13.22905,1.975242,10.050038,16.391168,2015,current
baseline,incumbent_gop,-20.943723,3.165258,-26.031022,-15.846263,2015,current
baseline,pres_elec,11.010171,1.990603,7.795211,14.167106,2015,current
baseline,sigma,14.622291,0.611921,13.677517,15.637418,2016,current
baseline,Intercept,-4.762705,1.868991,-7.715618,-1.756727,2016,current
baseline,PVI_N,1.759137,0.094499,1.610208,1.91013,2016,current
baseline,incumbent_dem,12.553869,1.957379,9.431734,15.719038,2016,current
baseline,incumbent_gop,-21.399729,3.192148,-26.464413,-16.310975,2016,current
baseline,pres_elec,10.783737,2.006593,7.598504,13.974551,2016,current
baseline,sigma,14.403344,0.541678,13.550466,15.277559,2017,current
baseline,Intercept,-3.651823,1.71877,-6.44264,-0.91354,2017,current
baseline,PVI_N,1.631883,0.084307,1.497876,1.76675,2017,current
baseline,incumbent_dem,12.941123,1.81785,10.018661,15.846691,2017,current
baseline,incumbent_gop,-23.473952,2.681164,-27.838319,-19.243328,2017,current
baseline,pres_elec,10.807297,1.638001,8.193732,13.43243,2017,current
baseline,sigma,14.761421,0.557934,13.898459,15.672242,2018,current
baseline,Intercept,-2.842414,1.741196,-5.624709,-0.064041,2018,current
baseline,PVI_N,1.645051,0.08516,1.505983,1.780128,2018,current
baseline,incumbent_dem,12.070318,1.798608,9.230748,14.95654,2018,current
baseline,incumbent_gop,-24.157938,2.675906,-28.42045,-19.874111,2018,current
baseline,pres_elec,10.564645,1.695557,7.872525,13.303405,2018,current
baseline,sigma,15.326875,0.511881,14.527812,16.177917,2020,current
baseline,Intercept,0.273321,1.633914,-2.365826,2.880457,2020,current
baseline,PVI_N,1.621487,0.081904,1.492187,1.753469,2020,current
baseline,incumbent_dem,11.509917,1.766432,8.694359,14.318844,2020,current
baseline,incumbent_gop,-22.467214,2.38477,-26.334265,-18.653572,2020,current
baseline,pres_elec,7.500138,1.635525,4.856092,10.12186,2020,current
baseline,sigma,15.020843,0.46883,14.297336,15.794385,2021,current
baseline,Intercept,1.132406,1.496209,-1.232316,3.518191,2021,current
baseline,PVI_N,1.624119,0.076711,1.502881,1.74548,2021,current
baseline,incumbent_dem,10.675672,1.628394,8.063947,13.292589,2021,current
baseline,incumbent_gop,-22.908187,2.136679,-26.302022,-19.562279,2021,current
baseline,pres_elec,7.362106,1.453203,5.057773,9.674234,2021,current
baseline,sigma,15.045853,0.486046,14.294752,15.840048,2022,current
baseline,Intercept,1.31398,1.493975,-1.063918,3.672083,2022,current
baseline,PVI_N,1.625753,0.075901,1.503591,1.746492,2022,current
baseline,incumbent_dem,10.481416,1.624055,7.886362,13.052869,2022,current
baseline,incumbent_gop,-23.11644,2.162837,-26.543517,-19.580723,2022,current
baseline,pres_elec,7.329298,1.454625,5.022679,9.671936,2022,current
baseline,sigma,14.834448,0.444837,14.147644,15.568792,2023,current
baseline,Intercept,1.542657,1.388573,-0.647219,3.755514,2023,current
baseline,PVI_N,1.654074,0.071253,1.542516,1.767681,2023,current
baseline,incumbent_dem,10.060362,1.484159,7.659491,12.458117,2023,current
baseline,incumbent_gop,-23.382393,1.974887,-26.53154,-20.2359,2023,current
baseline,pres_elec,7.200678,1.370206,4.975484,9.3706,2023,current
baseline,sigma,14.825076,0.449088,14.109617,15.561787,2024,current
baseline,Intercept,1.433499,1.37923,-0.758761,3.624167,2024,current
baseline,PVI_N,1.655743,0.072589,1.539129,1.771466,2024,current
baseline,incumbent_dem,10.131426,1.467931,7.790082,12.492476,2024,current
baseline,incumbent_gop,-23.325013,1.970928,-26.459735,-20.131226,2024,current
baseline,pres_elec,7.251127,1.369309,5.08555,9.454142,2024,current
baseline_special,sigma,14.046609,0.722009,12.959365,15.235917,2014,current
baseline_special,Intercept,-6.227695,2.463132,-10.169486,-2.297,2014,current
baseline_special,PVI_N,1.729079,0.125892,1.53204,1.933769,2014,current
baseline_special,incumbent_dem,11.392434,2.468531,7.440339,15.280395,2014,current
baseline_special,incumbent_gop,-23.141498,3.935169,-29.47759,-16.851092,2014,current
baseline_special,pres_elec,13.637207,2.195109,10.145758,17.177958,2014,current
baseline_special,is_special,2.920139,4.605428,-4.45018,10.25153,2014,current
baseline_special,sigma,14.354776,0.610576,13.4049,15.366124,2015,current
baseline_special,Intercept,-5.728624,2.003806,-8.940847,-2.525464,2015,current
baseline_special,PVI_N,1.729883,0.094196,1.579796,1.88145,2015,current
baseline_special,incumbent_dem,13.726074,2.082269,10.41835,17.061397,2015,current
baseline_special,incumbent_gop,-20.633515,3.184432,-25.715124,-15.497757,2015,current
baseline_special,pres_elec,11.157493,2.005542,7.906874,14.336397,2015,current
baseline_special,is_special,2.217526,3.983984,-4.148025,8.540367,2015,current
baseline_special,sigma,14.593681,0.597778,13.666793,15.576689,2016,current
baseline_special,Intercept,-5.722595,2.040821,-8.988075,-2.490974,2016,current
baseline_special,PVI_N,1.740595,0.096931,1.586041,1.893426,2016,current
baseline_special,incumbent_dem,13.621423,2.113546,10.282801,17.038101,2016,current
baseline_special,incumbent_gop,-20.703978,3.242074,-25.794477,-15.490515,2016,current
baseline_special,pres_elec,11.130649,2.035023,7.861113,14.357823,2016,current
baseline_special,is_special,4.718882,3.741539,-1.314045,10.759713,2016,current
baseline_special,sigma,14.376196,0.539427,13.540023,15.267543,2017,current
baseline_special,Intercept,-4.862133,1.892523,-7.871974,-1.886128,2017,current
baseline_special,PVI_N,1.616566,0.084699,1.482801,1.752114,2017,current
baseline_special,incumbent_dem,14.137234,1.945444,11.026903,17.257847,2017,current
baseline_special,incumbent_gop,-22.686677,2.727457,-26.995665,-18.349834,2017,current
baseline_special,pres_elec,11.272191,1.659797,8.5654,13.925146,2017,current
baseline_special,is_special,5.332796,3.441265,-0.120172,10.761251,2017,current
baseline_special,sigma,14.676524,0.555701,13.818632,15.59258,2018,current
baseline_special,Intercept,-4.951575,1.95169,-8.017227,-1.858929,2018,current
baseline_special,PVI_N,1.627103,0.085985,1.490453,1.766562,2018,current
baseline_special,incumbent_dem,14.118372,2.033416,10.871897,17.409713,2018,current
baseline_special,incumbent_gop,-22.629638,2.834041,-27.145267,-18.137698,2018,current
baseline_special,pres_elec,11.247181,1.689261,8.570438,13.912509,2018,current
baseline_special,is_special,7.687701,3.367002,2.331438,13.032421,2018,current
baseline_special,sigma,15.314685,0.532009,14.491299,16.185684,2020,current
baseline_special,Intercept,-0.431457,1.805535,-3.278591,2.455836,2020,current
baseline_special,PVI_N,1.615056,0.08167,1.485262,1.745825,2020,current
baseline_special,incumbent_dem,12.230541,1.913485,9.210228,15.272892,2020,current
baseline_special,incumbent_gop,-21.885585,2.483982,-25.826098,-18.00091,2020,current
baseline_special,pres_elec,7.72592,1.65701,5.066485,10.384736,2020,current
baseline_special,is_special,3.090588,3.285036,-2.165781,8.25803,2020,current
baseline_special,sigma,14.976169,0.482882,14.223478,15.756236,2021,current
baseline_special,Intercept,-0.384396,1.682723,-3.042021,2.304479,2021,current
baseline_special,PVI_N,1.609501,0.076188,1.487383,1.733125,2021,current
baseline_special,incumbent_dem,12.145211,1.778925,9.299709,14.943563,2021,current
baseline_special,incumbent_gop,-21.729032,2.211484,-25.306368,-18.207749,2021,current
baseline_special,pres_elec,7.857912,1.445383,5.508718,10.13076,2021,current
baseline_special,is_special,5.93928,3.029232,1.199092,10.887838,2021,current
baseline_special,sigma,15.006662,0.487644,14.235015,15.798091,2022,current
baseline_special,Intercept,-0.371057,1.69937,-3.148847,2.328492,2022,current
baseline_special,PVI_N,1.612088,0.076108,1.491618,1.733197,2022,current
baseline_special,incumbent_dem,12.11855,1.78033,9.298852,15.010606,2022,current
baseline_special,incumbent_gop,-21.707583,2.209831,-25.200672,-18.183059,2022,current
baseline_special,pres_elec,7.824601,1.468879,5.450752,10.191591,2022,current
baseline_special,is_special,6.236733,2.946767,1.533424,10.963252,2022,current
baseline_special,sigma,14.803718,0.445457,14.114122,15.529876,2023,current
baseline_special,Intercept,0.381813,1.520515,-2.007969,2.810632,2023,current
baseline_special,PVI_N,1.646257,0.071149,1.531726,1.759603,2023,current
baseline_special,incumbent_dem,11.170961,1.601008,8.604177,13.725684,2023,current
baseline_special,incumbent_gop,-22.432259,2.040247,-25.662688,-19.135157,2023,current
baseline_special,pres_elec,7.572674,1.359869,5.460222,9.747913,2023,current
baseline_special,is_special,5.104014,2.807052,0.586633,9.623997,2023,current
baseline_special,sigma,14.808484,0.448219,14.110685,15.535843,2024,current
baseline_special,Intercept,0.324692,1.523882,-2.119112,2.752473,2024,current
baseline_special,PVI_N,1.650338,0.071046,1.533495,1.762229,2024,current
baseline_special,incumbent_dem,11.194387,1.585016,8.663254,13.687643,2024,current
baseline_special,incumbent_gop,-22.387427,2.021701,-25.567839,-19.160369,2024,current
baseline_special,pres_elec,7.543387,1.354291,5.377547,9.670557,2024,current
baseline_special,is_special,4.720587,2.773135,0.296429,9.180642,2024,current
baseline_num_candidates,sigma,14.038678,0.727696,12.925194,15.252545,2014,current
baseline_num_candidates,Intercept,-3.828967,5.922311,-13.25807,5.61588,2014,current
baseline_num_candidates,PVI_N,1.752843,0.120867,1.558781,1.946175,2014,current
baseline_num_candidates,incumbent_dem,10.652446,2.318931,7.002868,14.356629,2014,current
baseline_num_candidates,incumbent_gop,-23.407299,3.98096,-29.799731,-17.151292,2014,current
baseline_num_candidates,pres_elec,13.21165,2.187822,9.718962,16.721516,2014,current
baseline_num_candidates,num_candidates,-0.819831,2.305834,-4.495935,2.870831,2014,current
baseline_num_candidates,sigma,14.26982,0.593313,13.353972,15.240192,2015,current
baseline_num_candidates,Intercept,4.215462,4.951212,-3.693587,11.998621,2015,current
baseline_num_candidates,PVI_N,1.74203,0.091816,1.594968,1.889291,2015,current
baseline_num_candidates,incumbent_dem,12.245584,1.997878,9.021365,15.457412,2015,current
baseline_num_candidates,incumbent_gop,-21.905513,3.086522,-26.747593,-16.954862,2015,current
baseline_num_candidates,pres_elec,10.72773,1.95767,7.589674,13.850067,2015,current
baseline_num_candidates,num_candidates,-4.030653,1.962467,-7.152761,-0.898213,2015,current
baseline_num_candidates,sigma,14.53511,0.618016,13.578753,15.548524,2016,current
baseline_num_candidates,Intercept,5.246743,4.956448,-2.658599,13.145866,2016,current
baseline_num_candidates,PVI_N,1.765039,0.094771,1.614646,1.914911,2016,current
baseline_num_candidates,incumbent_dem,11.442749,2.004802,8.237446,14.684084,2016,current
baseline_num_candidates,incumbent_gop,-22.447694,3.184732,-27.623872,-17.381593,2016,current
baseline_num_candidates,pres_elec,10.498306,2.002256,7.320936,13.651368,2016,current
baseline_num_candidates,num_candidates,-4.231139,1.948786,-7.342159,-1.102447,2016,current
baseline_num_candidates,sigma,14.336976,0.539689,13.505337,15.214697,2017,current
baseline_num_candidates,Intercept,6.046534,4.724021,-1.546653,13.628728,2017,current
baseline_num_candidates,PVI_N,1.636611,0.084291,1.501016,1.77265,2017,current
baseline_num_candidates,incumbent_dem,11.904877,1.858958,8.940066,14.916026,2017,current
baseline_num_candidates,incumbent_gop,-24.560066,2.707405,-28.882203,-20.274473,2017,current
baseline_num_candidates,pres_elec,10.552366,1.664665,7.919658,13.212299,2017,current
baseline_num_candidates,num_candidates,-4.119945,1.882824,-7.15405,-1.107314,2017,current
baseline_num_candidates,sigma,14.664772,0.545668,13.837951,15.564374,2018,current
baseline_num_candidates,Intercept,7.792916,4.747363,0.241254,15.388475,2018,current
baseline_num_candidates,PVI_N,1.648557,0.082953,1.515753,1.779992,2018,current
baseline_num_candidates,incumbent_dem,10.889305,1.902089,7.854405,13.909042,2018,current
baseline_num_candidates,incumbent_gop,-25.381969,2.724735,-29.818454,-21.080444,2018,current
baseline_num_candidates,pres_elec,10.250724,1.668986,7.584377,12.903651,2018,current
baseline_num_candidates,num_candidates,-4.471602,1.867235,-7.447905,-1.537989,2018,current
baseline_num_candidates,sigma,15.206363,0.52046,14.399153,16.063229,2020,current
baseline_num_candidates,Intercept,11.276005,4.531154,4.037286,18.627406,2020,current
baseline_num_candidates,PVI_N,1.621353,0.079794,1.492854,1.747055,2020,current
baseline_num_candidates,incumbent_dem,10.457434,1.78024,7.638859,13.363599,2020,current
baseline_num_candidates,incumbent_gop,-23.599281,2.366151,-27.399878,-19.865776,2020,current
baseline_num_candidates,pres_elec,7.196893,1.603835,4.608703,9.739035,2020,current
baseline_num_candidates,num_candidates,-4.688758,1.817446,-7.64397,-1.787218,2020,current
baseline_num_candidates,sigma,14.951174,0.487751,14.196622,15.747237,2021,current
baseline_num_candidates,Intercept,11.000335,4.115557,4.388861,17.674374,2021,current
baseline_num_candidates,PVI_N,1.622094,0.077079,1.499122,1.745272,2021,current
baseline_num_candidates,incumbent_dem,9.632242,1.681294,6.948415,12.307376,2021,current
baseline_num_candidates,incumbent_gop,-24.002982,2.221618,-27.517764,-20.505465,2021,current
baseline_num_candidates,pres_elec,7.183154,1.439471,4.885737,9.523133,2021,current
baseline_num_candidates,num_candidates,-4.183887,1.640595,-6.82846,-1.509037,2021,current
baseline_num_candidates,sigma,14.984037,0.481341,14.233998,15.783204,2022,current
baseline_num_candidates,Intercept,10.474935,4.175152,3.831278,17.128837,2022,current
baseline_num_candidates,PVI_N,1.62536,0.076899,1.503312,1.748347,2022,current
baseline_num_candidates,incumbent_dem,9.582473,1.669674,6.90515,12.249656,2022,current
baseline_num_candidates,incumbent_gop,-24.00591,2.235007,-27.54352,-20.38635,2022,current
baseline_num_candidates,pres_elec,7.125426,1.447316,4.827119,9.410649,2022,current
baseline_num_candidates,num_candidates,-3.909268,1.659426,-6.582285,-1.239392,2022,current
baseline_num_candidates,sigma,14.760078,0.439219,14.065,15.478221,2023,current
baseline_num_candidates,Intercept,11.120002,3.800619,5.162601,17.228977,2023,current
baseline_num_candidates,PVI_N,1.646231,0.070019,1.536931,1.759558,2023,current
baseline_num_candidates,incumbent_dem,9.211856,1.50562,6.805348,11.602885,2023,current
baseline_num_candidates,incumbent_gop,-24.367807,1.967176,-27.534637,-21.237036,2023,current
baseline_num_candidates,pres_elec,7.116063,1.383358,4.878057,9.345727,2023,current
baseline_num_candidates,num_candidates,-4.136595,1.545785,-6.619903,-1.712955,2023,current
baseline_num_candidates,sigma,14.7535,0.454369,14.054719,15.503588,2024,current
baseline_num_candidates,Intercept,10.89034,3.858121,4.776525,17.087389,2024,current
baseline_num_candidates,PVI_N,1.650994,0.072578,1.535205,1.766878,2024,current
baseline_num_candidates,incumbent_dem,9.275715,1.494615,6.88241,11.654801,2024,current
baseline_num_candidates,incumbent_gop,-24.26823,2.002274,-27.500146,-21.059042,2024,current
baseline_num_candidates,pres_elec,7.135505,1.376215,4.981381,9.374426,2024,current
baseline_num_candidates,num_candidates,-4.084999,1.555855,-6.605479,-1.607263,2024,current
baseline_pres_incumbent,sigma,14.083566,0.723997,12.966277,15.294718,2014,current
baseline_pres_incumbent,Intercept,-5.249531,2.517464,-9.328754,-1.262332,2014,current
baseline_pres_incumbent,PVI_N,1.742792,0.12039,1.549394,1.935605,2014,current
baseline_pres_incumbent,incumbent_dem,10.021418,2.69459,5.707422,14.373329,2014,current
baseline_pres_incumbent,incumbent_gop,-21.99531,6.740517,-32.620859,-11.026102,2014,current
baseline_pres_incumbent,pres_elec,11.448739,4.391656,4.408767,18.525454,2014,current
baseline_pres_incumbent,pres_elec_x_incumbent_dem,2.875635,5.103401,-5.388579,10.99481,2014,current
baseline_pres_incumbent,pres_elec_x_incumbent_gop,-0.470615,8.479844,-14.109186,12.81821,2014,current
baseline_pres_incumbent,sigma,14.382451,0.605119,13.447913,15.380111,2015,current
baseline_pres_incumbent,Intercept,-5.426931,2.010147,-8.627335,-2.193638,2015,current
baseline_pres_incumbent,PVI_N,1.7375,0.095921,1.584621,1.891911,2015,current
baseline_pres_incumbent,incumbent_dem,13.337366,2.205889,9.806425,16.827523,2015,current
baseline_pres_incumbent,incumbent_gop,-19.853648,4.022792,-26.277123,-13.420218,2015,current
baseline_pres_incumbent,pres_elec,11.594813,4.37759,4.675159,18.588541,2015,current
baseline_pres_incumbent,pres_elec_x_incumbent_dem,-0.321794,4.996821,-8.295748,7.652775,2015,current
baseline_pres_incumbent,pres_elec_x_incumbent_gop,-2.579375,6.705708,-13.496134,8.255493,2015,current
baseline_pres_incumbent,sigma,14.661935,0.607438,13.729048,15.66326,2016,current
baseline_pres_incumbent,Intercept,-4.741852,1.974777,-7.903657,-1.566847,2016,current
baseline_pres_incumbent,PVI_N,1.759796,0.094956,1.612205,1.911674,2016,current
baseline_pres_incumbent,incumbent_dem,12.414412,2.185506,8.890376,15.873277,2016,current
baseline_pres_incumbent,incumbent_gop,-20.535541,4.026044,-26.876659,-13.954567,2016,current
baseline_pres_incumbent,pres_elec,10.642765,4.569704,3.281214,17.837435,2016,current
baseline_pres_incumbent,pres_elec_x_incumbent_dem,0.593121,5.173742,-7.622342,8.751728,2016,current
baseline_pres_incumbent,pres_elec_x_incumbent_gop,-1.695323,6.939049,-12.684455,9.603624,2016,current
baseline_pres_incumbent,sigma,14.427682,0.536689,13.598389,15.313506,2017,current
baseline_pres_incumbent,Intercept,-3.376591,1.896076,-6.432501,-0.389604,2017,current
baseline_pres_incumbent,PVI_N,1.626794,0.082902,1.492722,1.759903,2017,current
baseline_pres_incumbent,incumbent_dem,12.346728,2.096398,8.979085,15.745192,2017,current
baseline_pres_incumbent,incumbent_gop,-21.746706,3.941144,-28.178478,-15.473499,2017,current
baseline_pres_incumbent,pres_elec,10.01141,3.455692,4.524076,15.500917,2017,current
baseline_pres_incumbent,pres_elec_x_incumbent_dem,1.859542,4.025285,-4.519928,8.207882,2017,current
baseline_pres_incumbent,pres_elec_x_incumbent_gop,-2.206364,5.466673,-11.031835,6.514346,2017,current
baseline_pres_incumbent,sigma,14.787453,0.559309,13.908744,15.722775,2018,current
baseline_pres_incumbent,Intercept,-2.417194,1.888024,-5.459299,0.618636,2018,current
baseline_pres_incumbent,PVI_N,1.642407,0.087001,1.504011,1.783388,2018,current
baseline_pres_incumbent,incumbent_dem,11.209367,2.085406,7.867605,14.520044,2018,current
baseline_pres_incumbent,incumbent_gop,-22.67339,4.016213,-29.087714,-16.20944,2018,current
baseline_pres_incumbent,pres_elec,8.856568,3.545242,3.181456,14.478764,2018,current
baseline_pres_incumbent,pres_elec_x_incumbent_dem,2.986228,4.135576,-3.668229,9.603315,2018,current
baseline_pres_incumbent,pres_elec_x_incumbent_gop,-1.142151,5.577132,-10.150588,7.843588,2018,current
baseline_pres_incumbent,sigma,15.300505,0.523816,14.485234,16.15059,2020,current
baseline_pres_incumbent,Intercept,0.629806,1.765912,-2.176161,3.442284,2020,current
baseline_pres_incumbent,PVI_N,1.612591,0.083706,1.479309,1.746566,2020,current
baseline_pres_incumbent,incumbent_dem,10.545975,2.000632,7.387128,13.775755,2020,current
baseline_pres_incumbent,incumbent_gop,-20.672064,2.920531,-25.335404,-15.987199,2020,current
baseline_pres_incumbent,pres_elec,6.129811,3.575807,0.412268,11.855306,2020,current
baseline_pres_incumbent,pres_elec_x_incumbent_dem,3.701541,4.170638,-2.960984,10.316546,2020,current
baseline_pres_incumbent,pres_elec_x_incumbent_gop,-3.366986,4.995845,-11.250913,4.630736,2020,current
baseline_pres_incumbent,sigma,15.014464,0.480713,14.271648,15.787282,2021,current
baseline_pres_incumbent,Intercept,1.721104,1.691622,-0.972384,4.343776,2021,current
baseline_pres_incumbent,PVI_N,1.615533,0.077506,1.492416,1.739207,2021,current
baseline_pres_incumbent,incumbent_dem,9.411193,1.904564,6.399566,12.522245,2021,current
baseline_pres_incumbent,incumbent_gop,-21.770007,2.821873,-26.303208,-17.303779,2021,current
baseline_pres_incumbent,pres_elec,5.304077,3.114581,0.413574,10.39102,2021,current
baseline_pres_incumbent,pres_elec_x_incumbent_dem,4.091087,3.66696,-1.829634,9.864275,2021,current
baseline_pres_incumbent,pres_elec_x_incumbent_gop,-1.053095,4.377968,-8.267858,5.934552,2021,current
baseline_pres_incumbent,sigma,15.03891,0.479166,14.30327,15.826994,2022,current
baseline_pres_incumbent,Intercept,1.86403,1.687019,-0.810323,4.54224,2022,current
baseline_pres_incumbent,PVI_N,1.619688,0.077582,1.495405,1.74403,2022,current
baseline_pres_incumbent,incumbent_dem,9.218075,1.916144,6.184962,12.285617,2022,current
baseline_pres_incumbent,incumbent_gop,-21.86559,2.84381,-26.440888,-17.306637,2022,current
baseline_pres_incumbent,pres_elec,5.134292,3.15081,0.123781,10.120446,2022,current
baseline_pres_incumbent,pres_elec_x_incumbent_dem,4.256796,3.700656,-1.651381,10.142393,2022,current
baseline_pres_incumbent,pres_elec_x_incumbent_gop,-0.99974,4.444268,-7.942603,6.166513,2022,current
baseline_pres_incumbent,sigma,14.820206,0.439014,14.128991,15.544442,2023,current
baseline_pres_incumbent,Intercept,2.130208,1.509942,-0.265759,4.557241,2023,current
baseline_pres_incumbent,PVI_N,1.644045,0.071107,1.528936,1.757336,2023,current
baseline_pres_incumbent,incumbent_dem,8.918216,1.697427,6.201974,11.614152,2023,current
baseline_pres_incumbent,incumbent_gop,-22.80809,2.51723,-26.822467,-18.81948,2023,current
baseline_pres_incumbent,pres_elec,4.655913,3.011561,-0.205708,9.425704,2023,current
baseline_pres_incumbent,pres_elec_x_incumbent_dem,4.492944,3.53274,-1.140985,10.117213,2023,current
baseline_pres_incumbent,pres_elec_x_incumbent_gop,0.163197,4.124331,-6.36165,6.750933,2023,current
baseline_pres_incumbent,sigma,14.818757,0.435783,14.137435,15.531449,2024,current
baseline_pres_incumbent,Intercept,2.019746,1.486859,-0.369384,4.392011,2024,current
baseline_pres_incumbent,PVI_N,1.64782,0.071523,1.534227,1.762087,2024,current
baseline_pres_incumbent,incumbent_dem,8.99186,1.687478,6.304723,11.637968,2024,current
baseline_pres_incumbent,incumbent_gop,-22.761074,2.422038,-26.641515,-18.933525,2024,current
baseline_pres_incumbent,pres_elec,4.746563,2.93787,0.064068,9.423681,2024,current
baseline_pres_incumbent,pres_elec_x_incumbent_dem,4.427674,3.44727,-1.122249,9.936035,2024,current
baseline_pres_incumbent,pres_elec_x_incumbent_gop,0.135835,4.062602,-6.361712,6.680196,2024,current
baseline_year,sigma,14.02664,0.706256,12.93039,15.20546,2014,current
baseline_year,Intercept,-5.271964,4.290819,-11.595789,1.899002,2014,current
baseline_year,PVI_N,1.756043,0.118944,1.564841,1.946426,2014,current
baseline_year,incumbent_dem,10.770975,2.391129,6.918156,14.582206,2014,current
baseline_year,incumbent_gop,-23.185808,3.949551,-29.48296,-16.727162,2014,current
baseline_year,pres_elec,12.666913,7.153716,-1.638065,23.93475,2014,current
baseline_year,1|election_year_sigma,5.926594,6.231873,0.375843,16.634691,2014,current
baseline_year,1|election_year[2010],-0.481857,4.012299,-6.901643,5.194201,2014,current
baseline_year,1|election_year[2011],1.231869,4.974351,-5.32562,9.906997,2014,current
baseline_year,1|election_year[2012],0.129146,5.409127,-8.628884,9.472274,2014,current
baseline_year,1|election_year[2013],-1.746986,4.773988,-10.248311,4.059239,2014,current
baseline_year,sigma,14.275524,0.597959,13.376051,15.261578,2015,current
baseline_year,Intercept,-5.1329,3.568508,-10.609783,0.191984,2015,current
baseline_year,PVI_N,1.749703,0.094778,1.59842,1.898662,2015,current
baseline_year,incumbent_dem,13.017048,1.986932,9.790396,16.14542,2015,current
baseline_year,incumbent_gop,-21.705732,3.134478,-26.717258,-16.765058,2015,current
baseline_year,pres_elec,11.472633,7.302803,-0.086719,22.866006,2015,current
baseline_year,1|election_year_sigma,5.292671,4.128887,0.923497,13.06355,2015,current
baseline_year,1|election_year[2010],-1.758053,3.346893,-7.091509,3.177141,2015,current
baseline_year,1|election_year[2011],1.31652,4.767635,-5.34409,9.341698,2015,current
baseline_year,1|election_year[2012],-0.394745,5.847439,-11.160954,8.487234,2015,current
baseline_year,1|election_year[2013],-1.476009,4.158975,-8.592269,4.202161,2015,current
baseline_year,1|election_year[2014],1.969097,3.418876,-2.916859,7.51106,2015,current
baseline_year,sigma,14.430109,0.59135,13.51267,15.41712,2016,current
baseline_year,Intercept,-2.944863,4.429922,-9.262275,5.14145,2016,current
baseline_year,PVI_N,1.768191,0.092402,1.620197,1.916402,2016,current
baseline_year,incumbent_dem,12.619133,2.010692,9.396151,15.740125,2016,current
baseline_year,incumbent_gop,-22.084127,3.130767,-26.981049,-17.088853,2016,current
baseline_year,pres_elec,9.221277,8.047048,-3.881518,21.910627,2016,current
baseline_year,1|election_year_sigma,7.396185,5.235615,1.463531,17.467053,2016,current
baseline_year,1|election_year[2010],-3.850854,4.420774,-11.945869,2.101292,2016,current
baseline_year,1|election_year[2011],0.590521,5.859634,-8.584444,10.238498,2016,current
baseline_year,1|election_year[2012],-0.185466,7.040824,-12.109768,11.172621,2016,current
baseline_year,1|election_year[2013],-3.492882,5.37533,-13.30875,3.630739,2016,current
baseline_year,1|election_year[2014],0.265318,4.263715,-7.374709,6.66706,2016,current
baseline_year,1|election_year[2015],6.249711,6.954722,-2.231563,19.28573,2016,current
baseline_year,sigma,14.315766,0.544549,13.454915,15.201234,2017,current
baseline_year,Intercept,-2.564453,2.783211,-6.771521,1.945819,2017,current
baseline_year,PVI_N,1.635464,0.082801,1.50083,1.76739,2017,current
baseline_year,incumbent_dem,12.966869,1.824445,10.048799,15.902829,2017,current
baseline_year,incumbent_gop,-23.796532,2.657871,-28.029488,-19.525222,2017,current
baseline_year,pres_elec,9.773887,3.733881,3.426144,15.679139,2017,current
baseline_year,1|election_year_sigma,3.944236,2.762507,0.672982,9.16263,2017,current
baseline_year,1|election_year[2010],-2.794106,2.778366,-7.712985,0.63867,2017,current
baseline_year,1|election_year[2011],0.724472,3.972264,-4.925776,7.49218,2017,current
baseline_year,1|election_year[2012],0.184713,3.083066,-4.781406,4.992358,2017,current
baseline_year,1|election_year[2013],-1.40264,3.471246,-7.658379,3.276247,2017,current
baseline_year,1|election_year[2014],0.662493,2.56283,-3.572248,4.534493,2017,current
baseline_year,1|election_year[2015],3.496178,5.017975,-1.895809,13.113611,2017,current
baseline_year,1|election_year[2016],-0.185112,2.989608,-5.064651,4.506037,2017,current
baseline_year,sigma,14.570129,0.561021,13.697816,15.499063,2018,current
baseline_year,Intercept,-0.641149,3.215076,-5.587801,4.788403,2018,current
baseline_year,PVI_N,1.651885,0.082589,1.519212,1.7861,2018,current
baseline_year,incumbent_dem,12.696498,1.921294,9.602842,15.789604,2018,current
baseline_year,incumbent_gop,-24.004064,2.772811,-28.363544,-19.577353,2018,current
baseline_year,pres_elec,7.911828,4.65691,-0.395567,14.75219,2018,current
baseline_year,1|election_year_sigma,6.012722,3.741238,1.32002,12.929145,2018,current
baseline_year,1|election_year[2010],-4.853502,3.446752,-10.889526,0.01047,2018,current
baseline_year,1|election_year[2011],0.346041,4.782082,-7.307704,8.034883,2018,current
baseline_year,1|election_year[2012],0.206457,3.918552,-6.238964,6.568183,2018,current
baseline_year,1|election_year[2013],-3.14723,4.60101,-11.471482,3.175657,2018,current
baseline_year,1|election_year[2014],-0.823552,3.189812,-6.455216,3.8462,2018,current
baseline_year,1|election_year[2015],4.900066,5.856313,-2.355451,15.533214,2018,current
baseline_year,1|election_year[2016],-0.296782,3.764046,-6.442421,5.704767,2018,current
baseline_year,1|election_year[2017],5.593812,5.362811,-1.147039,15.1946,2018,current
baseline_year,sigma,14.572911,0.492697,13.818857,15.367273,2020,current
baseline_year,Intercept,1.971561,3.496726,-3.439314,7.521515,2020,current
baseline_year,PVI_N,1.662754,0.077954,1.537339,1.784764,2020,current
baseline_year,incumbent_dem,12.012787,1.748048,9.238037,14.821594,2020,current
baseline_year,incumbent_gop,-24.898438,2.346155,-28.591694,-21.15994,2020,current
baseline_year,pres_elec,7.021247,5.332798,-1.294428,15.746248,2020,current
baseline_year,1|election_year_sigma,7.767672,3.12937,3.938062,13.532634,2020,current
baseline_year,1|election_year[2010],-7.26354,3.568316,-13.026465,-1.896262,2020,current
baseline_year,1|election_year[2011],-0.29085,5.911622,-9.784944,8.991087,2020,current
baseline_year,1|election_year[2012],-0.940128,4.912571,-9.011206,6.521978,2020,current
baseline_year,1|election_year[2013],-5.643188,5.196637,-14.350011,2.177191,2020,current
baseline_year,1|election_year[2014],-2.733383,3.595799,-8.553055,2.899727,2020,current
baseline_year,1|election_year[2015],5.781048,6.12686,-3.123752,16.045258,2020,current
baseline_year,1|election_year[2016],-1.412896,4.780379,-9.294211,5.874155,2020,current
baseline_year,1|election_year[2017],6.198496,5.572521,-2.193867,15.530674,2020,current
baseline_year,1|election_year[2018],6.740045,3.678454,0.929213,12.677083,2020,current
baseline_year,sigma,14.300507,0.462508,13.573452,15.05472,2021,current
baseline_year,Intercept,4.395967,3.368539,-0.692014,10.085899,2021,current
baseline_year,PVI_N,1.672866,0.075351,1.551006,1.793174,2021,current
baseline_year,incumbent_dem,11.719301,1.639458,9.144417,14.342249,2021,current
baseline_year,incumbent_gop,-24.32314,2.146471,-27.738336,-20.870541,2021,current
baseline_year,pres_elec,0.514913,4.369086,-6.785649,7.161696,2021,current
baseline_year,1|election_year_sigma,7.677031,2.852993,4.038321,12.96092,2021,current
baseline_year,1|election_year[2010],-9.548989,3.50579,-15.405478,-4.336021,2021,current
baseline_year,1|election_year[2011],-1.635266,5.763696,-11.045076,7.246241,2021,current
baseline_year,1|election_year[2012],2.878407,4.14013,-3.369862,9.781208,2021,current
baseline_year,1|election_year[2013],-7.499499,5.383703,-16.576905,0.42784,2021,current
baseline_year,1|election_year[2014],-5.051752,3.553369,-11.021052,0.245437,2021,current
baseline_year,1|election_year[2015],4.640295,5.908658,-4.160849,14.422605,2021,current
baseline_year,1|election_year[2016],1.985198,4.065085,-4.210607,8.681704,2021,current
baseline_year,1|election_year[2017],4.660851,5.268055,-3.327786,13.40865,2021,current
baseline_year,1|election_year[2018],4.366141,3.526378,-1.477622,9.740032,2021,current
baseline_year,1|election_year[2020],4.656799,4.005944,-1.451122,11.239003,2021,current
baseline_year,sigma,14.322249,0.468588,13.584067,15.096354,2022,current
baseline_year,Intercept,4.545918,3.134282,-0.230221,9.702135,2022,current
baseline_year,PVI_N,1.676163,0.074367,1.554669,1.794499,2022,current
baseline_year,incumbent_dem,11.680052,1.652668,9.087696,14.328145,2022,current
baseline_year,incumbent_gop,-24.324574,2.138677,-27.740091,-20.958629,2022,current
baseline_year,pres_elec,0.505875,4.328819,-6.659672,7.121606,2022,current
baseline_year,1|election_year_sigma,7.336809,2.597174,3.9665,12.114218,2022,current
baseline_year,1|election_year[2010],-9.679866,3.363789,-15.353755,-4.596755,2022,current
baseline_year,1|election_year[2011],-1.707138,5.674475,-10.971153,7.099794,2022,current
baseline_year,1|election_year[2012],2.767236,3.953132,-3.253847,9.387836,2022,current
baseline_year,1|election_year[2013],-7.378136,5.236007,-16.342128,0.318241,2022,current
baseline_year,1|election_year[2014],-5.168093,3.359606,-10.766468,-0.142207,2022,current
baseline_year,1|election_year[2015],4.374705,5.780008,-4.428802,13.906824,2022,current
baseline_year,1|election_year[2016],1.820739,3.886629,-4.038166,8.213518,2022,current
baseline_year,1|election_year[2017],4.586555,5.180987,-3.249071,13.312339,2022,current
baseline_year,1|election_year[2018],4.206509,3.33175,-1.311394,9.327485,2022,current
baseline_year,1|election_year[2020],4.543643,3.867937,-1.147272,11.008364,2022,current
baseline_year,1|election_year[2021],1.738173,5.928107,-7.548683,11.448798,2022,current
baseline_year,sigma,14.204283,0.426658,13.543457,14.898115,2023,current
baseline_year,Intercept,3.991541,2.785369,-0.18388,8.617363,2023,current
baseline_year,PVI_N,1.697221,0.069429,1.585286,1.808689,2023,current
baseline_year,incumbent_dem,10.951646,1.486926,8.551994,13.349972,2023,current
baseline_year,incumbent_gop,-24.644276,1.977933,-27.811104,-21.467532,2023,current
baseline_year,pres_elec,1.725216,3.94555,-4.976806,7.587071,2023,current
baseline_year,1|election_year_sigma,6.576817,2.347824,3.58985,10.880664,2023,current
baseline_year,1|election_year[2010],-8.783562,2.994814,-13.741638,-4.453819,2023,current
baseline_year,1|election_year[2011],-1.372921,5.17772,-9.987142,6.582214,2023,current
baseline_year,1|election_year[2012],2.376752,3.560366,-3.102989,8.367938,2023,current
baseline_year,1|election_year[2013],-6.738374,4.926981,-15.010757,0.415338,2023,current
baseline_year,1|election_year[2014],-4.260446,2.996311,-9.310232,0.149178,2023,current
baseline_year,1|election_year[2015],4.079072,5.264943,-3.851657,12.914636,2023,current
baseline_year,1|election_year[2016],1.535506,3.473864,-3.809408,7.267145,2023,current
baseline_year,1|election_year[2017],4.388768,4.783895,-2.732714,12.449011,2023,current
baseline_year,1|election_year[2018],4.947071,2.979569,0.156568,9.595963,2023,current
baseline_year,1|election_year[2020],4.213619,3.480247,-1.027224,10.046675,2023,current
baseline_year,1|election_year[2021],1.55734,5.611021,-7.354328,10.542996,2023,current
baseline_year,1|election_year[2022],-2.217209,3.023805,-7.195501,2.277414,2023,current
baseline_year,sigma,14.193268,0.436408,13.520279,14.907477,2024,current
baseline_year,Intercept,3.671931,2.612762,-0.372209,7.889547,2024,current
baseline_year,PVI_N,1.698394,0.069498,1.587966,1.808367,2024,current
baseline_year,incumbent_dem,10.989689,1.503952,8.582547,13.423088,2024,current
baseline_year,incumbent_gop,-24.606322,1.964791,-27.726811,-21.42756,2024,current
baseline_year,pres_elec,1.934681,3.923289,-4.580082,7.868341,2024,current
baseline_year,1|election_year_sigma,6.488358,2.262544,3.556108,10.575141,2024,current
baseline_year,1|election_year[2010],-8.51074,2.837994,-13.226408,-4.170343,2024,current
baseline_year,1|election_year[2011],-1.185737,5.153476,-9.36371,6.94094,2024,current
baseline_year,1|election_year[2012],2.483102,3.651582,-2.969306,8.540585,2024,current
baseline_year,1|election_year[2013],-6.56208,4.807909,-14.866525,0.454573,2024,current
baseline_year,1|election_year[2014],-3.981111,2.868252,-8.699633,0.38891,2024,current
baseline_year,1|election_year[2015],4.126935,5.38633,-3.908176,12.989615,2024,current
baseline_year,1|election_year[2016],1.638612,3.551921,-3.694845,7.619812,2024,current
baseline_year,1|election_year[2017],4.439718,4.796752,-2.811654,12.341158,2024,current
baseline_year,1|election_year[2018],5.231334,2.836298,0.706075,9.73588,2024,current
baseline_year,1|election_year[2020],4.327686,3.549729,-0.967369,10.311907,2024,current
baseline_year,1|election_year[2021],1.623396,5.37112,-6.687556,10.438368,2024,current
baseline_year,1|election_year[2022],-1.956954,2.891892,-6.759444,2.482041,2024,current
baseline_year,1|election_year[2023],-2.281796,6.077362,-12.620573,6.784312,2024,current
baseline_national_env,sigma,14.015756,0.715669,12.942373,15.206445,2014,current
baseline_national_env,Intercept,1.074566,92.015001,-145.693814,150.326498,2014,current
baseline_national_env,PVI_N,1.747727,0.120645,1.557679,1.941372,2014,current
baseline_national_env,incumbent_dem,10.827469,2.267697,7.22042,14.447873,2014,current
baseline_national_env,incumbent_gop,-23.3398,3.950702,-29.713823,-17.012182,2014,current
baseline_national_env,pres_elec,6.533595,92.082764,-143.364354,151.659835,2014,current
baseline_national_env,national_env,6.815294,92.080696,-138.738794,157.364391,2014,current
baseline_national_env,sigma,14.343639,0.611337,13.400583,15.352729,2015,current
baseline_national_env,Intercept,-0.783744,105.7092,-169.95151,167.069483,2015,current
baseline_national_env,PVI_N,1.736489,0.090743,1.594195,1.886157,2015,current
baseline_national_env,incumbent_dem,13.244752,1.918656,10.194946,16.278591,2015,current
baseline_national_env,incumbent_gop,-20.964088,3.128365,-25.891926,-15.927481,2015,current
baseline_national_env,pres_elec,6.465229,105.666119,-160.567216,176.583356,2015,current
baseline_national_env,national_env,4.482121,105.669977,-165.080994,171.709401,2015,current
baseline_national_env,sigma,14.611866,0.613927,13.65968,15.611473,2016,current
baseline_national_env,Intercept,0.556104,106.011571,-167.033112,171.853467,2016,current
baseline_national_env,PVI_N,1.759079,0.094394,1.609903,1.908782,2016,current
baseline_national_env,incumbent_dem,12.513902,1.929098,9.441843,15.584183,2016,current
baseline_national_env,incumbent_gop,-21.438406,3.200014,-26.521388,-16.330453,2016,current
baseline_national_env,pres_elec,5.506033,106.014838,-165.723463,173.37019,2016,current
baseline_national_env,national_env,5.292137,106.026351,-162.249613,176.17391,2016,current
baseline_national_env,sigma,14.413222,0.533878,13.577799,15.294055,2017,current
baseline_national_env,Intercept,0.766273,98.470448,-157.440633,157.559963,2017,current
baseline_national_env,PVI_N,1.632694,0.084281,1.499618,1.767076,2017,current
baseline_national_env,incumbent_dem,12.926338,1.759059,10.087058,15.711983,2017,current
baseline_national_env,incumbent_gop,-23.469191,2.648621,-27.731886,-19.23495,2017,current
baseline_national_env,pres_elec,6.407647,98.408476,-150.26728,164.13356,2017,current
baseline_national_env,national_env,4.414788,98.423747,-153.744523,160.663757,2017,current
baseline_national_env,sigma,14.657799,0.551929,13.785336,15.552283,2018,current
baseline_national_env,Intercept,4.824015,3.470478,-0.71874,10.386043,2018,current
baseline_national_env,PVI_N,1.647164,0.084385,1.513061,1.782774,2018,current
baseline_national_env,incumbent_dem,12.838284,1.839812,9.874742,15.759793,2018,current
baseline_national_env,incumbent_gop,-23.453113,2.730735,-27.829884,-19.147609,2018,current
baseline_national_env,pres_elec,2.272913,3.66034,-3.537536,8.129616,2018,current
baseline_national_env,national_env,8.561628,3.359336,3.206018,13.994196,2018,current
baseline_national_env,sigma,14.653923,0.518063,13.852581,15.504143,2020,current
baseline_national_env,Intercept,3.287724,1.631264,0.694055,5.887458,2020,current
baseline_national_env,PVI_N,1.659051,0.07859,1.532632,1.785701,2020,current
baseline_national_env,incumbent_dem,11.76449,1.64678,9.119424,14.400278,2020,current
baseline_national_env,incumbent_gop,-24.971234,2.296864,-28.598371,-21.317192,2020,current
baseline_national_env,pres_elec,4.715808,1.622838,2.107358,7.311351,2020,current
baseline_national_env,national_env,6.343769,0.996666,4.734545,7.926393,2020,current
baseline_national_env,sigma,14.331346,0.464129,13.612862,15.092203,2021,current
baseline_national_env,Intercept,3.827537,1.480838,1.436659,6.192284,2021,current
baseline_national_env,PVI_N,1.663333,0.072982,1.545716,1.778971,2021,current
baseline_national_env,incumbent_dem,11.252778,1.549644,8.742965,13.731512,2021,current
baseline_national_env,incumbent_gop,-24.765759,2.042761,-27.991053,-21.516138,2021,current
baseline_national_env,pres_elec,4.627108,1.419204,2.375991,6.897127,2021,current
baseline_national_env,national_env,6.643266,0.950072,5.13034,8.179069,2021,current
baseline_national_env,sigma,14.374466,0.453235,13.654155,15.113785,2022,current
baseline_national_env,Intercept,3.98386,1.492278,1.596016,6.363932,2022,current
baseline_national_env,PVI_N,1.665429,0.074827,1.547902,1.786247,2022,current
baseline_national_env,incumbent_dem,11.05934,1.539656,8.614936,13.538618,2022,current
baseline_national_env,incumbent_gop,-24.877896,2.063003,-28.122205,-21.562482,2022,current
baseline_national_env,pres_elec,4.590804,1.434813,2.285991,6.919951,2022,current
baseline_national_env,national_env,6.587646,0.968715,5.040448,8.112652,2022,current
baseline_national_env,sigma,14.301118,0.42473,13.646962,15.000224,2023,current
baseline_national_env,Intercept,4.59103,1.394528,2.370912,6.827831,2023,current
baseline_national_env,PVI_N,1.692236,0.067818,1.585529,1.801227,2023,current
baseline_national_env,incumbent_dem,10.48656,1.430086,8.214726,12.776119,2023,current
baseline_national_env,incumbent_gop,-24.75213,1.895226,-27.796498,-21.743443,2023,current
baseline_national_env,pres_elec,4.078208,1.392275,1.862264,6.277453,2023,current
baseline_national_env,national_env,5.998959,0.902372,4.542151,7.439537,2023,current
baseline_national_env,sigma,14.283779,0.425652,13.626133,14.975873,2024,current
baseline_national_env,Intercept,4.536849,1.403027,2.307631,6.772786,2024,current
baseline_national_env,PVI_N,1.692686,0.069942,1.581226,1.80475,2024,current
baseline_national_env,incumbent_dem,10.541024,1.415515,8.308481,12.797538,2024,current
baseline_national_env,incumbent_gop,-24.690363,1.918097,-27.76465,-21.601043,2024,current
baseline_national_env,pres_elec,4.075325,1.381863,1.83861,6.255712,2024,current
baseline_national_env,national_env,6.022486,0.891192,4.608028,7.449828,2024,current
baseline,sigma,12.423511,0.686251,11.37656,13.580799,2014,two_party
baseline,Intercept,-9.114235,2.209097,-12.662537,-5.603061,2014,two_party
baseline,PVI_N,1.934038,0.129295,1.727417,2.142997,2014,two_party
baseline,incumbent_dem,11.877383,2.164029,8.394181,15.287793,2014,two_party
baseline,incumbent_gop,-19.991716,3.689758,-25.926934,-14.082999,2014,two_party
baseline,pres_elec,14.948585,2.065001,11.654385,18.28953,2014,two_party
baseline,sigma,12.406238,0.567654,11.527039,13.336361,2015,two_party
baseline,Intercept,-8.297759,1.73221,-11.073548,-5.544998,2015,two_party
baseline,PVI_N,1.806411,0.099399,1.648836,1.964039,2015,two_party
baseline,incumbent_dem,14.678928,1.842559,11.732344,17.607069,2015,two_party
baseline,incumbent_gop,-18.003151,2.835143,-22.461908,-13.509642,2015,two_party
baseline,pres_elec,13.130698,1.794959,10.284908,16.00049,2015,two_party
baseline,sigma,12.398301,0.555747,11.546919,13.310597,2016,two_party
baseline,Intercept,-8.138584,1.703581,-10.896709,-5.442182,2016,two_party
baseline,PVI_N,1.805668,0.09781,1.651423,1.961877,2016,two_party
baseline,incumbent_dem,14.511286,1.801805,11.661007,17.375593,2016,two_party
baseline,incumbent_gop,-18.132177,2.807501,-22.626679,-13.657794,2016,two_party
baseline,pres_elec,13.082167,1.829827,10.138725,16.011188,2016,two_party
baseline,sigma,12.220432,0.494666,11.461102,13.017477,2017,two_party
baseline,Intercept,-7.151108,1.584611,-9.703945,-4.632079,2017,two_party
baseline,PVI_N,1.695105,0.089597,1.550636,1.839734,2017,two_party
baseline,incumbent_dem,14.650893,1.71459,11.899329,17.376706,2017,two_party
baseline,incumbent_gop,-20.199678,2.410345,-24.042441,-16.312513,2017,two_party
baseline,pres_elec,12.489267,1.560691,10.008077,14.958061,2017,two_party
baseline,sigma,12.225719,0.508424,11.440907,13.060947,2018,two_party
baseline,Intercept,-6.854538,1.538369,-9.324659,-4.38827,2018,two_party
baseline,PVI_N,1.710829,0.088755,1.569793,1.853957,2018,two_party
baseline,incumbent_dem,14.2909,1.653818,11.681779,16.938792,2018,two_party
baseline,incumbent_gop,-20.408965,2.360086,-24.17951,-16.685673,2018,two_party
baseline,pres_elec,12.320674,1.531495,9.887028,14.762883,2018,two_party
baseline,sigma,12.62001,0.473556,11.879126,13.398656,2020,two_party
baseline,Intercept,-3.141617,1.441608,-5.466514,-0.805623,2020,two_party
baseline,PVI_N,1.653816,0.08612,1.516346,1.793704,2020,two_party
baseline,incumbent_dem,12.687492,1.573423,10.205935,15.165292,2020,two_party
baseline,incumbent_gop,-18.633397,2.042715,-21.872305,-15.380405,2020,two_party
baseline,pres_elec,9.29915,1.477459,6.936229,11.638142,2020,two_party
baseline,sigma,12.595512,0.441315,11.916451,13.331263,2021,two_party
baseline,Intercept,-1.869585,1.358976,-4.053505,0.278757,2021,two_party
baseline,PVI_N,1.650254,0.082198,1.517787,1.782238,2021,two_party
baseline,incumbent_dem,11.368058,1.483125,9.036786,13.778953,2021,two_party
baseline,incumbent_gop,-19.195975,1.891348,-22.178733,-16.136411,2021,two_party
baseline,pres_elec,8.742671,1.302431,6.628943,10.799858,2021,two_party
baseline,sigma,12.731563,0.445696,12.044671,13.46295,2022,two_party
baseline,Intercept,-1.581956,1.361359,-3.735405,0.58633,2022,two_party
baseline,PVI_N,1.659453,0.080951,1.529663,1.788795,2022,two_party
baseline,incumbent_dem,11.056336,1.508738,8.677794,13.476681,2022,two_party
baseline,incumbent_gop,-19.440599,1.914355,-22.483381,-16.361378,2022,two_party
baseline,pres_elec,8.673025,1.364873,6.487535,10.845551,2022,two_party
baseline,sigma,12.290785,0.397,11.672718,12.93981,2023,two_party
baseline,Intercept,-1.007665,1.234695,-2.964393,0.969431,2023,two_party
baseline,PVI_N,1.643569,0.074435,1.526484,1.762473,2023,two_party
baseline,incumbent_dem,10.737473,1.35714,8.547367,12.869832,2023,two_party
baseline,incumbent_gop,-19.555852,1.755963,-22.349077,-16.746794,2023,two_party
baseline,pres_elec,8.353692,1.225061,6.400515,10.319361,2023,two_party
baseline,sigma,12.281048,0.399296,11.668348,12.938151,2024,two_party
baseline,Intercept,-1.07962,1.21744,-3.033528,0.88064,2024,two_party
baseline,PVI_N,1.644342,0.075298,1.525972,1.764929,2024,two_party
baseline,incumbent_dem,10.798643,1.308005,8.7367,12.913184,2024,two_party
baseline,incumbent_gop,-19.492347,1.720935,-22.233766,-16.711323,2024,two_party
baseline,pres_elec,8.380939,1.229706,6.408236,10.362327,2024,two_party
baseline_special,sigma,12.438081,0.691741,11.390087,13.598648,2014,two_party
baseline_special,Intercept,-8.76,2.273907,-12.409218,-5.141626,2014,two_party
baseline_special,PVI_N,1.940062,0.133665,1.724919,2.152796,2014,two_party
baseline_special,incumbent_dem,11.54579,2.274231,7.899275,15.270466,2014,two_party
baseline_special,incumbent_gop,-20.10908,3.693782,-25.954077,-14.237833,2014,two_party
baseline_special,pres_elec,14.808625,2.088729,11.480572,18.140295,2014,two_party
baseline_special,is_special,-2.126423,4.59404,-9.61199,5.285465,2014,two_party
baseline_special,sigma,12.44156,0.563776,11.570929,13.361113,2015,two_party
baseline_special,Intercept,-8.219617,1.863288,-11.178174,-5.24727,2015,two_party
baseline_special,PVI_N,1.809277,0.101525,1.64545,1.969577,2015,two_party
baseline_special,incumbent_dem,14.583151,1.954394,11.444154,17.693828,2015,two_party
baseline_special,incumbent_gop,-18.032674,2.877841,-22.581996,-13.496634,2015,two_party
baseline_special,pres_elec,13.08526,1.841742,10.11562,16.021519,2015,two_party
baseline_special,is_special,-0.583353,3.75898,-6.458514,5.483693,2015,two_party
baseline_special,sigma,12.41941,0.554608,11.560193,13.332389,2016,two_party
baseline_special,Intercept,-8.196025,1.832844,-11.194172,-5.277781,2016,two_party
baseline_special,PVI_N,1.805064,0.100819,1.644845,1.965454,2016,two_party
baseline_special,incumbent_dem,14.587159,1.960193,11.475796,17.693651,2016,two_party
baseline_special,incumbent_gop,-18.078733,2.882908,-22.663937,-13.501933,2016,two_party
baseline_special,pres_elec,13.097094,1.850327,10.19518,16.117535,2016,two_party
baseline_special,is_special,0.366392,3.563483,-5.319266,6.131204,2016,two_party
baseline_special,sigma,12.238213,0.509665,11.455328,13.075688,2017,two_party
baseline_special,Intercept,-7.544655,1.77289,-10.406912,-4.691402,2017,two_party
baseline_special,PVI_N,1.693494,0.088658,1.551792,1.836039,2017,two_party
baseline_special,incumbent_dem,15.036143,1.828879,12.163902,17.972953,2017,two_party
baseline_special,incumbent_gop,-19.916995,2.470365,-23.846197,-15.918838,2017,two_party
baseline_special,pres_elec,12.583617,1.556302,10.075043,15.102834,2017,two_party
baseline_special,is_special,1.687443,3.301359,-3.61825,6.982193,2017,two_party
baseline_special,sigma,12.224199,0.491193,11.471837,13.044604,2018,two_party
baseline_special,Intercept,-7.601368,1.747469,-10.398471,-4.783984,2018,two_party
baseline_special,PVI_N,1.7075,0.087775,1.566619,1.845047,2018,two_party
baseline_special,incumbent_dem,14.961301,1.827601,12.017903,17.849285,2018,two_party
baseline_special,incumbent_gop,-19.874652,2.445263,-23.832222,-16.008284,2018,two_party
baseline_special,pres_elec,12.580496,1.556923,10.084777,15.097422,2018,two_party
baseline_special,is_special,2.86048,3.084588,-2.053554,7.822879,2018,two_party
baseline_special,sigma,12.63381,0.467693,11.91051,13.399692,2020,two_party
baseline_special,Intercept,-2.810363,1.598099,-5.347345,-0.193734,2020,two_party
baseline_special,PVI_N,1.657739,0.087026,1.519134,1.79938,2020,two_party
baseline_special,incumbent_dem,12.352279,1.747481,9.55866,15.155207,2020,two_party
baseline_special,incumbent_gop,-18.913876,2.145216,-22.31976,-15.435141,2020,two_party
baseline_special,pres_elec,9.224902,1.470388,6.89581,11.600591,2020,two_party
baseline_special,is_special,-1.5129,3.055942,-6.385296,3.434187,2020,two_party
baseline_special,sigma,12.585099,0.449401,11.889717,13.312118,2021,two_party
baseline_special,Intercept,-2.683026,1.510148,-5.11683,-0.252477,2021,two_party
baseline_special,PVI_N,1.645242,0.080533,1.516467,1.775292,2021,two_party
baseline_special,incumbent_dem,12.164226,1.628655,9.508656,14.715316,2021,two_party
baseline_special,incumbent_gop,-18.57067,1.947025,-21.648463,-15.483964,2021,two_party
baseline_special,pres_elec,8.986947,1.321663,6.868486,11.115238,2021,two_party
baseline_special,is_special,3.149626,2.738982,-1.243426,7.52891,2021,two_party
baseline_special,sigma,12.707348,0.445994,12.026826,13.442637,2022,two_party
baseline_special,Intercept,-2.654755,1.549035,-5.085221,-0.195515,2022,two_party
baseline_special,PVI_N,1.647899,0.08213,1.51808,1.781247,2022,two_party
baseline_special,incumbent_dem,12.099583,1.682312,9.417811,14.775091,2022,two_party
baseline_special,incumbent_gop,-18.582032,2.017922,-21.847407,-15.352204,2022,two_party
baseline_special,pres_elec,8.987783,1.364924,6.829916,11.176204,2022,two_party
baseline_special,is_special,4.090656,2.753887,-0.286396,8.494657,2022,two_party
baseline_special,sigma,12.279841,0.403618,11.659219,12.947732,2023,two_party
baseline_special,Intercept,-1.743356,1.360166,-3.899703,0.450582,2023,two_party
baseline_special,PVI_N,1.638334,0.07508,1.519092,1.756896,2023,two_party
baseline_special,incumbent_dem,11.444177,1.47212,9.093371,13.834409,2023,two_party
baseline_special,incumbent_gop,-18.951044,1.83695,-21.90334,-16.009144,2023,two_party
baseline_special,pres_elec,8.566823,1.244043,6.611362,10.555169,2023,two_party
baseline_special,is_special,3.264728,2.582799,-0.89364,7.386934,2023,two_party
baseline_special,sigma,12.275865,0.399623,11.660094,12.937823,2024,two_party
baseline_special,Intercept,-1.772005,1.328872,-3.854477,0.362282,2024,two_party
baseline_special,PVI_N,1.640201,0.075571,1.519168,1.7596,2024,two_party
baseline_special,incumbent_dem,11.465265,1.457181,9.173761,13.837131,2024,two_party
baseline_special,incumbent_gop,-18.915557,1.807717,-21.823313,-16.018313,2024,two_party
baseline_special,pres_elec,8.572687,1.236865,6.603025,10.548233,2024,two_party
baseline_special,is_special,2.920298,2.519356,-1.134972,6.96379,2024,two_party
baseline_num_candidates,sigma,12.41093,0.689241,11.365783,13.549566,2014,two_party
baseline_num_candidates,Intercept,-13.800574,5.423411,-22.43419,-5.19244,2014,two_party
baseline_num_candidates,PVI_N,1.920597,0.130989,1.711118,2.125337,2014,two_party
baseline_num_candidates,incumbent_dem,12.344529,2.240565,8.747052,15.869887,2014,two_party
baseline_num_candidates,incumbent_gop,-19.684454,3.66434,-25.561751,-13.911457,2014,two_party
baseline_num_candidates,pres_elec,15.237898,2.092005,11.882941,18.528584,2014,two_party
baseline_num_candidates,num_candidates,1.991598,2.11056,-1.356663,5.387232,2014,two_party
baseline_num_candidates,sigma,12.438877,0.561461,11.571493,13.344343,2015,two_party
baseline_num_candidates,Intercept,-6.955582,4.473712,-14.059541,0.18725,2015,two_party
baseline_num_candidates,PVI_N,1.810985,0.099268,1.653154,1.970456,2015,two_party
baseline_num_candidates,incumbent_dem,14.517436,1.91728,11.458171,17.578498,2015,two_party
baseline_num_candidates,incumbent_gop,-18.109328,2.92499,-22.823058,-13.432582,2015,two_party
baseline_num_candidates,pres_elec,13.06848,1.882277,10.03468,16.076062,2015,two_party
baseline_num_candidates,num_candidates,-0.577659,1.759423,-3.421507,2.253478,2015,two_party
baseline_num_candidates,sigma,12.409055,0.557731,11.547562,13.326716,2016,two_party
baseline_num_candidates,Intercept,-7.244288,4.471913,-14.155835,0.022611,2016,two_party
baseline_num_candidates,PVI_N,1.808057,0.09807,1.650116,1.964698,2016,two_party
baseline_num_candidates,incumbent_dem,14.377002,1.870159,11.405427,17.351285,2016,two_party
baseline_num_candidates,incumbent_gop,-18.212517,2.804814,-22.722572,-13.768506,2016,two_party
baseline_num_candidates,pres_elec,13.057729,1.811522,10.167886,15.932039,2016,two_party
baseline_num_candidates,num_candidates,-0.365971,1.74132,-3.163809,2.375363,2016,two_party
baseline_num_candidates,sigma,12.239127,0.505186,11.460697,13.077494,2017,two_party
baseline_num_candidates,Intercept,-7.06549,4.248046,-13.838077,-0.214872,2017,two_party
baseline_num_candidates,PVI_N,1.696656,0.087017,1.558935,1.836524,2017,two_party
baseline_num_candidates,incumbent_dem,14.5978,1.746215,11.835777,17.365198,2017,two_party
baseline_num_candidates,incumbent_gop,-20.226219,2.392979,-24.069628,-16.408992,2017,two_party
baseline_num_candidates,pres_elec,12.472907,1.541226,10.014751,14.946426,2017,two_party
baseline_num_candidates,num_candidates,-0.023341,1.67193,-2.692012,2.618509,2017,two_party
baseline_num_candidates,sigma,12.245714,0.495616,11.477553,13.066465,2018,two_party
baseline_num_candidates,Intercept,-6.317694,4.077514,-12.824158,0.109864,2018,two_party
baseline_num_candidates,PVI_N,1.71326,0.087788,1.574553,1.853866,2018,two_party
baseline_num_candidates,incumbent_dem,14.181913,1.698423,11.474057,16.871563,2018,two_party
baseline_num_candidates,incumbent_gop,-20.491478,2.424929,-24.425789,-16.613286,2018,two_party
baseline_num_candidates,pres_elec,12.335173,1.531831,9.870145,14.755627,2018,two_party
baseline_num_candidates,num_candidates,-0.219965,1.610529,-2.799197,2.301532,2018,two_party
baseline_num_candidates,sigma,12.624509,0.472624,11.895071,13.395328,2020,two_party
baseline_num_candidates,Intercept,-1.642431,3.970086,-7.931624,4.675562,2020,two_party
baseline_num_candidates,PVI_N,1.655301,0.086669,1.515656,1.793171,2020,two_party
baseline_num_candidates,incumbent_dem,12.528506,1.619314,9.948088,15.132874,2020,two_party
baseline_num_candidates,incumbent_gop,-18.766655,2.129004,-22.189855,-15.327927,2020,two_party
baseline_num_candidates,pres_elec,9.25695,1.4873,6.872189,11.636882,2020,two_party
baseline_num_candidates,num_candidates,-0.638136,1.558301,-3.137618,1.829982,2020,two_party
baseline_num_candidates,sigma,12.598997,0.436782,11.919661,13.321988,2021,two_party
baseline_num_candidates,Intercept,-0.537601,3.548269,-6.227681,5.068157,2021,two_party
baseline_num_candidates,PVI_N,1.650906,0.081727,1.521132,1.780189,2021,two_party
baseline_num_candidates,incumbent_dem,11.232978,1.531656,8.773161,13.698405,2021,two_party
baseline_num_candidates,incumbent_gop,-19.355922,1.92547,-22.340622,-16.270359,2021,two_party
baseline_num_candidates,pres_elec,8.71757,1.318962,6.599795,10.808905,2021,two_party
baseline_num_candidates,num_candidates,-0.554176,1.387897,-2.775865,1.661658,2021,two_party
baseline_num_candidates,sigma,12.742789,0.445574,12.052261,13.464518,2022,two_party
baseline_num_candidates,Intercept,-1.141465,3.716548,-6.984077,4.926492,2022,two_party
baseline_num_candidates,PVI_N,1.659937,0.081697,1.52969,1.790803,2022,two_party
baseline_num_candidates,incumbent_dem,11.031847,1.557832,8.586797,13.463494,2022,two_party
baseline_num_candidates,incumbent_gop,-19.459773,1.955667,-22.587832,-16.349354,2022,two_party
baseline_num_candidates,pres_elec,8.628597,1.334454,6.502829,10.771906,2022,two_party
baseline_num_candidates,num_candidates,-0.196534,1.464757,-2.538458,2.114382,2022,two_party
baseline_num_candidates,sigma,12.300807,0.39757,11.681988,12.940867,2023,two_party
baseline_num_candidates,Intercept,0.226378,3.398326,-5.149584,5.676235,2023,two_party
baseline_num_candidates,PVI_N,1.643304,0.075593,1.520327,1.761929,2023,two_party
baseline_num_candidates,incumbent_dem,10.609861,1.368691,8.447381,12.826797,2023,two_party
baseline_num_candidates,incumbent_gop,-19.698129,1.78788,-22.529557,-16.837108,2023,two_party
baseline_num_candidates,pres_elec,8.357846,1.241207,6.398862,10.328882,2023,two_party
baseline_num_candidates,num_candidates,-0.52775,1.364415,-2.692414,1.627247,2023,two_party
baseline_num_candidates,sigma,12.293018,0.39936,11.672299,12.947926,2024,two_party
baseline_num_candidates,Intercept,0.107961,3.275704,-5.163438,5.302101,2024,two_party
baseline_num_candidates,PVI_N,1.644401,0.073622,1.526022,1.761359,2024,two_party
baseline_num_candidates,incumbent_dem,10.689297,1.355058,8.518459,12.844382,2024,two_party
baseline_num_candidates,incumbent_gop,-19.616022,1.754164,-22.463941,-16.818475,2024,two_party
baseline_num_candidates,pres_elec,8.367363,1.237778,6.376059,10.342429,2024,two_party
baseline_num_candidates,num_candidates,-0.512724,1.316946,-2.574196,1.623432,2024,two_party
baseline_pres_incumbent,sigma,12.401303,0.694923,11.33542,13.562063,2014,two_party
baseline_pres_incumbent,Intercept,-9.625596,2.379557,-13.376128,-5.819874,2014,two_party
baseline_pres_incumbent,PVI_N,1.936267,0.131158,1.727894,2.148059,2014,two_party
baseline_pres_incumbent,incumbent_dem,12.128749,2.572972,8.066056,16.269382,2014,two_party
baseline_pres_incumbent,incumbent_gop,-11.251681,6.531785,-21.735918,-0.890047,2014,two_party
baseline_pres_incumbent,pres_elec,16.834938,4.063693,10.304985,23.23194,2014,two_party
baseline_pres_incumbent,pres_elec_x_incumbent_dem,-1.156701,4.764308,-8.787147,6.552335,2014,two_party
baseline_pres_incumbent,pres_elec_x_incumbent_gop,-12.305847,8.029095,-24.97669,0.490917,2014,two_party
baseline_pres_incumbent,sigma,12.398629,0.559764,11.530329,13.315198,2015,two_party
baseline_pres_incumbent,Intercept,-9.092255,1.852111,-11.997016,-6.124775,2015,two_party
baseline_pres_incumbent,PVI_N,1.804619,0.097466,1.650419,1.960011,2015,two_party
baseline_pres_incumbent,incumbent_dem,15.470899,2.0629,12.193997,18.839131,2015,two_party
baseline_pres_incumbent,incumbent_gop,-14.503101,3.534495,-20.117104,-8.746149,2015,two_party
baseline_pres_incumbent,pres_elec,17.536402,3.927374,11.352145,23.833531,2015,two_party
baseline_pres_incumbent,pres_elec_x_incumbent_dem,-4.414516,4.586086,-11.80546,2.940525,2015,two_party
baseline_pres_incumbent,pres_elec_x_incumbent_gop,-9.925294,5.950786,-19.490105,-0.580177,2015,two_party
baseline_pres_incumbent,sigma,12.382427,0.558914,11.522867,13.299818,2016,two_party
baseline_pres_incumbent,Intercept,-8.857669,1.81029,-11.713925,-5.922719,2016,two_party
baseline_pres_incumbent,PVI_N,1.805493,0.098094,1.647271,1.962802,2016,two_party
baseline_pres_incumbent,incumbent_dem,15.224321,2.026845,11.979526,18.492303,2016,two_party
baseline_pres_incumbent,incumbent_gop,-14.808916,3.599423,-20.537768,-9.10127,2016,two_party
baseline_pres_incumbent,pres_elec,17.305137,3.997347,10.96716,23.654032,2016,two_party
baseline_pres_incumbent,pres_elec_x_incumbent_dem,-4.135204,4.569983,-11.435266,3.148524,2016,two_party
baseline_pres_incumbent,pres_elec_x_incumbent_gop,-9.643908,5.926321,-19.086329,-0.357417,2016,two_party
baseline_pres_incumbent,sigma,12.206912,0.500394,11.440043,13.052564,2017,two_party
baseline_pres_incumbent,Intercept,-7.737047,1.726485,-10.46175,-5.010059,2017,two_party
baseline_pres_incumbent,PVI_N,1.690368,0.087184,1.551089,1.830771,2017,two_party
baseline_pres_incumbent,incumbent_dem,15.055363,1.965833,11.932925,18.211315,2017,two_party
baseline_pres_incumbent,incumbent_gop,-15.743801,3.496974,-21.351146,-10.168137,2017,two_party
baseline_pres_incumbent,pres_elec,14.960219,3.242923,9.775816,20.073319,2017,two_party
baseline_pres_incumbent,pres_elec_x_incumbent_dem,-1.820181,3.775036,-7.820115,4.152504,2017,two_party
baseline_pres_incumbent,pres_elec_x_incumbent_gop,-8.158427,4.94303,-15.933848,-0.046106,2017,two_party
baseline_pres_incumbent,sigma,12.193254,0.491155,11.423185,12.99432,2018,two_party
baseline_pres_incumbent,Intercept,-7.274001,1.653379,-9.933035,-4.67235,2018,two_party
baseline_pres_incumbent,PVI_N,1.710375,0.0868,1.572251,1.849257,2018,two_party
baseline_pres_incumbent,incumbent_dem,14.432239,1.91342,11.330916,17.485093,2018,two_party
baseline_pres_incumbent,incumbent_gop,-16.211305,3.411752,-21.630045,-10.757172,2018,two_party
baseline_pres_incumbent,pres_elec,14.360157,3.219215,9.26147,19.538301,2018,two_party
baseline_pres_incumbent,pres_elec_x_incumbent_dem,-1.210574,3.757993,-7.208395,4.767541,2018,two_party
baseline_pres_incumbent,pres_elec_x_incumbent_gop,-7.579215,4.851848,-15.273647,0.277343,2018,two_party
baseline_pres_incumbent,sigma,12.501295,0.458565,11.79771,13.252051,2020,two_party
baseline_pres_incumbent,Intercept,-3.451814,1.5105,-5.891036,-1.065922,2020,two_party
baseline_pres_incumbent,PVI_N,1.649266,0.084556,1.515856,1.787166,2020,two_party
baseline_pres_incumbent,incumbent_dem,12.184314,1.751395,9.371082,14.974373,2020,two_party
baseline_pres_incumbent,incumbent_gop,-14.739423,2.491862,-18.732989,-10.767994,2020,two_party
baseline_pres_incumbent,pres_elec,11.016564,3.153147,6.007331,16.062801,2020,two_party
baseline_pres_incumbent,pres_elec_x_incumbent_dem,1.095972,3.722555,-4.779955,7.068043,2020,two_party
baseline_pres_incumbent,pres_elec_x_incumbent_gop,-9.400187,4.292524,-16.190192,-2.50477,2020,two_party
baseline_pres_incumbent,sigma,12.549176,0.433309,11.877615,13.273033,2021,two_party
baseline_pres_incumbent,Intercept,-1.858729,1.50208,-4.228756,0.523215,2021,two_party
baseline_pres_incumbent,PVI_N,1.648544,0.081787,1.51691,1.778972,2021,two_party
baseline_pres_incumbent,incumbent_dem,10.618905,1.757213,7.81315,13.397645,2021,two_party
baseline_pres_incumbent,incumbent_gop,-16.293709,2.500843,-20.284595,-12.305926,2021,two_party
baseline_pres_incumbent,pres_elec,8.81977,2.814528,4.316897,13.330781,2021,two_party
baseline_pres_incumbent,pres_elec_x_incumbent_dem,2.148308,3.324033,-3.087276,7.463253,2021,two_party
baseline_pres_incumbent,pres_elec_x_incumbent_gop,-5.297697,3.868004,-11.403859,0.986703,2021,two_party
baseline_pres_incumbent,sigma,12.674197,0.451299,11.965046,13.419382,2022,two_party
baseline_pres_incumbent,Intercept,-1.540314,1.494569,-3.946765,0.828251,2022,two_party
baseline_pres_incumbent,PVI_N,1.658474,0.082223,1.527212,1.790396,2022,two_party
baseline_pres_incumbent,incumbent_dem,10.209536,1.754123,7.428768,13.00407,2022,two_party
baseline_pres_incumbent,incumbent_gop,-16.616011,2.501132,-20.591746,-12.593841,2022,two_party
baseline_pres_incumbent,pres_elec,8.45017,2.81194,4.003315,12.981164,2022,two_party
baseline_pres_incumbent,pres_elec_x_incumbent_dem,2.518029,3.353913,-2.872604,7.80926,2022,two_party
baseline_pres_incumbent,pres_elec_x_incumbent_gop,-4.866364,3.89313,-11.004179,1.2916,2022,two_party
baseline_pres_incumbent,sigma,12.245195,0.399607,11.622246,12.900044,2023,two_party
baseline_pres_incumbent,Intercept,-0.886815,1.319029,-2.976359,1.23357,2023,two_party
baseline_pres_incumbent,PVI_N,1.637511,0.075541,1.517458,1.759617,2023,two_party
baseline_pres_incumbent,incumbent_dem,9.913769,1.521073,7.485551,12.369101,2023,two_party
baseline_pres_incumbent,incumbent_gop,-17.170234,2.214252,-20.733693,-13.64581,2023,two_party
baseline_pres_incumbent,pres_elec,7.942894,2.63146,3.700096,12.165516,2023,two_party
baseline_pres_incumbent,pres_elec_x_incumbent_dem,2.833628,3.12006,-2.108201,7.779382,2023,two_party
baseline_pres_incumbent,pres_elec_x_incumbent_gop,-4.494122,3.615109,-10.260736,1.334132,2023,two_party
baseline_pres_incumbent,sigma,12.228691,0.404123,11.600482,12.886582,2024,two_party
baseline_pres_incumbent,Intercept,-0.939137,1.315885,-3.074933,1.142017,2024,two_party
baseline_pres_incumbent,PVI_N,1.641222,0.07475,1.521756,1.76098,2024,two_party
baseline_pres_incumbent,incumbent_dem,9.935388,1.523118,7.524987,12.385956,2024,two_party
baseline_pres_incumbent,incumbent_gop,-17.163113,2.146795,-20.589865,-13.72335,2024,two_party
baseline_pres_incumbent,pres_elec,7.96188,2.613017,3.842863,12.127302,2024,two_party
baseline_pres_incumbent,pres_elec_x_incumbent_dem,2.824401,3.116007,-2.210374,7.704985,2024,two_party
baseline_pres_incumbent,pres_elec_x_incumbent_gop,-4.441267,3.587549,-10.222824,1.278746,2024,two_party
baseline_year,sigma,12.47671,0.684098,11.408507,13.602351,2014,two_party
baseline_year,Intercept,-8.51416,4.457841,-15.315453,-0.730481,2014,two_party
baseline_year,PVI_N,1.934075,0.129071,1.726026,2.134766,2014,two_party
baseline_year,incumbent_dem,11.995006,2.216677,8.276968,15.500228,2014,two_party
baseline_year,incumbent_gop,-20.218698,3.697987,-26.200305,-14.405621,2014,two_party
baseline_year,pres_elec,14.557472,6.679293,2.951503,25.118754,2014,two_party
baseline_year,1|election_year_sigma,5.459885,4.75821,0.426031,14.449525,2014,two_party
baseline_year,1|election_year[2010],-0.730229,4.02175,-8.009907,5.292175,2014,two_party
baseline_year,1|election_year[2011],1.652452,4.877009,-5.003301,10.561929,2014,two_party
baseline_year,1|election_year[2012],-0.181443,5.352211,-9.560377,8.996081,2014,two_party
baseline_year,1|election_year[2013],-0.782593,4.515218,-8.610856,5.902006,2014,two_party
baseline_year,sigma,12.35494,0.545013,11.516562,13.232472,2015,two_party
baseline_year,Intercept,-8.34364,3.832372,-15.461918,-2.836543,2015,two_party
baseline_year,PVI_N,1.817956,0.099163,1.661967,1.980706,2015,two_party
baseline_year,incumbent_dem,14.538209,1.798711,11.735059,17.449491,2015,two_party
baseline_year,incumbent_gop,-18.696353,2.867195,-23.22059,-14.076037,2015,two_party
baseline_year,pres_elec,13.314632,5.87186,3.909566,23.877814,2015,two_party
baseline_year,1|election_year_sigma,4.627647,3.690289,0.64364,12.816139,2015,two_party
baseline_year,1|election_year[2010],-1.331125,3.73046,-6.807477,5.402441,2015,two_party
baseline_year,1|election_year[2011],1.593526,4.316325,-3.940904,10.002889,2015,two_party
baseline_year,1|election_year[2012],-0.007753,4.563399,-7.118724,7.484887,2015,two_party
baseline_year,1|election_year[2013],0.340001,4.673726,-6.098046,8.896033,2015,two_party
baseline_year,1|election_year[2014],1.711402,3.817529,-3.174341,8.752784,2015,two_party
baseline_year,sigma,12.341458,0.530487,11.495931,13.171407,2016,two_party
baseline_year,Intercept,-6.271896,4.766003,-12.744057,4.520034,2016,two_party
baseline_year,PVI_N,1.817856,0.099304,1.660378,1.972424,2016,two_party
baseline_year,incumbent_dem,14.336151,1.854011,11.593862,17.353833,2016,two_party
baseline_year,incumbent_gop,-19.326639,3.040513,-24.124715,-14.557725,2016,two_party
baseline_year,pres_elec,10.889625,11.745521,-14.467568,32.600486,2016,two_party
baseline_year,1|election_year_sigma,6.088318,5.456462,0.756324,17.932034,2016,two_party
baseline_year,1|election_year[2010],-3.255218,4.510457,-13.47029,2.118762,2016,two_party
baseline_year,1|election_year[2011],0.947001,4.52491,-6.279374,9.033814,2016,two_party
baseline_year,1|election_year[2012],0.572632,7.929313,-15.85381,16.035965,2016,two_party
baseline_year,1|election_year[2013],-1.284437,4.950871,-10.36967,5.880888,2016,two_party
baseline_year,1|election_year[2014],0.032482,4.062109,-8.287322,5.91824,2016,two_party
baseline_year,1|election_year[2015],-0.399765,5.606355,-12.016267,7.686754,2016,two_party
baseline_year,sigma,12.183879,0.511872,11.392342,13.03213,2017,two_party
baseline_year,Intercept,-6.332298,2.449045,-9.829341,-2.205127,2017,two_party
baseline_year,PVI_N,1.699944,0.087693,1.559068,1.837788,2017,two_party
baseline_year,incumbent_dem,14.676693,1.712002,11.897643,17.377385,2017,two_party
baseline_year,incumbent_gop,-20.282368,2.434244,-24.085341,-16.383052,2017,two_party
baseline_year,pres_elec,11.062814,3.124029,5.616489,15.397816,2017,two_party
baseline_year,1|election_year_sigma,2.928718,2.501303,0.377435,7.346581,2017,two_party
baseline_year,1|election_year[2010],-2.068707,2.363626,-6.34405,0.704372,2017,two_party
baseline_year,1|election_year[2011],0.762349,2.965662,-3.223795,5.901707,2017,two_party
baseline_year,1|election_year[2012],1.041566,2.549468,-2.374137,5.663872,2017,two_party
baseline_year,1|election_year[2013],-0.134828,2.646936,-4.403109,3.934106,2017,two_party
baseline_year,1|election_year[2014],0.447952,2.186,-3.276148,3.61496,2017,two_party
baseline_year,1|election_year[2015],0.398537,3.096241,-4.21475,5.317524,2017,two_party
baseline_year,1|election_year[2016],-0.084381,2.34647,-3.614747,3.869605,2017,two_party
baseline_year,sigma,12.160027,0.500685,11.375808,12.983981,2018,two_party
baseline_year,Intercept,-5.711209,2.311016,-9.190356,-1.735455,2018,two_party
baseline_year,PVI_N,1.716985,0.087437,1.578597,1.854659,2018,two_party
baseline_year,incumbent_dem,14.415083,1.705159,11.688904,17.162209,2018,two_party
baseline_year,incumbent_gop,-20.457973,2.408489,-24.224418,-16.574346,2018,two_party
baseline_year,pres_elec,10.630876,3.115415,5.247447,15.125477,2018,two_party
baseline_year,1|election_year_sigma,2.966167,2.117924,0.460061,6.877229,2018,two_party
baseline_year,1|election_year[2010],-2.64796,2.480495,-7.265057,0.365336,2018,two_party
baseline_year,1|election_year[2011],0.61025,3.028644,-3.69661,5.503896,2018,two_party
baseline_year,1|election_year[2012],0.948945,2.333726,-2.373261,4.923535,2018,two_party
baseline_year,1|election_year[2013],-0.515531,2.807491,-5.583646,3.496398,2018,two_party
baseline_year,1|election_year[2014],0.063611,2.175623,-3.73652,3.235916,2018,two_party
baseline_year,1|election_year[2015],0.359154,3.030354,-4.239803,5.308676,2018,two_party
baseline_year,1|election_year[2016],-0.276648,2.219137,-3.920789,3.188879,2018,two_party
baseline_year,1|election_year[2017],1.192209,2.946358,-2.685411,6.450567,2018,two_party
baseline_year,sigma,11.959538,0.446355,11.280985,12.692874,2020,two_party
baseline_year,Intercept,-2.132422,2.842035,-6.427413,2.453688,2020,two_party
baseline_year,PVI_N,1.704769,0.081142,1.574022,1.834766,2020,two_party
baseline_year,incumbent_dem,13.053915,1.591202,10.482187,15.608496,2020,two_party
baseline_year,incumbent_gop,-20.645092,2.066355,-23.990268,-17.373469,2020,two_party
baseline_year,pres_elec,7.713436,4.268382,0.854271,14.440234,2020,two_party
baseline_year,1|election_year_sigma,5.622598,2.183152,2.977125,9.647134,2020,two_party
baseline_year,1|election_year[2010],-5.603582,2.911199,-10.310071,-1.288732,2020,two_party
baseline_year,1|election_year[2011],0.394324,4.599007,-6.873034,7.722655,2020,two_party
baseline_year,1|election_year[2012],1.538333,3.826481,-4.517737,7.671969,2020,two_party
baseline_year,1|election_year[2013],-2.272655,4.145932,-9.301105,3.982394,2020,two_party
baseline_year,1|election_year[2014],-2.068012,2.910508,-6.630142,2.309997,2020,two_party
baseline_year,1|election_year[2015],0.061131,4.742884,-7.50579,7.498144,2020,two_party
baseline_year,1|election_year[2016],-0.63076,3.682903,-6.444576,5.107625,2020,two_party
baseline_year,1|election_year[2017],1.326306,4.194041,-5.102203,8.149845,2020,two_party
baseline_year,1|election_year[2018],6.653893,2.954864,2.072334,11.377685,2020,two_party
baseline_year,sigma,11.888593,0.427899,11.221322,12.579004,2021,two_party
baseline_year,Intercept,0.932996,3.072044,-3.831499,5.963138,2021,two_party
baseline_year,PVI_N,1.701524,0.079219,1.574898,1.826492,2021,two_party
baseline_year,incumbent_dem,12.451014,1.51152,10.069446,14.844219,2021,two_party
baseline_year,incumbent_gop,-20.214719,1.883939,-23.228829,-17.228271,2021,two_party
baseline_year,pres_elec,-0.022712,4.208624,-7.089189,6.352128,2021,two_party
baseline_year,1|election_year_sigma,7.064287,2.841861,3.648999,12.468639,2021,two_party
baseline_year,1|election_year[2010],-8.305337,3.253266,-13.651128,-3.604953,2021,two_party
baseline_year,1|election_year[2011],-1.058639,4.974987,-9.113193,6.686607,2021,two_party
baseline_year,1|election_year[2012],6.277249,4.184102,0.392591,13.404048,2021,two_party
baseline_year,1|election_year[2013],-4.667813,4.77179,-12.583706,2.394708,2021,two_party
baseline_year,1|election_year[2014],-4.708329,3.282577,-10.067592,0.20622,2021,two_party
baseline_year,1|election_year[2015],-1.094457,5.617718,-10.21773,7.500927,2021,two_party
baseline_year,1|election_year[2016],3.374401,4.031323,-2.269383,10.243004,2021,two_party
baseline_year,1|election_year[2017],-0.097584,4.802696,-7.69503,7.538623,2021,two_party
baseline_year,1|election_year[2018],4.067087,3.268238,-1.202731,8.996367,2021,two_party
baseline_year,1|election_year[2020],6.444338,4.026415,0.838821,13.351908,2021,two_party
baseline_year,sigma,11.98819,0.425257,11.323078,12.689821,2022,two_party
baseline_year,Intercept,1.921824,2.996873,-2.561504,6.835332,2022,two_party
baseline_year,PVI_N,1.704409,0.078745,1.576962,1.830853,2022,two_party
baseline_year,incumbent_dem,12.416678,1.500543,10.00476,14.815511,2022,two_party
baseline_year,incumbent_gop,-20.224314,1.876187,-23.259978,-17.230835,2022,two_party
baseline_year,pres_elec,-0.670315,4.397975,-8.204709,6.093343,2022,two_party
baseline_year,1|election_year_sigma,7.260723,2.826801,3.750115,12.242973,2022,two_party
baseline_year,1|election_year[2010],-9.275068,3.23133,-14.683759,-4.467227,2022,two_party
baseline_year,1|election_year[2011],-1.556114,5.129393,-10.011649,6.279569,2022,two_party
baseline_year,1|election_year[2012],5.959024,4.004433,0.171113,12.794071,2022,two_party
baseline_year,1|election_year[2013],-5.402672,4.873173,-13.531385,1.851792,2022,two_party
baseline_year,1|election_year[2014],-5.677052,3.256619,-11.110546,-0.873323,2022,two_party
baseline_year,1|election_year[2015],-1.496421,5.637005,-10.650938,7.244007,2022,two_party
baseline_year,1|election_year[2016],2.991175,3.813127,-2.592696,9.531284,2022,two_party
baseline_year,1|election_year[2017],-0.723364,4.766979,-8.493455,6.664149,2022,two_party
baseline_year,1|election_year[2018],3.118227,3.219428,-2.178119,7.983016,2022,two_party
baseline_year,1|election_year[2020],6.108305,3.805151,0.47002,12.589061,2022,two_party
baseline_year,1|election_year[2021],4.955368,5.745933,-3.643205,14.548352,2022,two_party
baseline_year,sigma,11.646702,0.382597,11.059056,12.280796,2023,two_party
baseline_year,Intercept,1.649864,2.538965,-2.308597,5.855951,2023,two_party
baseline_year,PVI_N,1.680322,0.074691,1.559341,1.799912,2023,two_party
baseline_year,incumbent_dem,11.776283,1.363127,9.614817,13.958476,2023,two_party
baseline_year,incumbent_gop,-20.374507,1.72442,-23.14135,-17.606957,2023,two_party
baseline_year,pres_elec,0.331492,3.888691,-6.266267,6.196812,2023,two_party
baseline_year,1|election_year_sigma,6.49829,2.499054,3.446992,10.864223,2023,two_party
baseline_year,1|election_year[2010],-8.357851,2.742793,-12.869811,-4.229142,2023,two_party
baseline_year,1|election_year[2011],-1.221108,4.709014,-8.775615,6.213994,2023,two_party
baseline_year,1|election_year[2012],5.813527,3.687433,0.478022,12.178758,2023,two_party
baseline_year,1|election_year[2013],-4.718974,4.423395,-12.030258,1.917428,2023,two_party
baseline_year,1|election_year[2014],-4.827515,2.759528,-9.447972,-0.735594,2023,two_party
baseline_year,1|election_year[2015],-1.224576,5.2074,-9.784356,6.677823,2023,two_party
baseline_year,1|election_year[2016],2.77185,3.532652,-2.310447,8.77439,2023,two_party
baseline_year,1|election_year[2017],-0.469841,4.480588,-7.677847,6.528984,2023,two_party
baseline_year,1|election_year[2018],3.752544,2.720972,-0.662945,7.973992,2023,two_party
baseline_year,1|election_year[2020],5.81171,3.514305,0.639518,11.784117,2023,two_party
baseline_year,1|election_year[2021],4.724224,5.416836,-3.285521,13.93804,2023,two_party
baseline_year,1|election_year[2022],-1.977793,2.739172,-6.503281,2.19451,2023,two_party
baseline_year,sigma,11.645264,0.388344,11.043354,12.276985,2024,two_party
baseline_year,Intercept,1.278587,2.501225,-2.508454,5.302496,2024,two_party
baseline_year,PVI_N,1.683618,0.072383,1.567252,1.799351,2024,two_party
baseline_year,incumbent_dem,11.834728,1.31829,9.713777,13.927031,2024,two_party
baseline_year,incumbent_gop,-20.282884,1.687222,-22.980687,-17.609884,2024,two_party
baseline_year,pres_elec,0.586822,3.973941,-6.137588,6.573806,2024,two_party
baseline_year,1|election_year_sigma,6.264604,2.291528,3.313554,10.467361,2024,two_party
baseline_year,1|election_year[2010],-8.055224,2.702453,-12.480813,-3.919546,2024,two_party
baseline_year,1|election_year[2011],-0.954004,4.640301,-8.597892,6.153908,2024,two_party
baseline_year,1|election_year[2012],5.826305,3.798091,0.37943,12.297724,2024,two_party
baseline_year,1|election_year[2013],-4.389491,4.431638,-11.942044,2.394652,2024,two_party
baseline_year,1|election_year[2014],-4.544497,2.724625,-9.015557,-0.392188,2024,two_party
baseline_year,1|election_year[2015],-1.04469,5.113638,-9.2632,6.918476,2024,two_party
baseline_year,1|election_year[2016],2.798834,3.628363,-2.470843,8.882219,2024,two_party
baseline_year,1|election_year[2017],-0.278515,4.349346,-7.379324,6.612524,2024,two_party
baseline_year,1|election_year[2018],4.019764,2.724982,-0.325549,8.30476,2024,two_party
baseline_year,1|election_year[2020],5.846853,3.604142,0.631257,11.988441,2024,two_party
baseline_year,1|election_year[2021],4.701278,5.364618,-2.922343,13.97398,2024,two_party
baseline_year,1|election_year[2022],-1.719746,2.716688,-6.195259,2.398754,2024,two_party
baseline_year,1|election_year[2023],-2.309292,5.731513,-11.778365,6.090178,2024,two_party
baseline_national_env,sigma,12.412043,0.683054,11.377749,13.537658,2014,two_party
baseline_national_env,Intercept,-3.176714,84.233403,-137.080583,131.708966,2014,two_party
baseline_national_env,PVI_N,1.934446,0.131941,1.725832,2.143676,2014,two_party
baseline_national_env,incumbent_dem,11.828395,2.201865,8.283607,15.338296,2014,two_party
baseline_national_env,incumbent_gop,-20.034577,3.649976,-25.914443,-14.307628,2014,two_party
baseline_national_env,pres_elec,9.090213,84.19415,-125.98557,143.115194,2014,two_party
baseline_national_env,national_env,5.902623,84.206724,-127.990984,141.009712,2014,two_party
baseline_national_env,sigma,12.419044,0.553972,11.567554,13.325532,2015,two_party
baseline_national_env,Intercept,-1.38251,98.861747,-157.880198,156.018712,2015,two_party
baseline_national_env,PVI_N,1.806708,0.098263,1.649687,1.962167,2015,two_party
baseline_national_env,incumbent_dem,14.676194,1.822634,11.719911,17.544732,2015,two_party
baseline_national_env,incumbent_gop,-18.000846,2.790113,-22.535031,-13.500512,2015,two_party
baseline_national_env,pres_elec,6.227956,98.79235,-150.758472,162.747638,2015,two_party
baseline_national_env,national_env,6.926708,98.829469,-150.185658,163.902356,2015,two_party
baseline_national_env,sigma,12.394572,0.554736,11.542151,13.307103,2016,two_party
baseline_national_env,Intercept,-2.032089,98.209913,-159.646727,152.90959,2016,two_party
baseline_national_env,PVI_N,1.80527,0.097657,1.649384,1.96022,2016,two_party
baseline_national_env,incumbent_dem,14.481302,1.790213,11.614186,17.347837,2016,two_party
baseline_national_env,incumbent_gop,-18.191042,2.750327,-22.590611,-13.799592,2016,two_party
baseline_national_env,pres_elec,7.028923,98.184389,-148.372135,165.038313,2016,two_party
baseline_national_env,national_env,6.070499,98.168723,-151.329068,160.378905,2016,two_party
baseline_national_env,sigma,12.226116,0.502852,11.454006,13.061818,2017,two_party
baseline_national_env,Intercept,0.573948,92.130653,-147.022614,145.298216,2017,two_party
baseline_national_env,PVI_N,1.696583,0.087718,1.55705,1.836558,2017,two_party
baseline_national_env,incumbent_dem,14.638805,1.660336,11.998209,17.290009,2017,two_party
baseline_national_env,incumbent_gop,-20.218281,2.350215,-23.959738,-16.474125,2017,two_party
baseline_national_env,pres_elec,4.766148,92.154786,-140.277824,152.162907,2017,two_party
baseline_national_env,national_env,7.716298,92.150582,-140.04277,152.757362,2017,two_party
baseline_national_env,sigma,12.208149,0.495796,11.442082,13.029989,2018,two_party
baseline_national_env,Intercept,-3.239144,3.185178,-8.341847,1.827136,2018,two_party
baseline_national_env,PVI_N,1.709943,0.088415,1.568705,1.849963,2018,two_party
baseline_national_env,incumbent_dem,14.64773,1.671477,11.904756,17.288253,2018,two_party
baseline_national_env,incumbent_gop,-20.090885,2.409799,-23.952478,-16.224193,2018,two_party
baseline_national_env,pres_elec,8.428196,3.380605,3.002944,13.760171,2018,two_party
baseline_national_env,national_env,4.026795,3.112212,-0.977233,9.033968,2018,two_party
baseline_national_env,sigma,12.002327,0.452099,11.30341,12.735493,2020,two_party
baseline_national_env,Intercept,-0.603107,1.437764,-2.928918,1.723229,2020,two_party
baseline_national_env,PVI_N,1.700971,0.083821,1.566911,1.835191,2020,two_party
baseline_national_env,incumbent_dem,13.065919,1.514244,10.667869,15.547045,2020,two_party
baseline_national_env,incumbent_gop,-20.607603,2.018234,-23.814897,-17.333505,2020,two_party
baseline_national_env,pres_elec,6.850316,1.486755,4.482159,9.243247,2020,two_party
baseline_national_env,national_env,5.561815,0.906863,4.124748,7.019889,2020,two_party
baseline_national_env,sigma,11.902049,0.417033,11.251304,12.581853,2021,two_party
baseline_national_env,Intercept,0.424102,1.32049,-1.695699,2.497253,2021,two_party
baseline_national_env,PVI_N,1.696929,0.077194,1.573849,1.82223,2021,two_party
baseline_national_env,incumbent_dem,12.16615,1.411055,9.919409,14.420484,2021,two_party
baseline_national_env,incumbent_gop,-20.61446,1.787498,-23.518673,-17.832924,2021,two_party
baseline_national_env,pres_elec,6.258704,1.29901,4.229448,8.354507,2021,two_party
baseline_national_env,national_env,6.03309,0.85874,4.671241,7.407299,2021,two_party
baseline_national_env,sigma,12.078792,0.421306,11.423383,12.759006,2022,two_party
baseline_national_env,Intercept,0.715091,1.32161,-1.404905,2.807683,2022,two_party
baseline_national_env,PVI_N,1.705801,0.078364,1.579264,1.831246,2022,two_party
baseline_national_env,incumbent_dem,11.78993,1.425692,9.544952,14.065965,2022,two_party
baseline_national_env,incumbent_gop,-20.871263,1.811851,-23.709523,-17.906736,2022,two_party
baseline_national_env,pres_elec,6.196605,1.322198,4.090552,8.30064,2022,two_party
baseline_national_env,national_env,5.915772,0.883591,4.489271,7.302908,2022,two_party
baseline_national_env,sigma,11.798514,0.388721,11.201953,12.435098,2023,two_party
baseline_national_env,Intercept,1.55133,1.213121,-0.394077,3.523714,2023,two_party
baseline_national_env,PVI_N,1.690139,0.072367,1.573661,1.80615,2023,two_party
baseline_national_env,incumbent_dem,11.269561,1.272454,9.218725,13.323861,2023,two_party
baseline_national_env,incumbent_gop,-20.647166,1.675569,-23.331187,-18.00822,2023,two_party
baseline_national_env,pres_elec,5.622902,1.244399,3.648882,7.609298,2023,two_party
baseline_national_env,national_env,5.257506,0.803832,3.978056,6.557178,2023,two_party
baseline_national_env,sigma,11.781644,0.393109,11.17769,12.418898,2024,two_party
baseline_national_env,Intercept,1.516858,1.213424,-0.396216,3.437453,2024,two_party
baseline_national_env,PVI_N,1.690564,0.072911,1.572243,1.805285,2024,two_party
baseline_national_env,incumbent_dem,11.309848,1.253411,9.289181,13.314047,2024,two_party
baseline_national_env,incumbent_gop,-20.632368,1.643617,-23.254667,-18.005314,2024,two_party
baseline_national_env,pres_elec,5.64275,1.260227,3.624583,7.676166,2024,two_party
baseline_national_env,national_env,5.281172,0.809311,4.004041,6.596295,2024,two_party
baseline,sigma,13.859172,0.694445,12.789079,15.004349,2014,two_party_or_strongest
baseline,Intercept,-5.9267,2.271622,-9.590235,-2.260656,2014,two_party_or_strongest
baseline,PVI_N,1.849667,0.119285,1.65699,2.038889,2014,two_party_or_strongest
baseline,incumbent_dem,10.284782,2.264293,6.664172,13.904234,2014,two_party_or_strongest
baseline,incumbent_gop,-22.026664,4.084363,-28.635113,-15.507291,2014,two_party_or_strongest
baseline,pres_elec,13.63413,2.164695,10.183239,17.096143,2014,two_party_or_strongest
baseline,sigma,13.882289,0.569798,12.986838,14.816669,2015,two_party_or_strongest
baseline,Intercept,-5.97157,1.809893,-8.850308,-3.06836,2015,two_party_or_strongest
baseline,PVI_N,1.85935,0.09061,1.717289,2.004234,2015,two_party_or_strongest
baseline,incumbent_dem,13.235731,1.874152,10.246939,16.236926,2015,two_party_or_strongest
baseline,incumbent_gop,-19.504706,3.09503,-24.419837,-14.51221,2015,two_party_or_strongest
baseline,pres_elec,11.220603,1.915159,8.203953,14.363632,2015,two_party_or_strongest
baseline,sigma,14.151587,0.584058,13.256769,15.118671,2016,two_party_or_strongest
baseline,Intercept,-5.433525,1.791485,-8.282013,-2.570441,2016,two_party_or_strongest
baseline,PVI_N,1.879729,0.092647,1.730662,2.027579,2016,two_party_or_strongest
baseline,incumbent_dem,12.579851,1.878179,9.572274,15.603824,2016,two_party_or_strongest
baseline,incumbent_gop,-19.983195,3.18359,-25.131299,-14.91881,2016,two_party_or_strongest
baseline,pres_elec,10.99433,1.94434,7.865085,14.04329,2016,two_party_or_strongest
baseline,sigma,14.08699,0.52856,13.268529,14.943488,2017,two_party_or_strongest
baseline,Intercept,-3.997621,1.688234,-6.689354,-1.326977,2017,two_party_or_strongest
baseline,PVI_N,1.724984,0.081896,1.59215,1.854503,2017,two_party_or_strongest
baseline,incumbent_dem,12.836182,1.766694,10.023448,15.615337,2017,two_party_or_strongest
baseline,incumbent_gop,-22.28824,2.619674,-26.486487,-18.097999,2017,two_party_or_strongest
baseline,pres_elec,10.871118,1.615496,8.299616,13.469836,2017,two_party_or_strongest
baseline,sigma,14.438071,0.546543,13.58523,15.338903,2018,two_party_or_strongest
baseline,Intercept,-3.265097,1.690559,-5.948903,-0.537421,2018,two_party_or_strongest
baseline,PVI_N,1.738867,0.084308,1.604372,1.870955,2018,two_party_or_strongest
baseline,incumbent_dem,12.041208,1.778598,9.196545,14.877288,2018,two_party_or_strongest
baseline,incumbent_gop,-22.92088,2.730215,-27.332867,-18.561212,2018,two_party_or_strongest
baseline,pres_elec,10.644772,1.658478,7.964787,13.231422,2018,two_party_or_strongest
baseline,sigma,14.975069,0.517803,14.175824,15.82515,2020,two_party_or_strongest
baseline,Intercept,0.022368,1.597263,-2.525982,2.556539,2020,two_party_or_strongest
baseline,PVI_N,1.698204,0.078913,1.571681,1.821545,2020,two_party_or_strongest
baseline,incumbent_dem,11.491819,1.716197,8.746569,14.269405,2020,two_party_or_strongest
baseline,incumbent_gop,-21.1776,2.343726,-24.947648,-17.41232,2020,two_party_or_strongest
baseline,pres_elec,7.586354,1.625314,4.989447,10.204923,2020,two_party_or_strongest
baseline,sigma,14.716847,0.479062,13.971851,15.505229,2021,two_party_or_strongest
baseline,Intercept,0.906366,1.487128,-1.483003,3.273431,2021,two_party_or_strongest
baseline,PVI_N,1.697405,0.076311,1.575138,1.8192,2021,two_party_or_strongest
baseline,incumbent_dem,10.614181,1.570739,8.082401,13.098188,2021,two_party_or_strongest
baseline,incumbent_gop,-21.672257,2.119064,-25.084818,-18.304895,2021,two_party_or_strongest
baseline,pres_elec,7.419298,1.432058,5.116603,9.676605,2021,two_party_or_strongest
baseline,sigma,14.791202,0.478419,14.037063,15.566226,2022,two_party_or_strongest
baseline,Intercept,1.114847,1.489238,-1.227651,3.519837,2022,two_party_or_strongest
baseline,PVI_N,1.700484,0.075928,1.577885,1.820147,2022,two_party_or_strongest
baseline,incumbent_dem,10.40293,1.613217,7.822966,12.967525,2022,two_party_or_strongest
baseline,incumbent_gop,-21.878984,2.148149,-25.319203,-18.44022,2022,two_party_or_strongest
baseline,pres_elec,7.351833,1.392826,5.128901,9.58226,2022,two_party_or_strongest
baseline,sigma,14.334932,0.428099,13.668997,15.036702,2023,two_party_or_strongest
baseline,Intercept,1.355266,1.317367,-0.739098,3.468097,2023,two_party_or_strongest
baseline,PVI_N,1.719244,0.069381,1.609716,1.832114,2023,two_party_or_strongest
baseline,incumbent_dem,10.038535,1.403161,7.7928,12.23337,2023,two_party_or_strongest
baseline,incumbent_gop,-21.809311,1.92839,-24.891692,-18.621095,2023,two_party_or_strongest
baseline,pres_elec,7.148031,1.345617,4.970666,9.262698,2023,two_party_or_strongest
baseline,sigma,14.323375,0.432274,13.641278,15.031043,2024,two_party_or_strongest
baseline,Intercept,1.244878,1.321369,-0.87238,3.354715,2024,two_party_or_strongest
baseline,PVI_N,1.721077,0.069822,1.608249,1.834841,2024,two_party_or_strongest
baseline,incumbent_dem,10.124268,1.415359,7.872676,12.428715,2024,two_party_or_strongest
baseline,incumbent_gop,-21.676915,1.943615,-24.799748,-18.55841,2024,two_party_or_strongest
baseline,pres_elec,7.178712,1.339399,5.036942,9.273584,2024,two_party_or_strongest
baseline_special,sigma,13.897514,0.723628,12.792277,15.081555,2014,two_party_or_strongest
baseline_special,Intercept,-6.383991,2.378581,-10.147244,-2.607426,2014,two_party_or_strongest
baseline_special,PVI_N,1.839443,0.123896,1.642303,2.037453,2014,two_party_or_strongest
baseline_special,incumbent_dem,10.831518,2.45714,6.978751,14.759191,2014,two_party_or_strongest
baseline_special,incumbent_gop,-21.680685,4.071644,-28.260061,-15.195125,2014,two_party_or_strongest
baseline_special,pres_elec,13.775733,2.161866,10.341633,17.226057,2014,two_party_or_strongest
baseline_special,is_special,2.303411,4.500285,-4.902652,9.382492,2014,two_party_or_strongest
baseline_special,sigma,13.911151,0.588544,13.009082,14.88313,2015,two_party_or_strongest
baseline_special,Intercept,-6.200729,1.947084,-9.335615,-3.133389,2015,two_party_or_strongest
baseline_special,PVI_N,1.856157,0.090654,1.715339,2.001909,2015,two_party_or_strongest
baseline_special,incumbent_dem,13.492662,2.055641,10.16959,16.768867,2015,two_party_or_strongest
baseline_special,incumbent_gop,-19.350123,3.097198,-24.348362,-14.418168,2015,two_party_or_strongest
baseline_special,pres_elec,11.297694,1.949377,8.205427,14.408173,2015,two_party_or_strongest
baseline_special,is_special,1.045172,3.782346,-5.094714,7.178752,2015,two_party_or_strongest
baseline_special,sigma,14.153033,0.593983,13.242543,15.132231,2016,two_party_or_strongest
baseline_special,Intercept,-6.23056,1.984448,-9.372237,-2.994325,2016,two_party_or_strongest
baseline_special,PVI_N,1.865905,0.092139,1.716766,2.011352,2016,two_party_or_strongest
baseline_special,incumbent_dem,13.419322,2.089356,10.114358,16.802858,2016,two_party_or_strongest
baseline_special,incumbent_gop,-19.348077,3.216486,-24.480436,-14.17321,2016,two_party_or_strongest
baseline_special,pres_elec,11.294885,1.994697,8.098111,14.428732,2016,two_party_or_strongest
baseline_special,is_special,3.762416,3.670406,-2.176673,9.618886,2016,two_party_or_strongest
baseline_special,sigma,14.070584,0.532202,13.240932,14.952222,2017,two_party_or_strongest
baseline_special,Intercept,-5.049402,1.843966,-7.972941,-2.115823,2017,two_party_or_strongest
baseline_special,PVI_N,1.712281,0.08316,1.579501,1.846866,2017,two_party_or_strongest
baseline_special,incumbent_dem,13.913023,1.920613,10.843313,16.969564,2017,two_party_or_strongest
baseline_special,incumbent_gop,-21.564895,2.734808,-25.999796,-17.169623,2017,two_party_or_strongest
baseline_special,pres_elec,11.232082,1.644066,8.623378,13.866734,2017,two_party_or_strongest
baseline_special,is_special,4.588982,3.360502,-0.794073,9.992918,2017,two_party_or_strongest
baseline_special,sigma,14.37258,0.535576,13.555341,15.250583,2018,two_party_or_strongest
baseline_special,Intercept,-5.09404,1.905543,-8.165853,-2.077675,2018,two_party_or_strongest
baseline_special,PVI_N,1.721549,0.084314,1.588532,1.855165,2018,two_party_or_strongest
baseline_special,incumbent_dem,13.821805,1.980967,10.666584,16.991953,2018,two_party_or_strongest
baseline_special,incumbent_gop,-21.575757,2.790521,-25.921254,-17.068442,2018,two_party_or_strongest
baseline_special,pres_elec,11.269213,1.701425,8.563927,14.030328,2018,two_party_or_strongest
baseline_special,is_special,6.841084,3.226313,1.73908,12.045992,2018,two_party_or_strongest
baseline_special,sigma,14.98027,0.517219,14.185471,15.816508,2020,two_party_or_strongest
baseline_special,Intercept,-0.558756,1.774185,-3.414016,2.291037,2020,two_party_or_strongest
baseline_special,PVI_N,1.693045,0.079838,1.566095,1.817907,2020,two_party_or_strongest
baseline_special,incumbent_dem,12.04863,1.914299,9.007376,15.089629,2020,two_party_or_strongest
baseline_special,incumbent_gop,-20.719008,2.464081,-24.609028,-16.760376,2020,two_party_or_strongest
baseline_special,pres_elec,7.765292,1.627159,5.201353,10.366171,2020,two_party_or_strongest
baseline_special,is_special,2.490918,3.218943,-2.638832,7.710672,2020,two_party_or_strongest
baseline_special,sigma,14.682976,0.483555,13.936529,15.477571,2021,two_party_or_strongest
baseline_special,Intercept,-0.458966,1.64409,-3.075918,2.132499,2021,two_party_or_strongest
baseline_special,PVI_N,1.685823,0.074831,1.565609,1.806414,2021,two_party_or_strongest
baseline_special,incumbent_dem,11.955807,1.739243,9.203308,14.718332,2021,two_party_or_strongest
baseline_special,incumbent_gop,-20.636545,2.198427,-24.16596,-17.118305,2021,two_party_or_strongest
baseline_special,pres_elec,7.82961,1.435899,5.513912,10.126037,2021,two_party_or_strongest
baseline_special,is_special,5.326911,2.937275,0.646826,9.99752,2021,two_party_or_strongest
baseline_special,sigma,14.740907,0.474577,13.986771,15.521332,2022,two_party_or_strongest
baseline_special,Intercept,-0.465956,1.674541,-3.140003,2.17147,2022,two_party_or_strongest
baseline_special,PVI_N,1.68758,0.07509,1.569526,1.807777,2022,two_party_or_strongest
baseline_special,incumbent_dem,11.928179,1.743253,9.143146,14.676801,2022,two_party_or_strongest
baseline_special,incumbent_gop,-20.603485,2.214645,-24.124886,-17.058384,2022,two_party_or_strongest
baseline_special,pres_elec,7.82224,1.451007,5.517767,10.127411,2022,two_party_or_strongest
baseline_special,is_special,5.882771,2.927264,1.248433,10.650563,2022,two_party_or_strongest
baseline_special,sigma,14.301191,0.433661,13.623093,15.003745,2023,two_party_or_strongest
baseline_special,Intercept,0.197495,1.448111,-2.153289,2.469037,2023,two_party_or_strongest
baseline_special,PVI_N,1.711628,0.069271,1.602256,1.820771,2023,two_party_or_strongest
baseline_special,incumbent_dem,11.160591,1.526185,8.745243,13.625497,2023,two_party_or_strongest
baseline_special,incumbent_gop,-20.82304,1.993303,-23.979524,-17.608977,2023,two_party_or_strongest
baseline_special,pres_elec,7.48799,1.343317,5.326305,9.611392,2023,two_party_or_strongest
baseline_special,is_special,4.976774,2.685041,0.70982,9.337671,2023,two_party_or_strongest
baseline_special,sigma,14.307169,0.42481,13.642492,15.016067,2024,two_party_or_strongest
baseline_special,Intercept,0.201131,1.473957,-2.136498,2.540412,2024,two_party_or_strongest
baseline_special,PVI_N,1.71456,0.068509,1.60448,1.826288,2024,two_party_or_strongest
baseline_special,incumbent_dem,11.131562,1.529319,8.679218,13.55659,2024,two_party_or_strongest
baseline_special,incumbent_gop,-20.824988,1.992532,-24.001666,-17.593991,2024,two_party_or_strongest
baseline_special,pres_elec,7.462485,1.356734,5.286586,9.642084,2024,two_party_or_strongest
baseline_special,is_special,4.532486,2.721877,0.19141,8.864749,2024,two_party_or_strongest
baseline_num_candidates,sigma,13.892137,0.717511,12.789738,15.069919,2014,two_party_or_strongest
baseline_num_candidates,Intercept,-9.425985,5.823804,-18.653968,-0.089419,2014,two_party_or_strongest
baseline_num_candidates,PVI_N,1.851318,0.122187,1.655188,2.045678,2014,two_party_or_strongest
baseline_num_candidates,incumbent_dem,10.659395,2.309593,6.954492,14.411376,2014,two_party_or_strongest
baseline_num_candidates,incumbent_gop,-21.536488,4.068348,-28.062237,-15.015515,2014,two_party_or_strongest
baseline_num_candidates,pres_elec,13.72793,2.176357,10.282437,17.190119,2014,two_party_or_strongest
baseline_num_candidates,num_candidates,1.450591,2.257344,-2.106561,5.051201,2014,two_party_or_strongest
baseline_num_candidates,sigma,13.898554,0.574396,13.014834,14.839341,2015,two_party_or_strongest
baseline_num_candidates,Intercept,-2.234849,4.882721,-10.083398,5.569445,2015,two_party_or_strongest
baseline_num_candidates,PVI_N,1.861838,0.091022,1.717344,2.007141,2015,two_party_or_strongest
baseline_num_candidates,incumbent_dem,12.84976,1.990949,9.641943,16.041393,2015,two_party_or_strongest
baseline_num_candidates,incumbent_gop,-19.876842,3.204592,-25.037807,-14.762017,2015,two_party_or_strongest
baseline_num_candidates,pres_elec,11.119524,1.886936,8.092971,14.177824,2015,two_party_or_strongest
baseline_num_candidates,num_candidates,-1.586957,1.915813,-4.656522,1.463947,2015,two_party_or_strongest
baseline_num_candidates,sigma,14.147148,0.585133,13.229566,15.111011,2016,two_party_or_strongest
baseline_num_candidates,Intercept,-1.187957,4.940056,-9.144673,6.771661,2016,two_party_or_strongest
baseline_num_candidates,PVI_N,1.881577,0.092728,1.730309,2.02807,2016,two_party_or_strongest
baseline_num_candidates,incumbent_dem,12.100949,1.946212,8.990967,15.189831,2016,two_party_or_strongest
baseline_num_candidates,incumbent_gop,-20.424734,3.157032,-25.506378,-15.32663,2016,two_party_or_strongest
baseline_num_candidates,pres_elec,10.882694,1.949319,7.778599,13.974705,2016,two_party_or_strongest
baseline_num_candidates,num_candidates,-1.791824,1.943322,-4.930422,1.349269,2016,two_party_or_strongest
baseline_num_candidates,sigma,14.07693,0.525777,13.270298,14.948286,2017,two_party_or_strongest
baseline_num_candidates,Intercept,0.335874,4.744955,-7.124681,8.019634,2017,two_party_or_strongest
baseline_num_candidates,PVI_N,1.728493,0.081861,1.598964,1.857988,2017,two_party_or_strongest
baseline_num_candidates,incumbent_dem,12.377867,1.812825,9.51363,15.292167,2017,two_party_or_strongest
baseline_num_candidates,incumbent_gop,-22.737021,2.660442,-27.026418,-18.541765,2017,two_party_or_strongest
baseline_num_candidates,pres_elec,10.743155,1.62935,8.145026,13.340184,2017,two_party_or_strongest
baseline_num_candidates,num_candidates,-1.845978,1.892505,-4.859009,1.105749,2017,two_party_or_strongest
baseline_num_candidates,sigma,14.427411,0.545569,13.586386,15.324476,2018,two_party_or_strongest
baseline_num_candidates,Intercept,2.237286,4.65166,-5.128848,9.617688,2018,two_party_or_strongest
baseline_num_candidates,PVI_N,1.740831,0.084152,1.606869,1.872885,2018,two_party_or_strongest
baseline_num_candidates,incumbent_dem,11.447798,1.834978,8.52399,14.397687,2018,two_party_or_strongest
baseline_num_candidates,incumbent_gop,-23.486251,2.763527,-27.849143,-19.073092,2018,two_party_or_strongest
baseline_num_candidates,pres_elec,10.423409,1.629979,7.847379,13.036636,2018,two_party_or_strongest
baseline_num_candidates,num_candidates,-2.310855,1.850235,-5.243494,0.583684,2018,two_party_or_strongest
baseline_num_candidates,sigma,14.951759,0.516795,14.147313,15.795741,2020,two_party_or_strongest
baseline_num_candidates,Intercept,6.620549,4.495024,-0.624113,13.774196,2020,two_party_or_strongest
baseline_num_candidates,PVI_N,1.701104,0.079368,1.574498,1.829261,2020,two_party_or_strongest
baseline_num_candidates,incumbent_dem,10.812457,1.74424,8.062778,13.62023,2020,two_party_or_strongest
baseline_num_candidates,incumbent_gop,-21.823344,2.387905,-25.667311,-18.042423,2020,two_party_or_strongest
baseline_num_candidates,pres_elec,7.361399,1.581547,4.84931,9.9042,2020,two_party_or_strongest
baseline_num_candidates,num_candidates,-2.817157,1.779281,-5.672078,0.046078,2020,two_party_or_strongest
baseline_num_candidates,sigma,14.696313,0.480349,13.949758,15.480336,2021,two_party_or_strongest
baseline_num_candidates,Intercept,6.71003,3.996855,0.335343,13.065984,2021,two_party_or_strongest
baseline_num_candidates,PVI_N,1.696039,0.075641,1.575071,1.818588,2021,two_party_or_strongest
baseline_num_candidates,incumbent_dem,10.052671,1.614446,7.473906,12.647531,2021,two_party_or_strongest
baseline_num_candidates,incumbent_gop,-22.257824,2.128435,-25.645306,-18.816332,2021,two_party_or_strongest
baseline_num_candidates,pres_elec,7.262245,1.408369,5.019345,9.556615,2021,two_party_or_strongest
baseline_num_candidates,num_candidates,-2.46676,1.595061,-4.985391,0.077763,2021,two_party_or_strongest
baseline_num_candidates,sigma,14.779831,0.479524,14.038128,15.576288,2022,two_party_or_strongest
baseline_num_candidates,Intercept,6.074835,4.129925,-0.535312,12.622078,2022,two_party_or_strongest
baseline_num_candidates,PVI_N,1.699123,0.075751,1.579766,1.819864,2022,two_party_or_strongest
baseline_num_candidates,incumbent_dem,9.909627,1.643589,7.317766,12.55284,2022,two_party_or_strongest
baseline_num_candidates,incumbent_gop,-22.388019,2.197238,-25.912331,-18.946571,2022,two_party_or_strongest
baseline_num_candidates,pres_elec,7.25573,1.431383,4.969443,9.528071,2022,two_party_or_strongest
baseline_num_candidates,num_candidates,-2.108851,1.624506,-4.671267,0.553595,2022,two_party_or_strongest
baseline_num_candidates,sigma,14.312903,0.427338,13.63812,15.011004,2023,two_party_or_strongest
baseline_num_candidates,Intercept,6.929336,3.84412,0.811995,12.999616,2023,two_party_or_strongest
baseline_num_candidates,PVI_N,1.715542,0.070064,1.604427,1.825642,2023,two_party_or_strongest
baseline_num_candidates,incumbent_dem,9.525979,1.460016,7.215989,11.866917,2023,two_party_or_strongest
baseline_num_candidates,incumbent_gop,-22.353074,2.013363,-25.574287,-19.128306,2023,two_party_or_strongest
baseline_num_candidates,pres_elec,7.107359,1.306966,4.987327,9.194573,2023,two_party_or_strongest
baseline_num_candidates,num_candidates,-2.403162,1.530625,-4.852332,0.017113,2023,two_party_or_strongest
baseline_num_candidates,sigma,14.313229,0.43289,13.638193,15.019335,2024,two_party_or_strongest
baseline_num_candidates,Intercept,6.760505,3.750814,0.776124,12.66932,2024,two_party_or_strongest
baseline_num_candidates,PVI_N,1.718462,0.067833,1.610752,1.82619,2024,two_party_or_strongest
baseline_num_candidates,incumbent_dem,9.602893,1.439454,7.308787,11.913844,2024,two_party_or_strongest
baseline_num_candidates,incumbent_gop,-22.259758,1.959027,-25.399435,-19.164009,2024,two_party_or_strongest
baseline_num_candidates,pres_elec,7.103946,1.333936,4.973476,9.256304,2024,two_party_or_strongest
baseline_num_candidates,num_candidates,-2.376147,1.526075,-4.78678,0.094082,2024,two_party_or_strongest
baseline_pres_incumbent,sigma,13.879071,0.716471,12.793115,15.079369,2014,two_party_or_strongest
baseline_pres_incumbent,Intercept,-5.766374,2.503654,-9.782081,-1.749025,2014,two_party_or_strongest
baseline_pres_incumbent,PVI_N,1.849855,0.121103,1.657336,2.043881,2014,two_party_or_strongest
baseline_pres_incumbent,incumbent_dem,9.693724,2.654984,5.437511,13.941447,2014,two_party_or_strongest
baseline_pres_incumbent,incumbent_gop,-14.993305,7.355048,-26.688863,-3.216157,2014,two_party_or_strongest
baseline_pres_incumbent,pres_elec,12.844666,4.397272,5.781797,19.988606,2014,two_party_or_strongest
baseline_pres_incumbent,pres_elec_x_incumbent_dem,1.975063,5.09771,-6.231768,10.092011,2014,two_party_or_strongest
baseline_pres_incumbent,pres_elec_x_incumbent_gop,-8.22835,8.935237,-22.654103,5.991653,2014,two_party_or_strongest
baseline_pres_incumbent,sigma,13.925013,0.587691,13.014598,14.883651,2015,two_party_or_strongest
baseline_pres_incumbent,Intercept,-6.354111,1.940262,-9.442097,-3.258693,2015,two_party_or_strongest
baseline_pres_incumbent,PVI_N,1.860683,0.091745,1.713713,2.00845,2015,two_party_or_strongest
baseline_pres_incumbent,incumbent_dem,13.590891,2.076685,10.257657,16.874607,2015,two_party_or_strongest
baseline_pres_incumbent,incumbent_gop,-17.341656,3.998379,-23.621648,-11.049545,2015,two_party_or_strongest
baseline_pres_incumbent,pres_elec,13.369685,4.172722,6.686519,19.961723,2015,two_party_or_strongest
baseline_pres_incumbent,pres_elec_x_incumbent_dem,-1.982548,4.828753,-9.602296,5.760403,2015,two_party_or_strongest
baseline_pres_incumbent,pres_elec_x_incumbent_gop,-5.866516,6.513824,-16.278973,4.580169,2015,two_party_or_strongest
baseline_pres_incumbent,sigma,14.192825,0.603626,13.25179,15.175433,2016,two_party_or_strongest
baseline_pres_incumbent,Intercept,-5.629739,1.936773,-8.772962,-2.535019,2016,two_party_or_strongest
baseline_pres_incumbent,PVI_N,1.878956,0.091406,1.733681,2.025017,2016,two_party_or_strongest
baseline_pres_incumbent,incumbent_dem,12.676582,2.091985,9.339952,16.00616,2016,two_party_or_strongest
baseline_pres_incumbent,incumbent_gop,-18.151608,3.944564,-24.417614,-11.849615,2016,two_party_or_strongest
baseline_pres_incumbent,pres_elec,12.383015,4.29067,5.606291,19.303299,2016,two_party_or_strongest
baseline_pres_incumbent,pres_elec_x_incumbent_dem,-0.9843,4.941228,-9.047848,6.757258,2016,two_party_or_strongest
baseline_pres_incumbent,pres_elec_x_incumbent_gop,-4.802431,6.690479,-15.638749,5.882685,2016,two_party_or_strongest
baseline_pres_incumbent,sigma,14.099826,0.530866,13.292261,14.977445,2017,two_party_or_strongest
baseline_pres_incumbent,Intercept,-4.023065,1.864655,-6.956303,-1.029696,2017,two_party_or_strongest
baseline_pres_incumbent,PVI_N,1.723708,0.080754,1.596098,1.853296,2017,two_party_or_strongest
baseline_pres_incumbent,incumbent_dem,12.568065,2.067337,9.284149,15.888274,2017,two_party_or_strongest
baseline_pres_incumbent,incumbent_gop,-19.526112,3.984305,-25.901806,-13.124326,2017,two_party_or_strongest
baseline_pres_incumbent,pres_elec,10.98148,3.397615,5.678633,16.539565,2017,two_party_or_strongest
baseline_pres_incumbent,pres_elec_x_incumbent_dem,0.72527,3.965501,-5.772468,7.020028,2017,two_party_or_strongest
baseline_pres_incumbent,pres_elec_x_incumbent_gop,-4.139122,5.469317,-13.07875,4.506462,2017,two_party_or_strongest
baseline_pres_incumbent,sigma,14.456723,0.541176,13.620037,15.336529,2018,two_party_or_strongest
baseline_pres_incumbent,Intercept,-3.055318,1.817865,-5.983196,-0.165838,2018,two_party_or_strongest
baseline_pres_incumbent,PVI_N,1.735415,0.083596,1.601057,1.868975,2018,two_party_or_strongest
baseline_pres_incumbent,incumbent_dem,11.467553,2.043645,8.242761,14.768813,2018,two_party_or_strongest
baseline_pres_incumbent,incumbent_gop,-20.481629,4.046386,-26.894966,-13.889595,2018,two_party_or_strongest
baseline_pres_incumbent,pres_elec,9.928523,3.508961,4.369019,15.511139,2018,two_party_or_strongest
baseline_pres_incumbent,pres_elec_x_incumbent_dem,1.815942,4.052906,-4.638389,8.221907,2018,two_party_or_strongest
baseline_pres_incumbent,pres_elec_x_incumbent_gop,-3.088347,5.616171,-11.976543,5.873716,2018,two_party_or_strongest
baseline_pres_incumbent,sigma,14.932753,0.509453,14.143966,15.746349,2020,two_party_or_strongest
baseline_pres_incumbent,Intercept,0.152332,1.705801,-2.564773,2.884444,2020,two_party_or_strongest
baseline_pres_incumbent,PVI_N,1.692987,0.080724,1.565536,1.821485,2020,two_party_or_strongest
baseline_pres_incumbent,incumbent_dem,10.696066,1.930298,7.603227,13.735096,2020,two_party_or_strongest
baseline_pres_incumbent,incumbent_gop,-18.788626,2.8675,-23.322978,-14.222374,2020,two_party_or_strongest
baseline_pres_incumbent,pres_elec,7.11585,3.531367,1.496675,12.702876,2020,two_party_or_strongest
baseline_pres_incumbent,pres_elec_x_incumbent_dem,2.665095,4.07621,-3.817801,9.211271,2020,two_party_or_strongest
baseline_pres_incumbent,pres_elec_x_incumbent_gop,-5.133594,4.983944,-13.202511,2.81875,2020,two_party_or_strongest
baseline_pres_incumbent,sigma,14.702364,0.473031,13.961251,15.4739,2021,two_party_or_strongest
baseline_pres_incumbent,Intercept,1.294856,1.652316,-1.318179,3.951278,2021,two_party_or_strongest
baseline_pres_incumbent,PVI_N,1.691441,0.074907,1.571129,1.810674,2021,two_party_or_strongest
baseline_pres_incumbent,incumbent_dem,9.58537,1.865567,6.645011,12.595315,2021,two_party_or_strongest
baseline_pres_incumbent,incumbent_gop,-19.891172,2.824344,-24.525264,-15.448313,2021,two_party_or_strongest
baseline_pres_incumbent,pres_elec,6.037142,3.008671,1.156264,10.786936,2021,two_party_or_strongest
baseline_pres_incumbent,pres_elec_x_incumbent_dem,3.291523,3.509847,-2.301355,8.962885,2021,two_party_or_strongest
baseline_pres_incumbent,pres_elec_x_incumbent_gop,-2.61132,4.323555,-9.414158,4.415924,2021,two_party_or_strongest
baseline_pres_incumbent,sigma,14.777957,0.484558,14.023746,15.567441,2022,two_party_or_strongest
baseline_pres_incumbent,Intercept,1.570599,1.615889,-1.054062,4.146254,2022,two_party_or_strongest
baseline_pres_incumbent,PVI_N,1.693557,0.075808,1.574789,1.814161,2022,two_party_or_strongest
baseline_pres_incumbent,incumbent_dem,9.260096,1.876946,6.303649,12.294904,2022,two_party_or_strongest
baseline_pres_incumbent,incumbent_gop,-20.163466,2.834798,-24.718836,-15.656912,2022,two_party_or_strongest
baseline_pres_incumbent,pres_elec,5.750695,3.044336,0.908114,10.660811,2022,two_party_or_strongest
baseline_pres_incumbent,pres_elec_x_incumbent_dem,3.613129,3.576894,-2.110467,9.266079,2022,two_party_or_strongest
baseline_pres_incumbent,pres_elec_x_incumbent_gop,-2.264828,4.385109,-9.177487,4.813193,2022,two_party_or_strongest
baseline_pres_incumbent,sigma,14.322363,0.440917,13.63108,15.028553,2023,two_party_or_strongest
baseline_pres_incumbent,Intercept,1.761362,1.451364,-0.583971,4.078201,2023,two_party_or_strongest
baseline_pres_incumbent,PVI_N,1.711278,0.070046,1.599804,1.822034,2023,two_party_or_strongest
baseline_pres_incumbent,incumbent_dem,9.025049,1.649215,6.385703,11.640342,2023,two_party_or_strongest
baseline_pres_incumbent,incumbent_gop,-20.275641,2.433022,-24.165282,-16.392595,2023,two_party_or_strongest
baseline_pres_incumbent,pres_elec,5.518179,2.844092,0.987002,10.095535,2023,two_party_or_strongest
baseline_pres_incumbent,pres_elec_x_incumbent_dem,3.721212,3.348037,-1.602861,8.984855,2023,two_party_or_strongest
baseline_pres_incumbent,pres_elec_x_incumbent_gop,-2.11743,4.022252,-8.586219,4.261045,2023,two_party_or_strongest
baseline_pres_incumbent,sigma,14.303559,0.429715,13.644235,15.002257,2024,two_party_or_strongest
baseline_pres_incumbent,Intercept,1.641294,1.432643,-0.645401,3.896149,2024,two_party_or_strongest
baseline_pres_incumbent,PVI_N,1.713323,0.06985,1.601178,1.824336,2024,two_party_or_strongest
baseline_pres_incumbent,incumbent_dem,9.133321,1.60667,6.576161,11.675298,2024,two_party_or_strongest
baseline_pres_incumbent,incumbent_gop,-20.176457,2.461037,-24.10682,-16.225819,2024,two_party_or_strongest
baseline_pres_incumbent,pres_elec,5.599253,2.91115,0.929534,10.252644,2024,two_party_or_strongest
baseline_pres_incumbent,pres_elec_x_incumbent_dem,3.622313,3.407324,-1.80371,8.970939,2024,two_party_or_strongest
baseline_pres_incumbent,pres_elec_x_incumbent_gop,-2.182101,4.097714,-8.69355,4.410728,2024,two_party_or_strongest
baseline_year,sigma,13.803497,0.744976,12.693771,15.050709,2014,two_party_or_strongest
baseline_year,Intercept,-4.338561,5.329885,-11.956578,4.560353,2014,two_party_or_strongest
baseline_year,PVI_N,1.842296,0.117765,1.664693,2.040915,2014,two_party_or_strongest
baseline_year,incumbent_dem,10.005733,2.371459,6.312353,13.993529,2014,two_party_or_strongest
baseline_year,incumbent_gop,-22.220002,3.937586,-28.445552,-15.95352,2014,two_party_or_strongest
baseline_year,pres_elec,12.553443,7.929995,-4.425786,22.814155,2014,two_party_or_strongest
baseline_year,1|election_year_sigma,7.090871,7.32595,0.444109,21.46371,2014,two_party_or_strongest
baseline_year,1|election_year[2010],-1.243767,4.552944,-9.07217,5.315922,2014,two_party_or_strongest
baseline_year,1|election_year[2011],0.745353,5.023572,-6.867234,8.288083,2014,two_party_or_strongest
baseline_year,1|election_year[2012],-0.258444,7.265837,-15.206803,11.588927,2014,two_party_or_strongest
baseline_year,1|election_year[2013],-2.525699,6.082125,-15.624872,4.50004,2014,two_party_or_strongest
baseline_year,sigma,13.792731,0.563793,12.90954,14.71469,2015,two_party_or_strongest
baseline_year,Intercept,-6.069277,3.632783,-12.313836,-0.563101,2015,two_party_or_strongest
baseline_year,PVI_N,1.869326,0.090832,1.727131,2.014078,2015,two_party_or_strongest
baseline_year,incumbent_dem,13.023458,1.889681,10.030218,16.022737,2015,two_party_or_strongest
baseline_year,incumbent_gop,-20.273696,3.098109,-25.175077,-15.288071,2015,two_party_or_strongest
baseline_year,pres_elec,11.003904,6.942887,-0.16066,21.626559,2015,two_party_or_strongest
baseline_year,1|election_year_sigma,5.307268,4.255146,0.971908,14.26733,2015,two_party_or_strongest
baseline_year,1|election_year[2010],-1.499372,3.279349,-6.819013,3.523898,2015,two_party_or_strongest
baseline_year,1|election_year[2011],0.82104,4.39036,-5.30926,8.351768,2015,two_party_or_strongest
baseline_year,1|election_year[2012],0.545327,6.076969,-8.22123,11.746968,2015,two_party_or_strongest
baseline_year,1|election_year[2013],-0.910861,4.129659,-7.582522,5.297425,2015,two_party_or_strongest
baseline_year,1|election_year[2014],2.309288,3.376608,-2.288271,8.368075,2015,two_party_or_strongest
baseline_year,sigma,13.98544,0.592652,13.065897,14.963229,2016,two_party_or_strongest
baseline_year,Intercept,-3.722395,4.207258,-9.738116,3.675949,2016,two_party_or_strongest
baseline_year,PVI_N,1.888272,0.092206,1.738881,2.035315,2016,two_party_or_strongest
baseline_year,incumbent_dem,12.642638,1.908567,9.612685,15.775286,2016,two_party_or_strongest
baseline_year,incumbent_gop,-20.662345,3.121354,-25.599501,-15.660668,2016,two_party_or_strongest
baseline_year,pres_elec,8.925641,8.795859,-6.374723,22.3635,2016,two_party_or_strongest
baseline_year,1|election_year_sigma,7.138094,4.802632,1.452546,16.291123,2016,two_party_or_strongest
baseline_year,1|election_year[2010],-3.805509,4.203355,-11.625129,1.697458,2016,two_party_or_strongest
baseline_year,1|election_year[2011],0.205928,5.519875,-8.534584,9.115185,2016,two_party_or_strongest
baseline_year,1|election_year[2012],0.381909,7.450713,-10.937826,12.646362,2016,two_party_or_strongest
baseline_year,1|election_year[2013],-3.130929,5.150761,-12.48829,3.903798,2016,two_party_or_strongest
baseline_year,1|election_year[2014],0.375914,4.072984,-6.634687,6.460735,2016,two_party_or_strongest
baseline_year,1|election_year[2015],6.301736,6.767133,-1.916588,18.925837,2016,two_party_or_strongest
baseline_year,sigma,13.971976,0.518649,13.159028,14.825871,2017,two_party_or_strongest
baseline_year,Intercept,-2.249956,3.30806,-6.760275,2.974248,2017,two_party_or_strongest
baseline_year,PVI_N,1.731012,0.078711,1.601742,1.857959,2017,two_party_or_strongest
baseline_year,incumbent_dem,13.15655,1.826889,10.246528,15.925051,2017,two_party_or_strongest
baseline_year,incumbent_gop,-22.4778,2.558655,-26.595739,-18.396425,2017,two_party_or_strongest
baseline_year,pres_elec,9.618311,4.482064,1.42166,16.867249,2017,two_party_or_strongest
baseline_year,1|election_year_sigma,5.419437,4.756559,0.778302,17.067924,2017,two_party_or_strongest
baseline_year,1|election_year[2010],-3.778716,3.474863,-9.59414,0.449368,2017,two_party_or_strongest
baseline_year,1|election_year[2011],0.172401,4.589523,-7.139875,6.973708,2017,two_party_or_strongest
baseline_year,1|election_year[2012],-0.334907,4.213446,-9.373431,5.467291,2017,two_party_or_strongest
baseline_year,1|election_year[2013],-1.935729,4.231818,-9.801531,3.474683,2017,two_party_or_strongest
baseline_year,1|election_year[2014],-0.112271,3.13016,-5.511235,4.225787,2017,two_party_or_strongest
baseline_year,1|election_year[2015],4.546313,5.853398,-1.679241,16.067877,2017,two_party_or_strongest
baseline_year,1|election_year[2016],-1.01637,4.003514,-9.397317,4.321117,2017,two_party_or_strongest
baseline_year,sigma,14.239731,0.535928,13.421913,15.131453,2018,two_party_or_strongest
baseline_year,Intercept,-0.761879,3.353726,-5.752897,4.96187,2018,two_party_or_strongest
baseline_year,PVI_N,1.742746,0.083509,1.610486,1.875455,2018,two_party_or_strongest
baseline_year,incumbent_dem,12.678393,1.843997,9.707719,15.608029,2018,two_party_or_strongest
baseline_year,incumbent_gop,-22.740109,2.705292,-27.013634,-18.457368,2018,two_party_or_strongest
baseline_year,pres_elec,7.921679,4.660626,0.106037,14.866778,2018,two_party_or_strongest
baseline_year,1|election_year_sigma,5.930445,3.391694,1.588739,12.01918,2018,two_party_or_strongest
baseline_year,1|election_year[2010],-5.180324,3.54416,-11.359613,-0.173473,2018,two_party_or_strongest
baseline_year,1|election_year[2011],0.012727,4.870186,-7.934752,7.700656,2018,two_party_or_strongest
baseline_year,1|election_year[2012],0.162714,3.887206,-6.019195,6.369334,2018,two_party_or_strongest
baseline_year,1|election_year[2013],-3.045767,4.691534,-11.285313,3.391391,2018,two_party_or_strongest
baseline_year,1|election_year[2014],-1.088859,3.377994,-7.027573,3.748322,2018,two_party_or_strongest
baseline_year,1|election_year[2015],4.866056,5.590679,-2.100475,15.109066,2018,two_party_or_strongest
baseline_year,1|election_year[2016],-0.699803,3.807237,-6.996312,5.214682,2018,two_party_or_strongest
baseline_year,1|election_year[2017],5.293917,5.187955,-1.357087,14.41114,2018,two_party_or_strongest
baseline_year,sigma,14.217441,0.491232,13.454938,15.024687,2020,two_party_or_strongest
baseline_year,Intercept,1.920806,3.477201,-3.581936,7.513067,2020,two_party_or_strongest
baseline_year,PVI_N,1.739645,0.076395,1.618633,1.862499,2020,two_party_or_strongest
baseline_year,incumbent_dem,12.032934,1.722389,9.299477,14.774614,2020,two_party_or_strongest
baseline_year,incumbent_gop,-23.611555,2.292065,-27.238725,-19.912073,2020,two_party_or_strongest
baseline_year,pres_elec,6.560846,5.121476,-1.361548,14.727296,2020,two_party_or_strongest
baseline_year,1|election_year_sigma,7.554011,3.094503,3.847401,13.18826,2020,two_party_or_strongest
baseline_year,1|election_year[2010],-7.505419,3.564805,-13.287205,-2.044267,2020,two_party_or_strongest
baseline_year,1|election_year[2011],-0.940723,5.742954,-10.209987,7.940082,2020,two_party_or_strongest
baseline_year,1|election_year[2012],-0.471451,4.791278,-8.538646,6.805368,2020,two_party_or_strongest
baseline_year,1|election_year[2013],-5.167883,5.189593,-13.697008,2.713115,2020,two_party_or_strongest
baseline_year,1|election_year[2014],-2.993343,3.5728,-8.790815,2.48092,2020,two_party_or_strongest
baseline_year,1|election_year[2015],5.489743,6.052095,-3.219682,15.93008,2020,two_party_or_strongest
baseline_year,1|election_year[2016],-1.480281,4.624182,-9.054735,5.649689,2020,two_party_or_strongest
baseline_year,1|election_year[2017],5.591129,5.51746,-2.612446,14.834683,2020,two_party_or_strongest
baseline_year,1|election_year[2018],6.545,3.614428,0.822007,12.293223,2020,two_party_or_strongest
baseline_year,sigma,13.956266,0.455071,13.239972,14.698209,2021,two_party_or_strongest
baseline_year,Intercept,4.153043,3.239274,-0.763341,9.546134,2021,two_party_or_strongest
baseline_year,PVI_N,1.743445,0.071834,1.629158,1.858399,2021,two_party_or_strongest
baseline_year,incumbent_dem,11.689786,1.586069,9.182011,14.223202,2021,two_party_or_strongest
baseline_year,incumbent_gop,-23.149914,2.06803,-26.468206,-19.881643,2021,two_party_or_strongest
baseline_year,pres_elec,0.41584,4.228004,-6.644037,6.850398,2021,two_party_or_strongest
baseline_year,1|election_year_sigma,7.546395,2.804503,3.951146,12.659802,2021,two_party_or_strongest
baseline_year,1|election_year[2010],-9.508459,3.417397,-15.33963,-4.288256,2021,two_party_or_strongest
baseline_year,1|election_year[2011],-2.071872,5.580295,-11.320156,6.325418,2021,two_party_or_strongest
baseline_year,1|election_year[2012],3.319587,4.031407,-2.721833,10.110171,2021,two_party_or_strongest
baseline_year,1|election_year[2013],-6.823136,5.152527,-15.525393,0.901161,2021,two_party_or_strongest
baseline_year,1|election_year[2014],-5.001079,3.437122,-10.721959,0.199634,2021,two_party_or_strongest
baseline_year,1|election_year[2015],4.567005,5.775426,-4.301965,14.013439,2021,two_party_or_strongest
baseline_year,1|election_year[2016],1.907486,3.91562,-3.998177,8.435597,2021,two_party_or_strongest
baseline_year,1|election_year[2017],4.526624,5.23481,-3.504328,13.128264,2021,two_party_or_strongest
baseline_year,1|election_year[2018],4.491926,3.442386,-1.119791,9.912767,2021,two_party_or_strongest
baseline_year,1|election_year[2020],4.677331,3.865202,-1.115435,11.095877,2021,two_party_or_strongest
baseline_year,sigma,14.027048,0.458832,13.304287,14.767408,2022,two_party_or_strongest
baseline_year,Intercept,4.516013,3.092189,-0.124436,9.601756,2022,two_party_or_strongest
baseline_year,PVI_N,1.745406,0.072728,1.630159,1.858735,2022,two_party_or_strongest
baseline_year,incumbent_dem,11.625699,1.635358,9.003517,14.209725,2022,two_party_or_strongest
baseline_year,incumbent_gop,-23.25678,2.144894,-26.665022,-19.865274,2022,two_party_or_strongest
baseline_year,pres_elec,0.237837,4.244115,-6.710214,6.797893,2022,two_party_or_strongest
baseline_year,1|election_year_sigma,7.622861,3.198701,4.051157,12.868955,2022,two_party_or_strongest
baseline_year,1|election_year[2010],-9.865081,3.284757,-15.387676,-4.894569,2022,two_party_or_strongest
baseline_year,1|election_year[2011],-2.266628,5.69933,-11.691543,6.527582,2022,two_party_or_strongest
baseline_year,1|election_year[2012],3.248375,4.033368,-2.76901,10.035433,2022,two_party_or_strongest
baseline_year,1|election_year[2013],-7.002052,5.086447,-15.600803,0.4894,2022,two_party_or_strongest
baseline_year,1|election_year[2014],-5.336467,3.312928,-10.907698,-0.288898,2022,two_party_or_strongest
baseline_year,1|election_year[2015],4.373106,5.787966,-4.233353,13.917203,2022,two_party_or_strongest
baseline_year,1|election_year[2016],1.774076,3.91928,-4.153305,8.219011,2022,two_party_or_strongest
baseline_year,1|election_year[2017],4.334467,5.099256,-3.578504,12.790584,2022,two_party_or_strongest
baseline_year,1|election_year[2018],4.151318,3.288587,-1.213355,9.228271,2022,two_party_or_strongest
baseline_year,1|election_year[2020],4.516393,3.940065,-1.41063,11.044616,2022,two_party_or_strongest
baseline_year,1|election_year[2021],3.478902,6.263061,-5.872198,13.770328,2022,two_party_or_strongest
baseline_year,sigma,13.659043,0.410081,13.021261,14.328801,2023,two_party_or_strongest
baseline_year,Intercept,4.11286,2.733916,0.015267,8.614536,2023,two_party_or_strongest
baseline_year,PVI_N,1.759405,0.068703,1.650699,1.869035,2023,two_party_or_strongest
baseline_year,incumbent_dem,10.987281,1.424078,8.742578,13.239289,2023,two_party_or_strongest
baseline_year,incumbent_gop,-23.07145,1.911397,-26.143841,-20.023286,2023,two_party_or_strongest
baseline_year,pres_elec,1.185966,4.009004,-5.416052,7.248264,2023,two_party_or_strongest
baseline_year,1|election_year_sigma,6.636561,2.322103,3.630199,10.818655,2023,two_party_or_strongest
baseline_year,1|election_year[2010],-9.12752,2.963141,-14.126592,-4.730255,2023,two_party_or_strongest
baseline_year,1|election_year[2011],-1.912705,5.174813,-10.522113,6.181227,2023,two_party_or_strongest
baseline_year,1|election_year[2012],2.868709,3.667015,-2.648754,8.954426,2023,two_party_or_strongest
baseline_year,1|election_year[2013],-6.435006,4.763357,-14.60609,0.626151,2023,two_party_or_strongest
baseline_year,1|election_year[2014],-4.648492,2.939749,-9.439367,-0.225769,2023,two_party_or_strongest
baseline_year,1|election_year[2015],4.072458,5.257701,-3.669199,12.819784,2023,two_party_or_strongest
baseline_year,1|election_year[2016],1.431841,3.567922,-3.980803,7.521427,2023,two_party_or_strongest
baseline_year,1|election_year[2017],4.073427,4.730074,-3.086858,11.941647,2023,two_party_or_strongest
baseline_year,1|election_year[2018],4.617067,2.930976,-0.135413,9.046742,2023,two_party_or_strongest
baseline_year,1|election_year[2020],4.200818,3.542036,-1.197646,10.053878,2023,two_party_or_strongest
baseline_year,1|election_year[2021],3.067051,5.65063,-5.517315,12.315321,2023,two_party_or_strongest
baseline_year,1|election_year[2022],-2.460936,2.962667,-7.392133,1.987036,2023,two_party_or_strongest
baseline_year,sigma,13.663488,0.422666,13.004251,14.359835,2024,two_party_or_strongest
baseline_year,Intercept,3.753647,2.653289,-0.33702,8.136395,2024,two_party_or_strongest
baseline_year,PVI_N,1.761393,0.067066,1.653877,1.868212,2024,two_party_or_strongest
baseline_year,incumbent_dem,11.025522,1.434204,8.755222,13.298138,2024,two_party_or_strongest
baseline_year,incumbent_gop,-23.004425,1.945077,-26.110097,-19.902091,2024,two_party_or_strongest
baseline_year,pres_elec,1.338115,3.785317,-4.99458,7.084218,2024,two_party_or_strongest
baseline_year,1|election_year_sigma,6.579106,2.276602,3.655403,10.728862,2024,two_party_or_strongest
baseline_year,1|election_year[2010],-8.818853,2.884686,-13.649487,-4.450914,2024,two_party_or_strongest
baseline_year,1|election_year[2011],-1.777946,5.139632,-10.290434,6.014045,2024,two_party_or_strongest
baseline_year,1|election_year[2012],2.997292,3.51307,-2.279027,8.877668,2024,two_party_or_strongest
baseline_year,1|election_year[2013],-6.227655,4.673615,-14.092624,0.717349,2024,two_party_or_strongest
baseline_year,1|election_year[2014],-4.355681,2.897673,-9.165807,0.069437,2024,two_party_or_strongest
baseline_year,1|election_year[2015],4.114833,5.344479,-3.817861,13.209009,2024,two_party_or_strongest
baseline_year,1|election_year[2016],1.590648,3.441805,-3.67026,7.23765,2024,two_party_or_strongest
baseline_year,1|election_year[2017],4.287937,4.843986,-2.967172,12.407517,2024,two_party_or_strongest
baseline_year,1|election_year[2018],4.896145,2.885078,0.166606,9.367798,2024,two_party_or_strongest
baseline_year,1|election_year[2020],4.35134,3.417497,-0.826975,9.97128,2024,two_party_or_strongest
baseline_year,1|election_year[2021],3.038141,5.533132,-5.249482,12.400949,2024,two_party_or_strongest
baseline_year,1|election_year[2022],-2.163422,2.929319,-6.947501,2.235056,2024,two_party_or_strongest
baseline_year,1|election_year[2023],-2.385443,6.123334,-12.507212,6.806092,2024,two_party_or_strongest
baseline_national_env,sigma,13.879017,0.732247,12.772885,15.119002,2014,two_party_or_strongest
baseline_national_env,Intercept,-0.289565,92.851465,-149.443787,146.707976,2014,two_party_or_strongest
baseline_national_env,PVI_N,1.85526,0.117993,1.665869,2.042453,2014,two_party_or_strongest
baseline_national_env,incumbent_dem,10.339528,2.278267,6.653685,13.934151,2014,two_party_or_strongest
baseline_national_env,incumbent_gop,-21.790051,4.000041,-28.097484,-15.314543,2014,two_party_or_strongest
baseline_national_env,pres_elec,7.873217,92.848323,-139.283385,157.495068,2014,two_party_or_strongest
baseline_national_env,national_env,5.71597,92.846324,-143.32838,152.569571,2014,two_party_or_strongest
baseline_national_env,sigma,13.895503,0.592403,13.003967,14.871423,2015,two_party_or_strongest
baseline_national_env,Intercept,-1.085327,108.930148,-174.017429,175.164689,2015,two_party_or_strongest
baseline_national_env,PVI_N,1.859258,0.091775,1.712475,2.00545,2015,two_party_or_strongest
baseline_national_env,incumbent_dem,13.248971,1.886037,10.207123,16.218723,2015,two_party_or_strongest
baseline_national_env,incumbent_gop,-19.438099,3.039108,-24.234783,-14.50281,2015,two_party_or_strongest
baseline_national_env,pres_elec,6.356278,108.858194,-170.381136,179.244161,2015,two_party_or_strongest
baseline_national_env,national_env,4.885694,108.861651,-167.909407,181.116366,2015,two_party_or_strongest
baseline_national_env,sigma,14.1568,0.59122,13.257695,15.135259,2016,two_party_or_strongest
baseline_national_env,Intercept,-1.932397,109.826737,-178.398659,171.391302,2016,two_party_or_strongest
baseline_national_env,PVI_N,1.882958,0.091795,1.737306,2.029601,2016,two_party_or_strongest
baseline_national_env,incumbent_dem,12.569212,1.894242,9.579327,15.57327,2016,two_party_or_strongest
baseline_national_env,incumbent_gop,-19.919475,3.170225,-25.01354,-14.878863,2016,two_party_or_strongest
baseline_national_env,pres_elec,7.458775,109.771798,-165.93131,184.115343,2016,two_party_or_strongest
baseline_national_env,national_env,3.540052,109.746052,-173.16115,176.644097,2016,two_party_or_strongest
baseline_national_env,sigma,14.084109,0.52982,13.2558,14.964157,2017,two_party_or_strongest
baseline_national_env,Intercept,1.61693,101.179359,-161.174803,159.891134,2017,two_party_or_strongest
baseline_national_env,PVI_N,1.726448,0.082975,1.592911,1.859093,2017,two_party_or_strongest
baseline_national_env,incumbent_dem,12.863282,1.739414,10.071706,15.62786,2017,two_party_or_strongest
baseline_national_env,incumbent_gop,-22.254992,2.670448,-26.511162,-17.942962,2017,two_party_or_strongest
baseline_national_env,pres_elec,5.21999,101.157116,-152.77886,168.048067,2017,two_party_or_strongest
baseline_national_env,national_env,5.655726,101.170166,-157.444044,163.608833,2017,two_party_or_strongest
baseline_national_env,sigma,14.324755,0.535291,13.505881,15.215178,2018,two_party_or_strongest
baseline_national_env,Intercept,4.208437,3.363743,-1.133295,9.554977,2018,two_party_or_strongest
baseline_national_env,PVI_N,1.740798,0.084511,1.605308,1.877196,2018,two_party_or_strongest
baseline_national_env,incumbent_dem,12.854335,1.790035,10.069627,15.769354,2018,two_party_or_strongest
baseline_national_env,incumbent_gop,-22.140601,2.699628,-26.458717,-17.823392,2018,two_party_or_strongest
baseline_national_env,pres_elec,2.502837,3.576844,-3.223621,8.170177,2018,two_party_or_strongest
baseline_national_env,national_env,8.37823,3.291585,3.104806,13.595929,2018,two_party_or_strongest
baseline_national_env,sigma,14.294294,0.491255,13.536575,15.094003,2020,two_party_or_strongest
baseline_national_env,Intercept,2.979148,1.605643,0.398191,5.534488,2020,two_party_or_strongest
baseline_national_env,PVI_N,1.736643,0.077508,1.611248,1.85963,2020,two_party_or_strongest
baseline_national_env,incumbent_dem,11.778784,1.661914,9.131292,14.484315,2020,two_party_or_strongest
baseline_national_env,incumbent_gop,-23.628355,2.307322,-27.30483,-19.95518,2020,two_party_or_strongest
baseline_national_env,pres_elec,4.769228,1.564686,2.296845,7.253298,2020,two_party_or_strongest
baseline_national_env,national_env,6.350997,0.965942,4.799446,7.897791,2020,two_party_or_strongest
baseline_national_env,sigma,14.004118,0.444328,13.320618,14.741286,2021,two_party_or_strongest
baseline_national_env,Intercept,3.587799,1.444405,1.25635,5.892666,2021,two_party_or_strongest
baseline_national_env,PVI_N,1.736281,0.071615,1.623021,1.852389,2021,two_party_or_strongest
baseline_national_env,incumbent_dem,11.222777,1.507332,8.798258,13.631302,2021,two_party_or_strongest
baseline_national_env,incumbent_gop,-23.526163,2.016717,-26.71849,-20.300909,2021,two_party_or_strongest
baseline_national_env,pres_elec,4.643131,1.398709,2.403421,6.86204,2021,two_party_or_strongest
baseline_national_env,national_env,6.625766,0.939463,5.13112,8.131541,2021,two_party_or_strongest
baseline_national_env,sigma,14.090858,0.446158,13.403229,14.811835,2022,two_party_or_strongest
baseline_national_env,Intercept,3.809823,1.476454,1.475234,6.186619,2022,two_party_or_strongest
baseline_national_env,PVI_N,1.740092,0.072583,1.625472,1.857097,2022,two_party_or_strongest
baseline_national_env,incumbent_dem,10.961103,1.544114,8.503006,13.409011,2022,two_party_or_strongest
baseline_national_env,incumbent_gop,-23.727423,2.077319,-27.012236,-20.357007,2022,two_party_or_strongest
baseline_national_env,pres_elec,4.605183,1.410369,2.329294,6.869606,2022,two_party_or_strongest
baseline_national_env,national_env,6.548362,0.930767,5.059883,8.031236,2022,two_party_or_strongest
baseline_national_env,sigma,13.790785,0.420362,13.136964,14.479534,2023,two_party_or_strongest
baseline_national_env,Intercept,4.381345,1.375646,2.17824,6.566945,2023,two_party_or_strongest
baseline_national_env,PVI_N,1.756052,0.066623,1.649196,1.862956,2023,two_party_or_strongest
baseline_national_env,incumbent_dem,10.46689,1.369686,8.288618,12.668368,2023,two_party_or_strongest
baseline_national_env,incumbent_gop,-23.304239,1.907169,-26.361539,-20.213862,2023,two_party_or_strongest
baseline_national_env,pres_elec,4.061978,1.370731,1.877027,6.269186,2023,two_party_or_strongest
baseline_national_env,national_env,5.949768,0.882009,4.550539,7.34038,2023,two_party_or_strongest
baseline_national_env,sigma,13.769912,0.421047,13.119059,14.464063,2024,two_party_or_strongest
baseline_national_env,Intercept,4.313294,1.353732,2.195065,6.504549,2024,two_party_or_strongest
baseline_national_env,PVI_N,1.759213,0.066456,1.652681,1.865305,2024,two_party_or_strongest
baseline_national_env,incumbent_dem,10.515339,1.365583,8.355712,12.714882,2024,two_party_or_strongest
baseline_national_env,incumbent_gop,-23.26774,1.887866,-26.29623,-20.24808,2024,two_party_or_strongest
baseline_national_env,pres_elec,4.067244,1.374356,1.838119,6.247516,2024,two_party_or_strongest
baseline_national_env,national_env,5.975789,0.879662,4.584397,7.377578,2024,two_party_or_strongest
baseline,sigma,14.044529,0.711695,12.958952,15.243679,2014,write_in_5pct
baseline,Intercept,-5.738943,2.375645,-9.494027,-1.988013,2014,write_in_5pct
baseline,PVI_N,1.750937,0.121817,1.556555,1.946615,2014,write_in_5pct
baseline,incumbent_dem,10.773256,2.337664,6.995715,14.481674,2014,write_in_5pct
baseline,incumbent_gop,-23.292913,3.935634,-29.615815,-17.039627,2014,write_in_5pct
baseline,pres_elec,13.329947,2.159488,9.895363,16.836741,2014,write_in_5pct
baseline,sigma,14.363881,0.606547,13.421805,15.363271,2015,write_in_5pct
baseline,Intercept,-5.311209,1.924267,-8.409141,-2.210429,2015,write_in_5pct
baseline,PVI_N,1.740606,0.093868,1.590931,1.890905,2015,write_in_5pct
baseline,incumbent_dem,13.244276,1.97554,10.15043,16.448948,2015,write_in_5pct
baseline,incumbent_gop,-20.881404,3.20084,-26.05326,-15.819485,2015,write_in_5pct
baseline,pres_elec,10.988917,1.991084,7.813559,14.246377,2015,write_in_5pct
baseline,sigma,14.630204,0.596884,13.70643,15.601404,2016,write_in_5pct
baseline,Intercept,-4.73517,1.919262,-7.835341,-1.714717,2016,write_in_5pct
baseline,PVI_N,1.761226,0.094405,1.609207,1.910345,2016,write_in_5pct
baseline,incumbent_dem,12.518446,1.980728,9.368949,15.699395,2016,write_in_5pct
baseline,incumbent_gop,-21.379742,3.256611,-26.555029,-16.076009,2016,write_in_5pct
baseline,pres_elec,10.744672,2.033833,7.451842,13.984221,2016,write_in_5pct
baseline,sigma,14.4088,0.542703,13.57482,15.294661,2017,write_in_5pct
baseline,Intercept,-3.63383,1.711133,-6.375933,-0.886537,2017,write_in_5pct
baseline,PVI_N,1.630809,0.082857,1.499257,1.762362,2017,write_in_5pct
baseline,incumbent_dem,12.914741,1.79875,10.033442,15.812465,2017,write_in_5pct
baseline,incumbent_gop,-23.543967,2.669989,-27.805942,-19.27414,2017,write_in_5pct
baseline,pres_elec,10.84115,1.635771,8.23994,13.46784,2017,write_in_5pct
baseline,sigma,14.771639,0.562961,13.899992,15.693563,2018,write_in_5pct
baseline,Intercept,-2.836025,1.71186,-5.585751,-0.118136,2018,write_in_5pct
baseline,PVI_N,1.647165,0.085294,1.51068,1.783603,2018,write_in_5pct
baseline,incumbent_dem,12.040429,1.831085,9.127526,14.949751,2018,write_in_5pct
baseline,incumbent_gop,-24.191243,2.750261,-28.630466,-19.886576,2018,write_in_5pct
baseline,pres_elec,10.55766,1.668959,7.897632,13.211379,2018,write_in_5pct
baseline,sigma,15.325523,0.521993,14.522566,16.18814,2020,write_in_5pct
baseline,Intercept,0.272289,1.619687,-2.351839,2.859362,2020,write_in_5pct
baseline,PVI_N,1.623812,0.082502,1.492032,1.754923,2020,write_in_5pct
baseline,incumbent_dem,11.504391,1.756952,8.70506,14.333184,2020,write_in_5pct
baseline,incumbent_gop,-22.490084,2.368181,-26.280809,-18.694668,2020,write_in_5pct
baseline,pres_elec,7.524225,1.643463,4.90196,10.138192,2020,write_in_5pct
baseline,sigma,15.033093,0.477192,14.279424,15.814046,2021,write_in_5pct
baseline,Intercept,1.186773,1.506885,-1.226625,3.587055,2021,write_in_5pct
baseline,PVI_N,1.623419,0.076703,1.49882,1.745791,2021,write_in_5pct
baseline,incumbent_dem,10.636163,1.61655,8.07742,13.228788,2021,write_in_5pct
baseline,incumbent_gop,-22.952125,2.143044,-26.387338,-19.541582,2021,write_in_5pct
baseline,pres_elec,7.361699,1.416579,5.104611,9.651834,2021,write_in_5pct
baseline,sigma,15.059888,0.479279,14.321635,15.84478,2022,write_in_5pct
baseline,Intercept,1.283085,1.512794,-1.171272,3.651074,2022,write_in_5pct
baseline,PVI_N,1.62625,0.076865,1.501482,1.749624,2022,write_in_5pct
baseline,incumbent_dem,10.504554,1.614981,7.952348,13.102063,2022,write_in_5pct
baseline,incumbent_gop,-23.050386,2.128097,-26.484876,-19.596749,2022,write_in_5pct
baseline,pres_elec,7.333127,1.430778,4.993403,9.597683,2022,write_in_5pct
baseline,sigma,14.891533,0.442385,14.212731,15.616651,2023,write_in_5pct
baseline,Intercept,1.601853,1.360482,-0.564002,3.764035,2023,write_in_5pct
baseline,PVI_N,1.670032,0.07189,1.556111,1.786119,2023,write_in_5pct
baseline,incumbent_dem,9.866341,1.48523,7.489252,12.235448,2023,write_in_5pct
baseline,incumbent_gop,-23.466883,1.960784,-26.62513,-20.298501,2023,write_in_5pct
baseline,pres_elec,7.145834,1.346905,4.990637,9.311513,2023,write_in_5pct
baseline,sigma,14.884468,0.446634,14.194067,15.621906,2024,write_in_5pct
baseline,Intercept,1.492095,1.35872,-0.69388,3.666031,2024,write_in_5pct
baseline,PVI_N,1.673119,0.070561,1.56164,1.786909,2024,write_in_5pct
baseline,incumbent_dem,9.930239,1.438073,7.592192,12.229433,2024,write_in_5pct
baseline,incumbent_gop,-23.325697,1.937132,-26.403461,-20.163012,2024,write_in_5pct
baseline,pres_elec,7.188126,1.368932,5.018402,9.38184,2024,write_in_5pct
baseline_special,sigma,14.065098,0.719322,12.973328,15.241223,2014,write_in_5pct
baseline_special,Intercept,-6.199407,2.480237,-10.154183,-2.23441,2014,write_in_5pct
baseline_special,PVI_N,1.72896,0.126417,1.527737,1.92932,2014,write_in_5pct
baseline_special,incumbent_dem,11.399503,2.520065,7.369845,15.429584,2014,write_in_5pct
baseline_special,incumbent_gop,-23.161828,3.990359,-29.515712,-16.771924,2014,write_in_5pct
baseline_special,pres_elec,13.577441,2.201754,10.08028,17.087743,2014,write_in_5pct
baseline_special,is_special,3.090417,4.646785,-4.393679,10.473151,2014,write_in_5pct
baseline_special,sigma,14.365414,0.610448,13.438803,15.361963,2015,write_in_5pct
baseline_special,Intercept,-5.67817,2.033879,-8.958395,-2.387772,2015,write_in_5pct
baseline_special,PVI_N,1.729825,0.09477,1.580019,1.882473,2015,write_in_5pct
baseline_special,incumbent_dem,13.679589,2.098726,10.274295,17.084906,2015,write_in_5pct
baseline_special,incumbent_gop,-20.700613,3.166545,-25.714879,-15.694315,2015,write_in_5pct
baseline_special,pres_elec,11.162968,1.98308,8.066679,14.319744,2015,write_in_5pct
baseline_special,is_special,2.204433,3.976933,-4.229318,8.499493,2015,write_in_5pct
baseline_special,sigma,14.603542,0.611659,13.667187,15.612742,2016,write_in_5pct
baseline_special,Intercept,-5.73812,2.05548,-8.970106,-2.489263,2016,write_in_5pct
baseline_special,PVI_N,1.742778,0.096234,1.59079,1.8945,2016,write_in_5pct
baseline_special,incumbent_dem,13.618508,2.158989,10.130939,17.044514,2016,write_in_5pct
baseline_special,incumbent_gop,-20.665345,3.297732,-25.894854,-15.378342,2016,write_in_5pct
baseline_special,pres_elec,11.132132,2.029618,7.919307,14.359004,2016,write_in_5pct
baseline_special,is_special,4.853013,3.802909,-1.216926,10.981226,2016,write_in_5pct
baseline_special,sigma,14.379975,0.539326,13.544321,15.266065,2017,write_in_5pct
baseline_special,Intercept,-4.854572,1.87958,-7.875589,-1.853431,2017,write_in_5pct
baseline_special,PVI_N,1.61704,0.084844,1.481013,1.752217,2017,write_in_5pct
baseline_special,incumbent_dem,14.139298,1.950184,11.065904,17.27495,2017,write_in_5pct
baseline_special,incumbent_gop,-22.673433,2.701124,-27.025382,-18.346438,2017,write_in_5pct
baseline_special,pres_elec,11.245571,1.659127,8.594419,13.937444,2017,write_in_5pct
baseline_special,is_special,5.374235,3.408883,-0.072713,10.904146,2017,write_in_5pct
baseline_special,sigma,14.672972,0.546424,13.819138,15.56348,2018,write_in_5pct
baseline_special,Intercept,-4.89572,1.901146,-7.939554,-1.826606,2018,write_in_5pct
baseline_special,PVI_N,1.626973,0.084952,1.488243,1.760704,2018,write_in_5pct
baseline_special,incumbent_dem,14.067855,1.988081,10.884929,17.231953,2018,write_in_5pct
baseline_special,incumbent_gop,-22.735621,2.77838,-27.155385,-18.331855,2018,write_in_5pct
baseline_special,pres_elec,11.250833,1.696344,8.526817,13.996338,2018,write_in_5pct
baseline_special,is_special,7.682079,3.289113,2.442389,13.034847,2018,write_in_5pct
baseline_special,sigma,15.325948,0.530807,14.501971,16.204867,2020,write_in_5pct
baseline_special,Intercept,-0.431943,1.80972,-3.360941,2.421977,2020,write_in_5pct
baseline_special,PVI_N,1.614723,0.082363,1.48429,1.747923,2020,write_in_5pct
baseline_special,incumbent_dem,12.236927,1.947386,9.133385,15.385019,2020,write_in_5pct
baseline_special,incumbent_gop,-21.91443,2.475615,-25.863078,-17.98925,2020,write_in_5pct
baseline_special,pres_elec,7.716053,1.651862,5.102504,10.297453,2020,write_in_5pct
baseline_special,is_special,3.172287,3.348374,-2.179069,8.568937,2020,write_in_5pct
baseline_special,sigma,14.988653,0.473865,14.251209,15.768925,2021,write_in_5pct
baseline_special,Intercept,-0.405693,1.717452,-3.16515,2.319847,2021,write_in_5pct
baseline_special,PVI_N,1.610922,0.075429,1.491465,1.73217,2021,write_in_5pct
baseline_special,incumbent_dem,12.151481,1.810878,9.233641,15.074974,2021,write_in_5pct
baseline_special,incumbent_gop,-21.677696,2.254936,-25.311693,-18.147381,2021,write_in_5pct
baseline_special,pres_elec,7.826828,1.456357,5.498347,10.173842,2021,write_in_5pct
baseline_special,is_special,6.018786,3.122038,1.025801,11.041822,2021,write_in_5pct
baseline_special,sigma,15.009561,0.472379,14.269167,15.779161,2022,write_in_5pct
baseline_special,Intercept,-0.396121,1.681876,-3.079598,2.322426,2022,write_in_5pct
baseline_special,PVI_N,1.612328,0.078339,1.488065,1.736868,2022,write_in_5pct
baseline_special,incumbent_dem,12.128913,1.775724,9.315342,14.953195,2022,write_in_5pct
baseline_special,incumbent_gop,-21.706307,2.249588,-25.294852,-18.161078,2022,write_in_5pct
baseline_special,pres_elec,7.818688,1.439663,5.521816,10.108721,2022,write_in_5pct
baseline_special,is_special,6.183533,2.967338,1.513315,10.895257,2022,write_in_5pct
baseline_special,sigma,14.87043,0.442776,14.190258,15.602019,2023,write_in_5pct
baseline_special,Intercept,0.511389,1.556539,-1.951419,3.018758,2023,write_in_5pct
baseline_special,PVI_N,1.665343,0.071375,1.552189,1.778379,2023,write_in_5pct
baseline_special,incumbent_dem,10.890821,1.624503,8.311149,13.460683,2023,write_in_5pct
baseline_special,incumbent_gop,-22.536983,2.069986,-25.87897,-19.214666,2023,write_in_5pct
baseline_special,pres_elec,7.480822,1.380609,5.272351,9.70454,2023,write_in_5pct
baseline_special,is_special,4.825371,2.87912,0.176352,9.386504,2023,write_in_5pct
baseline_special,sigma,14.864609,0.435646,14.189308,15.575831,2024,write_in_5pct
baseline_special,Intercept,0.452619,1.528096,-2.008598,2.869425,2024,write_in_5pct
baseline_special,PVI_N,1.667983,0.070844,1.553799,1.780048,2024,write_in_5pct
baseline_special,incumbent_dem,10.944485,1.578357,8.492302,13.494738,2024,write_in_5pct
baseline_special,incumbent_gop,-22.447337,2.011682,-25.615413,-19.219928,2024,write_in_5pct
baseline_special,pres_elec,7.455378,1.366932,5.250657,9.656457,2024,write_in_5pct
baseline_special,is_special,4.438265,2.777379,0.059036,8.893815,2024,write_in_5pct
baseline_num_candidates,sigma,14.069539,0.722602,12.96493,15.287245,2014,write_in_5pct
baseline_num_candidates,Intercept,-3.867266,5.868064,-13.200057,5.631765,2014,write_in_5pct
baseline_num_candidates,PVI_N,1.755568,0.121399,1.560369,1.953518,2014,write_in_5pct
baseline_num_candidates,incumbent_dem,10.653907,2.325137,6.935899,14.472272,2014,write_in_5pct
baseline_num_candidates,incumbent_gop,-23.439064,3.925539,-29.767636,-17.266657,2014,write_in_5pct
baseline_num_candidates,pres_elec,13.207513,2.17687,9.740493,16.677603,2014,write_in_5pct
baseline_num_candidates,num_candidates,-0.811977,2.277227,-4.413393,2.82275,2014,write_in_5pct
baseline_num_candidates,sigma,14.265372,0.589486,13.36555,15.23386,2015,write_in_5pct
baseline_num_candidates,Intercept,4.152271,4.953821,-3.761144,12.030384,2015,write_in_5pct
baseline_num_candidates,PVI_N,1.745961,0.09259,1.598746,1.897044,2015,write_in_5pct
baseline_num_candidates,incumbent_dem,12.237971,2.019163,9.019529,15.497128,2015,write_in_5pct
baseline_num_candidates,incumbent_gop,-21.846127,3.18399,-26.908244,-16.693317,2015,write_in_5pct
baseline_num_candidates,pres_elec,10.70985,1.969734,7.575719,13.889415,2015,write_in_5pct
baseline_num_candidates,num_candidates,-4.021407,1.952869,-7.149821,-0.911615,2015,write_in_5pct
baseline_num_candidates,sigma,14.532068,0.601895,13.609365,15.531204,2016,write_in_5pct
baseline_num_candidates,Intercept,5.194138,5.086628,-3.012122,13.329102,2016,write_in_5pct
baseline_num_candidates,PVI_N,1.765761,0.094801,1.61226,1.916445,2016,write_in_5pct
baseline_num_candidates,incumbent_dem,11.417288,2.009773,8.165218,14.602902,2016,write_in_5pct
baseline_num_candidates,incumbent_gop,-22.442954,3.26051,-27.691632,-17.237621,2016,write_in_5pct
baseline_num_candidates,pres_elec,10.469336,2.005477,7.239412,13.665104,2016,write_in_5pct
baseline_num_candidates,num_candidates,-4.200671,2.010019,-7.407865,-0.980984,2016,write_in_5pct
baseline_num_candidates,sigma,14.334618,0.532656,13.516657,15.192278,2017,write_in_5pct
baseline_num_candidates,Intercept,6.084757,4.796424,-1.509461,13.623353,2017,write_in_5pct
baseline_num_candidates,PVI_N,1.638726,0.083687,1.506662,1.773676,2017,write_in_5pct
baseline_num_candidates,incumbent_dem,11.880156,1.892875,8.821659,14.862327,2017,write_in_5pct
baseline_num_candidates,incumbent_gop,-24.560312,2.778225,-29.001341,-20.109966,2017,write_in_5pct
baseline_num_candidates,pres_elec,10.533314,1.654078,7.937382,13.239712,2017,write_in_5pct
baseline_num_candidates,num_candidates,-4.134321,1.899764,-7.155714,-1.049309,2017,write_in_5pct
baseline_num_candidates,sigma,14.680049,0.5441,13.842508,15.586932,2018,write_in_5pct
baseline_num_candidates,Intercept,7.793783,4.857396,0.146638,15.650628,2018,write_in_5pct
baseline_num_candidates,PVI_N,1.65136,0.085988,1.513609,1.788997,2018,write_in_5pct
baseline_num_candidates,incumbent_dem,10.880874,1.906657,7.85181,13.950806,2018,write_in_5pct
baseline_num_candidates,incumbent_gop,-25.34081,2.808455,-29.763305,-20.903995,2018,write_in_5pct
baseline_num_candidates,pres_elec,10.224319,1.677127,7.534626,12.883826,2018,write_in_5pct
baseline_num_candidates,num_candidates,-4.480863,1.914724,-7.584395,-1.436087,2018,write_in_5pct
baseline_num_candidates,sigma,15.227938,0.526644,14.401527,16.084574,2020,write_in_5pct
baseline_num_candidates,Intercept,11.411253,4.548053,4.183917,18.668078,2020,write_in_5pct
baseline_num_candidates,PVI_N,1.62417,0.081164,1.494861,1.753649,2020,write_in_5pct
baseline_num_candidates,incumbent_dem,10.377511,1.78873,7.534075,13.268352,2020,write_in_5pct
baseline_num_candidates,incumbent_gop,-23.61598,2.390517,-27.456587,-19.722779,2020,write_in_5pct
baseline_num_candidates,pres_elec,7.159016,1.607734,4.599311,9.69754,2020,write_in_5pct
baseline_num_candidates,num_candidates,-4.733145,1.813257,-7.651584,-1.845337,2020,write_in_5pct
baseline_num_candidates,sigma,14.948258,0.483507,14.208286,15.726759,2021,write_in_5pct
baseline_num_candidates,Intercept,11.107189,4.16576,4.453217,17.737015,2021,write_in_5pct
baseline_num_candidates,PVI_N,1.622666,0.076294,1.501047,1.742236,2021,write_in_5pct
baseline_num_candidates,incumbent_dem,9.636684,1.643817,7.002862,12.246984,2021,write_in_5pct
baseline_num_candidates,incumbent_gop,-23.98517,2.16059,-27.447344,-20.607853,2021,write_in_5pct
baseline_num_candidates,pres_elec,7.149084,1.417501,4.871502,9.398364,2021,write_in_5pct
baseline_num_candidates,num_candidates,-4.236254,1.659686,-6.874744,-1.602553,2021,write_in_5pct
baseline_num_candidates,sigma,14.984035,0.486208,14.231033,15.783493,2022,write_in_5pct
baseline_num_candidates,Intercept,10.567082,4.183487,3.933715,17.25878,2022,write_in_5pct
baseline_num_candidates,PVI_N,1.625025,0.076097,1.501419,1.746096,2022,write_in_5pct
baseline_num_candidates,incumbent_dem,9.551039,1.653697,6.888637,12.189555,2022,write_in_5pct
baseline_num_candidates,incumbent_gop,-24.045588,2.178158,-27.539525,-20.634033,2022,write_in_5pct
baseline_num_candidates,pres_elec,7.126763,1.424416,4.844794,9.41769,2022,write_in_5pct
baseline_num_candidates,num_candidates,-3.943687,1.666497,-6.57866,-1.294284,2022,write_in_5pct
baseline_num_candidates,sigma,14.79182,0.443392,14.103277,15.51242,2023,write_in_5pct
baseline_num_candidates,Intercept,12.066325,3.829574,5.869932,18.216712,2023,write_in_5pct
baseline_num_candidates,PVI_N,1.662111,0.071489,1.5484,1.775326,2023,write_in_5pct
baseline_num_candidates,incumbent_dem,8.918429,1.506529,6.487056,11.272048,2023,write_in_5pct
baseline_num_candidates,incumbent_gop,-24.511707,1.989718,-27.692574,-21.356761,2023,write_in_5pct
baseline_num_candidates,pres_elec,7.063404,1.347437,4.927615,9.234321,2023,write_in_5pct
baseline_num_candidates,num_candidates,-4.52157,1.551497,-6.974964,-2.026454,2023,write_in_5pct
baseline_num_candidates,sigma,14.790985,0.442155,14.090095,15.505349,2024,write_in_5pct
baseline_num_candidates,Intercept,11.861914,3.856975,5.660561,18.170105,2024,write_in_5pct
baseline_num_candidates,PVI_N,1.664256,0.070852,1.552859,1.777557,2024,write_in_5pct
baseline_num_candidates,incumbent_dem,9.025778,1.509168,6.606968,11.443929,2024,write_in_5pct
baseline_num_candidates,incumbent_gop,-24.397811,2.015941,-27.633683,-21.190268,2024,write_in_5pct
baseline_num_candidates,pres_elec,7.081517,1.362981,4.92616,9.301921,2024,write_in_5pct
baseline_num_candidates,num_candidates,-4.487031,1.554574,-6.994476,-2.000172,2024,write_in_5pct
baseline_pres_incumbent,sigma,14.10551,0.716174,13.015155,15.282345,2014,write_in_5pct
baseline_pres_incumbent,Intercept,-5.195639,2.562914,-9.274361,-1.100952,2014,write_in_5pct
baseline_pres_incumbent,PVI_N,1.747108,0.120797,1.556675,1.938672,2014,write_in_5pct
baseline_pres_incumbent,incumbent_dem,9.897817,2.695979,5.59376,14.253707,2014,write_in_5pct
baseline_pres_incumbent,incumbent_gop,-21.949078,6.770567,-32.644231,-11.247834,2014,write_in_5pct
baseline_pres_incumbent,pres_elec,11.236144,4.438203,4.133105,18.186916,2014,write_in_5pct
baseline_pres_incumbent,pres_elec_x_incumbent_dem,3.099556,5.185986,-5.102985,11.469797,2014,write_in_5pct
baseline_pres_incumbent,pres_elec_x_incumbent_gop,-0.335029,8.473484,-14.031813,12.928764,2014,write_in_5pct
baseline_pres_incumbent,sigma,14.395058,0.613975,13.456899,15.417375,2015,write_in_5pct
baseline_pres_incumbent,Intercept,-5.356741,1.991696,-8.552043,-2.182968,2015,write_in_5pct
baseline_pres_incumbent,PVI_N,1.738374,0.092741,1.588141,1.885779,2015,write_in_5pct
baseline_pres_incumbent,incumbent_dem,13.236595,2.178943,9.725221,16.738598,2015,write_in_5pct
baseline_pres_incumbent,incumbent_gop,-19.882673,3.987012,-26.307856,-13.508112,2015,write_in_5pct
baseline_pres_incumbent,pres_elec,11.568054,4.421844,4.431206,18.587604,2015,write_in_5pct
baseline_pres_incumbent,pres_elec_x_incumbent_dem,-0.26974,5.04955,-8.461338,7.83122,2015,write_in_5pct
baseline_pres_incumbent,pres_elec_x_incumbent_gop,-2.626384,6.592745,-13.304297,7.941738,2015,write_in_5pct
baseline_pres_incumbent,sigma,14.668235,0.618932,13.722584,15.688683,2016,write_in_5pct
baseline_pres_incumbent,Intercept,-4.750776,2.018512,-7.940281,-1.508012,2016,write_in_5pct
baseline_pres_incumbent,PVI_N,1.760965,0.097502,1.606338,1.91714,2016,write_in_5pct
baseline_pres_incumbent,incumbent_dem,12.395976,2.182033,8.913646,15.856837,2016,write_in_5pct
baseline_pres_incumbent,incumbent_gop,-20.575574,4.0457,-27.073375,-14.081235,2016,write_in_5pct
baseline_pres_incumbent,pres_elec,10.667607,4.451907,3.565009,17.788888,2016,write_in_5pct
baseline_pres_incumbent,pres_elec_x_incumbent_dem,0.511274,5.093525,-7.587177,8.870506,2016,write_in_5pct
baseline_pres_incumbent,pres_elec_x_incumbent_gop,-1.637497,6.82112,-12.372506,9.215907,2016,write_in_5pct
baseline_pres_incumbent,sigma,14.437397,0.549828,13.575649,15.333818,2017,write_in_5pct
baseline_pres_incumbent,Intercept,-3.471349,1.874974,-6.471235,-0.429305,2017,write_in_5pct
baseline_pres_incumbent,PVI_N,1.629046,0.08307,1.497776,1.761688,2017,write_in_5pct
baseline_pres_incumbent,incumbent_dem,12.387516,2.139565,8.985556,15.872916,2017,write_in_5pct
baseline_pres_incumbent,incumbent_gop,-21.603629,3.879676,-27.768819,-15.471657,2017,write_in_5pct
baseline_pres_incumbent,pres_elec,10.109405,3.520907,4.490351,15.71335,2017,write_in_5pct
baseline_pres_incumbent,pres_elec_x_incumbent_dem,1.758969,4.069752,-4.652061,8.223109,2017,write_in_5pct
baseline_pres_incumbent,pres_elec_x_incumbent_gop,-2.361082,5.465143,-11.087269,6.311228,2017,write_in_5pct
baseline_pres_incumbent,sigma,14.786629,0.556615,13.926926,15.698424,2018,write_in_5pct
baseline_pres_incumbent,Intercept,-2.404901,1.872568,-5.387121,0.570016,2018,write_in_5pct
baseline_pres_incumbent,PVI_N,1.642332,0.085254,1.506986,1.778027,2018,write_in_5pct
baseline_pres_incumbent,incumbent_dem,11.224808,2.127364,7.853794,14.625023,2018,write_in_5pct
baseline_pres_incumbent,incumbent_gop,-22.711855,4.010504,-28.984886,-16.222773,2018,write_in_5pct
baseline_pres_incumbent,pres_elec,8.90974,3.570265,3.285611,14.576549,2018,write_in_5pct
baseline_pres_incumbent,pres_elec_x_incumbent_dem,2.894919,4.155133,-3.755833,9.371426,2018,write_in_5pct
baseline_pres_incumbent,pres_elec_x_incumbent_gop,-1.144154,5.634287,-10.200192,7.834124,2018,write_in_5pct
baseline_pres_incumbent,sigma,15.308064,0.524068,14.485207,16.180934,2020,write_in_5pct
baseline_pres_incumbent,Intercept,0.656435,1.799524,-2.242431,3.530889,2020,write_in_5pct
baseline_pres_incumbent,PVI_N,1.61288,0.083649,1.478678,1.746413,2020,write_in_5pct
baseline_pres_incumbent,incumbent_dem,10.504784,2.024409,7.278032,13.736224,2020,write_in_5pct
baseline_pres_incumbent,incumbent_gop,-20.671829,2.962939,-25.370524,-15.915279,2020,write_in_5pct
baseline_pres_incumbent,pres_elec,6.078021,3.627611,0.272994,11.801733,2020,write_in_5pct
baseline_pres_incumbent,pres_elec_x_incumbent_dem,3.710311,4.189182,-2.956231,10.363907,2020,write_in_5pct
baseline_pres_incumbent,pres_elec_x_incumbent_gop,-3.320351,5.120796,-11.39702,4.762868,2020,write_in_5pct
baseline_pres_incumbent,sigma,15.029293,0.487547,14.281207,15.8403,2021,write_in_5pct
baseline_pres_incumbent,Intercept,1.709847,1.659089,-0.958989,4.33927,2021,write_in_5pct
baseline_pres_incumbent,PVI_N,1.617353,0.077561,1.494189,1.742773,2021,write_in_5pct
baseline_pres_incumbent,incumbent_dem,9.410924,1.897659,6.387829,12.450616,2021,write_in_5pct
baseline_pres_incumbent,incumbent_gop,-21.703736,2.808269,-26.242496,-17.164568,2021,write_in_5pct
baseline_pres_incumbent,pres_elec,5.336141,3.041613,0.466357,10.078605,2021,write_in_5pct
baseline_pres_incumbent,pres_elec_x_incumbent_dem,4.060976,3.59251,-1.631122,9.761823,2021,write_in_5pct
baseline_pres_incumbent,pres_elec_x_incumbent_gop,-1.183075,4.280783,-8.030245,5.621898,2021,write_in_5pct
baseline_pres_incumbent,sigma,15.050079,0.4779,14.303936,15.825238,2022,write_in_5pct
baseline_pres_incumbent,Intercept,1.871955,1.690408,-0.84792,4.566174,2022,write_in_5pct
baseline_pres_incumbent,PVI_N,1.618895,0.077164,1.494814,1.742565,2022,write_in_5pct
baseline_pres_incumbent,incumbent_dem,9.24129,1.909464,6.233127,12.37537,2022,write_in_5pct
baseline_pres_incumbent,incumbent_gop,-21.861833,2.833197,-26.353423,-17.392604,2022,write_in_5pct
baseline_pres_incumbent,pres_elec,5.104324,3.118682,0.101472,10.114063,2022,write_in_5pct
baseline_pres_incumbent,pres_elec_x_incumbent_dem,4.281194,3.647943,-1.678135,9.979132,2022,write_in_5pct
baseline_pres_incumbent,pres_elec_x_incumbent_gop,-0.944386,4.391167,-7.924511,6.115615,2022,write_in_5pct
baseline_pres_incumbent,sigma,14.878104,0.443825,14.18024,15.59651,2023,write_in_5pct
baseline_pres_incumbent,Intercept,2.237628,1.513579,-0.141047,4.654411,2023,write_in_5pct
baseline_pres_incumbent,PVI_N,1.661581,0.071243,1.548143,1.773663,2023,write_in_5pct
baseline_pres_incumbent,incumbent_dem,8.651959,1.689792,5.936065,11.301587,2023,write_in_5pct
baseline_pres_incumbent,incumbent_gop,-22.933055,2.423724,-26.768372,-19.014132,2023,write_in_5pct
baseline_pres_incumbent,pres_elec,4.403666,3.018881,-0.52537,9.232792,2023,write_in_5pct
baseline_pres_incumbent,pres_elec_x_incumbent_dem,4.746352,3.52922,-0.899426,10.385065,2023,write_in_5pct
baseline_pres_incumbent,pres_elec_x_incumbent_gop,0.441233,4.211804,-6.35017,7.149103,2023,write_in_5pct
baseline_pres_incumbent,sigma,14.879331,0.44431,14.181608,15.609699,2024,write_in_5pct
baseline_pres_incumbent,Intercept,2.109481,1.490978,-0.280449,4.473781,2024,write_in_5pct
baseline_pres_incumbent,PVI_N,1.663999,0.072708,1.54943,1.777769,2024,write_in_5pct
baseline_pres_incumbent,incumbent_dem,8.763464,1.689399,6.057565,11.450653,2024,write_in_5pct
baseline_pres_incumbent,incumbent_gop,-22.790385,2.43782,-26.613989,-18.856685,2024,write_in_5pct
baseline_pres_incumbent,pres_elec,4.612416,2.983213,-0.159808,9.305486,2024,write_in_5pct
baseline_pres_incumbent,pres_elec_x_incumbent_dem,4.541745,3.52628,-0.990038,10.147345,2024,write_in_5pct
baseline_pres_incumbent,pres_elec_x_incumbent_gop,0.190503,4.106458,-6.336749,6.684818,2024,write_in_5pct
baseline_year,sigma,14.027677,0.70941,12.953008,15.213773,2014,write_in_5pct
baseline_year,Intercept,-5.697406,4.66115,-13.337495,2.146363,2014,write_in_5pct
baseline_year,PVI_N,1.756003,0.119734,1.568517,1.951459,2014,write_in_5pct
baseline_year,incumbent_dem,10.603829,2.39641,6.728941,14.402483,2014,write_in_5pct
baseline_year,incumbent_gop,-23.50468,3.906299,-29.760046,-17.289614,2014,write_in_5pct
baseline_year,pres_elec,13.159223,7.273571,0.529751,24.701812,2014,write_in_5pct
baseline_year,1|election_year_sigma,5.862864,4.997472,0.42251,15.352156,2014,write_in_5pct
baseline_year,1|election_year[2010],0.086421,4.235993,-7.139512,7.395037,2014,write_in_5pct
baseline_year,1|election_year[2011],1.911266,5.394693,-5.142192,11.663975,2014,write_in_5pct
baseline_year,1|election_year[2012],0.201766,5.68737,-9.378078,9.77177,2014,write_in_5pct
baseline_year,1|election_year[2013],-1.288558,4.887205,-9.717749,5.705617,2014,write_in_5pct
baseline_year,sigma,14.272161,0.603596,13.33617,15.244361,2015,write_in_5pct
baseline_year,Intercept,-5.208245,3.716988,-11.608038,1.234273,2015,write_in_5pct
baseline_year,PVI_N,1.756831,0.09374,1.600163,1.897004,2015,write_in_5pct
baseline_year,incumbent_dem,12.946687,1.912537,9.987749,16.033318,2015,write_in_5pct
baseline_year,incumbent_gop,-21.674186,3.034223,-26.39645,-16.70317,2015,write_in_5pct
baseline_year,pres_elec,11.095715,5.918348,1.099334,21.245434,2015,write_in_5pct
baseline_year,1|election_year_sigma,5.671969,5.178441,0.880463,16.732898,2015,write_in_5pct
baseline_year,1|election_year[2010],-1.692467,3.572093,-8.336759,3.813232,2015,write_in_5pct
baseline_year,1|election_year[2011],1.45405,5.135077,-4.950162,10.902556,2015,write_in_5pct
baseline_year,1|election_year[2012],0.044821,5.711444,-8.765589,9.802145,2015,write_in_5pct
baseline_year,1|election_year[2013],-1.398481,3.988503,-8.8844,4.32458,2015,write_in_5pct
baseline_year,1|election_year[2014],2.040156,3.636939,-3.961126,8.338034,2015,write_in_5pct
baseline_year,sigma,14.525173,0.662636,13.541599,15.733693,2016,write_in_5pct
baseline_year,Intercept,-3.180241,4.255402,-9.622618,4.053543,2016,write_in_5pct
baseline_year,PVI_N,1.773425,0.095146,1.623055,1.927253,2016,write_in_5pct
baseline_year,incumbent_dem,12.459366,1.986413,9.356701,15.723805,2016,write_in_5pct
baseline_year,incumbent_gop,-21.884204,3.259351,-27.053659,-16.766612,2016,write_in_5pct
baseline_year,pres_elec,7.486273,10.599566,-12.079066,21.78456,2016,write_in_5pct
baseline_year,1|election_year_sigma,7.76539,5.517734,1.391901,18.324955,2016,write_in_5pct
baseline_year,1|election_year[2010],-3.558344,4.245145,-11.100962,2.134616,2016,write_in_5pct
baseline_year,1|election_year[2011],1.066716,6.072559,-8.009097,12.406805,2016,write_in_5pct
baseline_year,1|election_year[2012],1.757021,9.986323,-11.517049,21.425949,2016,write_in_5pct
baseline_year,1|election_year[2013],-3.306823,5.393381,-12.598237,3.900403,2016,write_in_5pct
baseline_year,1|election_year[2014],0.528027,4.151483,-6.509362,6.476631,2016,write_in_5pct
baseline_year,1|election_year[2015],6.604847,7.129142,-1.875012,19.831361,2016,write_in_5pct
baseline_year,sigma,14.326598,0.552122,13.479382,15.250009,2017,write_in_5pct
baseline_year,Intercept,-2.480483,2.7986,-6.606832,2.270135,2017,write_in_5pct
baseline_year,PVI_N,1.637577,0.083131,1.504865,1.769317,2017,write_in_5pct
baseline_year,incumbent_dem,12.989844,1.833123,10.069139,15.910355,2017,write_in_5pct
baseline_year,incumbent_gop,-23.781612,2.729066,-28.062677,-19.332298,2017,write_in_5pct
baseline_year,pres_elec,9.485441,3.848443,2.816706,15.054646,2017,write_in_5pct
baseline_year,1|election_year_sigma,3.969442,2.893276,0.647655,9.33553,2017,write_in_5pct
baseline_year,1|election_year[2010],-2.903493,2.83972,-8.036227,0.65246,2017,write_in_5pct
baseline_year,1|election_year[2011],0.491555,3.83219,-5.401118,6.771646,2017,write_in_5pct
baseline_year,1|election_year[2012],0.294746,3.045401,-4.533922,5.152406,2017,write_in_5pct
baseline_year,1|election_year[2013],-1.363629,3.385091,-7.393709,3.231765,2017,write_in_5pct
baseline_year,1|election_year[2014],0.540518,2.572393,-3.842655,4.484452,2017,write_in_5pct
baseline_year,1|election_year[2015],3.349022,4.893509,-1.921497,12.691801,2017,write_in_5pct
baseline_year,1|election_year[2016],-0.043686,2.939632,-4.85396,4.588269,2017,write_in_5pct
baseline_year,sigma,14.579796,0.556293,13.72237,15.501501,2018,write_in_5pct
baseline_year,Intercept,-0.433729,3.501168,-5.507776,5.584064,2018,write_in_5pct
baseline_year,PVI_N,1.65315,0.084276,1.519356,1.786792,2018,write_in_5pct
baseline_year,incumbent_dem,12.691846,1.897974,9.660231,15.749255,2018,write_in_5pct
baseline_year,incumbent_gop,-24.022964,2.708597,-28.363951,-19.717901,2018,write_in_5pct
baseline_year,pres_elec,8.175997,4.768001,0.182323,15.147596,2018,write_in_5pct
baseline_year,1|election_year_sigma,6.048438,3.646686,1.313226,12.904997,2018,write_in_5pct
baseline_year,1|election_year[2010],-5.048597,3.757693,-11.618197,0.006362,2018,write_in_5pct
baseline_year,1|election_year[2011],0.153748,4.943631,-7.827301,8.067329,2018,write_in_5pct
baseline_year,1|election_year[2012],-0.255568,4.386946,-7.751587,6.342786,2018,write_in_5pct
baseline_year,1|election_year[2013],-3.29106,4.822531,-11.766845,3.190954,2018,write_in_5pct
baseline_year,1|election_year[2014],-1.02594,3.516244,-7.398741,3.870152,2018,write_in_5pct
baseline_year,1|election_year[2015],4.929511,5.847839,-2.36233,15.71856,2018,write_in_5pct
baseline_year,1|election_year[2016],-0.733824,4.258863,-8.044767,5.550923,2018,write_in_5pct
baseline_year,1|election_year[2017],5.465441,5.493169,-1.383463,15.328102,2018,write_in_5pct
baseline_year,sigma,14.573428,0.51183,13.771753,15.413585,2020,write_in_5pct
baseline_year,Intercept,2.047415,3.463871,-3.429903,7.664627,2020,write_in_5pct
baseline_year,PVI_N,1.662756,0.078288,1.539505,1.787872,2020,write_in_5pct
baseline_year,incumbent_dem,12.029635,1.718603,9.242814,14.752249,2020,write_in_5pct
baseline_year,incumbent_gop,-24.88717,2.343118,-28.632623,-21.135178,2020,write_in_5pct
baseline_year,pres_elec,6.799765,5.282852,-1.403991,15.474309,2020,write_in_5pct
baseline_year,1|election_year_sigma,7.811173,3.254341,3.946166,13.849955,2020,write_in_5pct
baseline_year,1|election_year[2010],-7.364143,3.593146,-13.254197,-1.948515,2020,write_in_5pct
baseline_year,1|election_year[2011],-0.531894,5.873084,-9.69372,8.875581,2020,write_in_5pct
baseline_year,1|election_year[2012],-0.820529,5.059489,-9.0823,6.833561,2020,write_in_5pct
baseline_year,1|election_year[2013],-5.632069,5.260432,-14.525303,2.256296,2020,write_in_5pct
baseline_year,1|election_year[2014],-2.847118,3.610043,-8.603169,2.692122,2020,write_in_5pct
baseline_year,1|election_year[2015],5.708741,6.137154,-3.038617,16.255226,2020,write_in_5pct
baseline_year,1|election_year[2016],-1.354531,4.894512,-9.311202,5.9067,2020,write_in_5pct
baseline_year,1|election_year[2017],6.048169,5.594757,-2.228446,15.234823,2020,write_in_5pct
baseline_year,1|election_year[2018],6.662643,3.656665,0.905127,12.474843,2020,write_in_5pct
baseline_year,sigma,14.296134,0.461478,13.574581,15.045603,2021,write_in_5pct
baseline_year,Intercept,4.398796,3.456735,-0.702342,10.01289,2021,write_in_5pct
baseline_year,PVI_N,1.672614,0.075963,1.553265,1.794998,2021,write_in_5pct
baseline_year,incumbent_dem,11.680445,1.626711,9.048882,14.280245,2021,write_in_5pct
baseline_year,incumbent_gop,-24.381582,2.124288,-27.765575,-21.04832,2021,write_in_5pct
baseline_year,pres_elec,0.547232,4.329953,-6.695981,7.105747,2021,write_in_5pct
baseline_year,1|election_year_sigma,7.763945,2.909944,4.133702,13.151512,2021,write_in_5pct
baseline_year,1|election_year[2010],-9.530618,3.620353,-15.61081,-4.22375,2021,write_in_5pct
baseline_year,1|election_year[2011],-1.761946,5.929225,-11.512007,7.163426,2021,write_in_5pct
baseline_year,1|election_year[2012],2.94763,4.144009,-3.383881,9.791724,2021,write_in_5pct
baseline_year,1|election_year[2013],-7.359031,5.437711,-16.694389,0.544911,2021,write_in_5pct
baseline_year,1|election_year[2014],-4.974123,3.617711,-10.854062,0.266414,2021,write_in_5pct
baseline_year,1|election_year[2015],4.701322,6.031449,-4.28817,14.907333,2021,write_in_5pct
baseline_year,1|election_year[2016],1.992177,4.038845,-4.201226,8.622042,2021,write_in_5pct
baseline_year,1|election_year[2017],4.820891,5.407573,-3.284014,13.830386,2021,write_in_5pct
baseline_year,1|election_year[2018],4.43973,3.625702,-1.462577,9.899959,2021,write_in_5pct
baseline_year,1|election_year[2020],4.69448,4.062283,-1.465044,11.293201,2021,write_in_5pct
baseline_year,sigma,14.333507,0.460731,13.611379,15.07464,2022,write_in_5pct
baseline_year,Intercept,4.50368,3.119062,-0.237796,9.712198,2022,write_in_5pct
baseline_year,PVI_N,1.674936,0.074389,1.555985,1.794309,2022,write_in_5pct
baseline_year,incumbent_dem,11.63074,1.650966,9.022886,14.285413,2022,write_in_5pct
baseline_year,incumbent_gop,-24.370189,2.132428,-27.725817,-20.96773,2022,write_in_5pct
baseline_year,pres_elec,0.666354,4.275885,-6.684939,7.155057,2022,write_in_5pct
baseline_year,1|election_year_sigma,7.406552,2.683745,4.014341,12.262973,2022,write_in_5pct
baseline_year,1|election_year[2010],-9.591587,3.352558,-15.271012,-4.612827,2022,write_in_5pct
baseline_year,1|election_year[2011],-1.674273,5.570525,-10.77209,6.989948,2022,write_in_5pct
baseline_year,1|election_year[2012],2.738877,4.045402,-3.397912,9.404737,2022,write_in_5pct
baseline_year,1|election_year[2013],-7.214389,5.265253,-16.286663,0.696626,2022,write_in_5pct
baseline_year,1|election_year[2014],-5.073964,3.358382,-10.721439,-0.037922,2022,write_in_5pct
baseline_year,1|election_year[2015],4.37593,5.849732,-4.37655,14.107094,2022,write_in_5pct
baseline_year,1|election_year[2016],1.789168,3.960245,-4.158127,8.330341,2022,write_in_5pct
baseline_year,1|election_year[2017],4.631224,5.171378,-3.216323,13.195706,2022,write_in_5pct
baseline_year,1|election_year[2018],4.324994,3.346828,-1.170947,9.507589,2022,write_in_5pct
baseline_year,1|election_year[2020],4.4855,3.950033,-1.453939,10.975552,2022,write_in_5pct
baseline_year,1|election_year[2021],1.74771,6.107053,-7.678324,11.736346,2022,write_in_5pct
baseline_year,sigma,14.253006,0.438631,13.574656,14.968631,2023,write_in_5pct
baseline_year,Intercept,3.929547,2.707069,-0.326876,8.317127,2023,write_in_5pct
baseline_year,PVI_N,1.711337,0.069103,1.601075,1.819727,2023,write_in_5pct
baseline_year,incumbent_dem,10.787663,1.46468,8.443346,13.134353,2023,write_in_5pct
baseline_year,incumbent_gop,-24.715046,1.892357,-27.667452,-21.682845,2023,write_in_5pct
baseline_year,pres_elec,1.699772,4.068036,-5.143048,7.779469,2023,write_in_5pct
baseline_year,1|election_year_sigma,6.597466,2.378524,3.586304,10.911455,2023,write_in_5pct
baseline_year,1|election_year[2010],-8.747758,2.90697,-13.50884,-4.226402,2023,write_in_5pct
baseline_year,1|election_year[2011],-1.443853,5.19663,-9.99554,6.628743,2023,write_in_5pct
baseline_year,1|election_year[2012],2.48025,3.697921,-3.045852,8.675024,2023,write_in_5pct
baseline_year,1|election_year[2013],-6.727326,4.855483,-15.024478,0.47216,2023,write_in_5pct
baseline_year,1|election_year[2014],-4.191166,2.886257,-8.925639,0.297223,2023,write_in_5pct
baseline_year,1|election_year[2015],4.007562,5.383953,-3.967126,12.981125,2023,write_in_5pct
baseline_year,1|election_year[2016],1.69107,3.630185,-3.808314,7.705892,2023,write_in_5pct
baseline_year,1|election_year[2017],4.281701,4.750332,-2.829222,12.279227,2023,write_in_5pct
baseline_year,1|election_year[2018],5.045324,2.922394,0.279669,9.648028,2023,write_in_5pct
baseline_year,1|election_year[2020],4.35689,3.60879,-0.958663,10.396696,2023,write_in_5pct
baseline_year,1|election_year[2021],1.633749,5.651678,-7.037205,10.89124,2023,write_in_5pct
baseline_year,1|election_year[2022],-1.765509,2.94814,-6.661879,2.785505,2023,write_in_5pct
baseline_year,sigma,14.25585,0.434405,13.578427,14.968795,2024,write_in_5pct
baseline_year,Intercept,3.521786,2.671482,-0.500374,7.857258,2024,write_in_5pct
baseline_year,PVI_N,1.715042,0.06985,1.604211,1.82775,2024,write_in_5pct
baseline_year,incumbent_dem,10.817347,1.513237,8.385676,13.244335,2024,write_in_5pct
baseline_year,incumbent_gop,-24.625065,1.958485,-27.773189,-21.510788,2024,write_in_5pct
baseline_year,pres_elec,1.939236,3.969651,-4.733619,7.961148,2024,write_in_5pct
baseline_year,1|election_year_sigma,6.499309,2.301069,3.574397,10.557603,2024,write_in_5pct
baseline_year,1|election_year[2010],-8.37578,2.86905,-13.052308,-3.994299,2024,write_in_5pct
baseline_year,1|election_year[2011],-1.188068,5.114558,-9.573209,6.639851,2024,write_in_5pct
baseline_year,1|election_year[2012],2.563631,3.808972,-3.016606,8.983139,2024,write_in_5pct
baseline_year,1|election_year[2013],-6.495117,4.765351,-14.431145,0.561044,2024,write_in_5pct
baseline_year,1|election_year[2014],-3.852835,2.913022,-8.614033,0.554112,2024,write_in_5pct
baseline_year,1|election_year[2015],4.113624,5.420114,-3.996322,13.068749,2024,write_in_5pct
baseline_year,1|election_year[2016],1.763809,3.701571,-3.685656,7.943282,2024,write_in_5pct
baseline_year,1|election_year[2017],4.470514,4.809475,-2.667898,12.295818,2024,write_in_5pct
baseline_year,1|election_year[2018],5.403933,2.919388,0.789904,9.916297,2024,write_in_5pct
baseline_year,1|election_year[2020],4.463996,3.704363,-0.934893,10.556351,2024,write_in_5pct
baseline_year,1|election_year[2021],1.641419,5.548406,-6.853468,10.690781,2024,write_in_5pct
baseline_year,1|election_year[2022],-1.471844,2.892044,-6.144312,2.892815,2024,write_in_5pct
baseline_year,1|election_year[2023],-2.145483,6.254244,-12.551231,7.126476,2024,write_in_5pct
baseline_national_env,sigma,14.046555,0.714724,12.964181,15.244238,2014,write_in_5pct
baseline_national_env,Intercept,1.270303,92.446992,-146.114972,147.63396,2014,write_in_5pct
baseline_national_env,PVI_N,1.754381,0.120658,1.563744,1.94858,2014,write_in_5pct
baseline_national_env,incumbent_dem,10.806164,2.270187,7.203967,14.405146,2014,write_in_5pct
baseline_national_env,incumbent_gop,-23.206441,3.976867,-29.679843,-16.964185,2014,write_in_5pct
baseline_national_env,pres_elec,6.231589,92.403835,-140.150251,154.61325,2014,write_in_5pct
baseline_national_env,national_env,7.04694,92.403202,-140.959998,153.462666,2014,write_in_5pct
baseline_national_env,sigma,14.354556,0.603216,13.423844,15.341171,2015,write_in_5pct
baseline_national_env,Intercept,2.221065,108.271588,-169.621615,179.423881,2015,write_in_5pct
baseline_national_env,PVI_N,1.737573,0.092014,1.591846,1.884645,2015,write_in_5pct
baseline_national_env,incumbent_dem,13.200532,1.906881,10.153621,16.227594,2015,write_in_5pct
baseline_national_env,incumbent_gop,-20.938226,3.097003,-25.846254,-15.954741,2015,write_in_5pct
baseline_national_env,pres_elec,3.51014,108.258987,-173.975382,175.138221,2015,write_in_5pct
baseline_national_env,national_env,7.459939,108.27437,-163.820381,185.218603,2015,write_in_5pct
baseline_national_env,sigma,14.619111,0.615123,13.66281,15.625274,2016,write_in_5pct
baseline_national_env,Intercept,1.03672,104.834163,-167.338018,170.587343,2016,write_in_5pct
baseline_national_env,PVI_N,1.759056,0.094582,1.609519,1.910196,2016,write_in_5pct
baseline_national_env,incumbent_dem,12.475783,1.958026,9.352707,15.609465,2016,write_in_5pct
baseline_national_env,incumbent_gop,-21.508795,3.173252,-26.612629,-16.533793,2016,write_in_5pct
baseline_national_env,pres_elec,5.039817,104.869104,-165.224546,173.122438,2016,write_in_5pct
baseline_national_env,national_env,5.717984,104.861636,-163.084666,175.835147,2016,write_in_5pct
baseline_national_env,sigma,14.409059,0.54565,13.56109,15.317419,2017,write_in_5pct
baseline_national_env,Intercept,4.345218,99.242768,-156.405926,163.944625,2017,write_in_5pct
baseline_national_env,PVI_N,1.630533,0.082858,1.498194,1.763535,2017,write_in_5pct
baseline_national_env,incumbent_dem,12.93434,1.805259,10.029643,15.789704,2017,write_in_5pct
baseline_national_env,incumbent_gop,-23.504052,2.659509,-27.816468,-19.311584,2017,write_in_5pct
baseline_national_env,pres_elec,2.837727,99.226627,-156.210506,163.907003,2017,write_in_5pct
baseline_national_env,national_env,7.991359,99.231506,-152.58189,167.508325,2017,write_in_5pct
baseline_national_env,sigma,14.6538,0.55333,13.789509,15.546626,2018,write_in_5pct
baseline_national_env,Intercept,4.823453,3.419833,-0.743537,10.241123,2018,write_in_5pct
baseline_national_env,PVI_N,1.647105,0.084493,1.515438,1.782855,2018,write_in_5pct
baseline_national_env,incumbent_dem,12.90132,1.84905,9.964391,15.877727,2018,write_in_5pct
baseline_national_env,incumbent_gop,-23.446488,2.708267,-27.789982,-19.129036,2018,write_in_5pct
baseline_national_env,pres_elec,2.214091,3.63466,-3.625405,8.034517,2018,write_in_5pct
baseline_national_env,national_env,8.611682,3.354715,3.279524,13.912797,2018,write_in_5pct
baseline_national_env,sigma,14.671233,0.509245,13.890262,15.507288,2020,write_in_5pct
baseline_national_env,Intercept,3.300381,1.5966,0.773877,5.827427,2020,write_in_5pct
baseline_national_env,PVI_N,1.658099,0.077666,1.532388,1.782178,2020,write_in_5pct
baseline_national_env,incumbent_dem,11.763675,1.661697,9.116259,14.434195,2020,write_in_5pct
baseline_national_env,incumbent_gop,-25.020897,2.286225,-28.724914,-21.384293,2020,write_in_5pct
baseline_national_env,pres_elec,4.706535,1.645279,2.073098,7.346844,2020,write_in_5pct
baseline_national_env,national_env,6.353071,0.998856,4.741672,7.938639,2020,write_in_5pct
baseline_national_env,sigma,14.326207,0.450117,13.62665,15.072076,2021,write_in_5pct
baseline_national_env,Intercept,3.824801,1.479147,1.518397,6.191944,2021,write_in_5pct
baseline_national_env,PVI_N,1.663949,0.072967,1.547454,1.781872,2021,write_in_5pct
baseline_national_env,incumbent_dem,11.275225,1.532156,8.842137,13.722867,2021,write_in_5pct
baseline_national_env,incumbent_gop,-24.716469,2.048646,-27.981719,-21.455019,2021,write_in_5pct
baseline_national_env,pres_elec,4.612981,1.413167,2.362446,6.908101,2021,write_in_5pct
baseline_national_env,national_env,6.663949,0.936635,5.148023,8.156595,2021,write_in_5pct
baseline_national_env,sigma,14.379357,0.464782,13.665353,15.148988,2022,write_in_5pct
baseline_national_env,Intercept,3.980083,1.474115,1.661405,6.326826,2022,write_in_5pct
baseline_national_env,PVI_N,1.666529,0.073527,1.550828,1.785404,2022,write_in_5pct
baseline_national_env,incumbent_dem,11.057357,1.518107,8.641494,13.454275,2022,write_in_5pct
baseline_national_env,incumbent_gop,-24.891309,2.029412,-28.113437,-21.632723,2022,write_in_5pct
baseline_national_env,pres_elec,4.593301,1.441944,2.276721,6.904172,2022,write_in_5pct
baseline_national_env,national_env,6.574081,0.960575,5.059627,8.108232,2022,write_in_5pct
baseline_national_env,sigma,14.369796,0.428892,13.707807,15.072006,2023,write_in_5pct
baseline_national_env,Intercept,4.628018,1.434355,2.330436,6.883655,2023,write_in_5pct
baseline_national_env,PVI_N,1.711059,0.069673,1.599337,1.822846,2023,write_in_5pct
baseline_national_env,incumbent_dem,10.282445,1.441832,7.982154,12.610946,2023,write_in_5pct
baseline_national_env,incumbent_gop,-24.756355,1.940128,-27.805453,-21.639409,2023,write_in_5pct
baseline_national_env,pres_elec,4.007941,1.390869,1.813085,6.248296,2023,write_in_5pct
baseline_national_env,national_env,5.968327,0.912783,4.541923,7.456282,2023,write_in_5pct
baseline_national_env,sigma,14.352036,0.43223,13.675301,15.052054,2024,write_in_5pct
baseline_national_env,Intercept,4.594705,1.409485,2.334132,6.837217,2024,write_in_5pct
baseline_national_env,PVI_N,1.712655,0.068274,1.604818,1.820072,2024,write_in_5pct
baseline_national_env,incumbent_dem,10.285457,1.426536,7.960676,12.560523,2024,write_in_5pct
baseline_national_env,incumbent_gop,-24.751284,1.890543,-27.776888,-21.710398,2024,write_in_5pct
baseline_national_env,pres_elec,4.029432,1.41041,1.78838,6.293613,2024,write_in_5pct
baseline_national_env,national_env,5.985437,0.901416,4.542907,7.42825,2024,write_in_5pct
baseline,sigma,13.963238,0.70943,12.88477,15.168646,2014,no_dem_excluded
baseline,Intercept,-5.638041,2.290601,-9.325106,-1.970224,2014,no_dem_excluded
baseline,PVI_N,1.750539,0.119743,1.55986,1.943806,2014,no_dem_excluded
baseline,incumbent_dem,10.889102,2.291467,7.250171,14.550503,2014,no_dem_excluded
baseline,incumbent_gop,-21.406556,4.089559,-27.822601,-14.803612,2014,no_dem_excluded
baseline,pres_elec,12.870626,2.164322,9.375621,16.305951,2014,no_dem_excluded
baseline,sigma,14.294259,0.602496,13.364383,15.301537,2015,no_dem_excluded
baseline,Intercept,-5.300429,1.850493,-8.26849,-2.395421,2015,no_dem_excluded
baseline,PVI_N,1.739611,0.091652,1.594449,1.887839,2015,no_dem_excluded
baseline,incumbent_dem,13.270285,1.897031,10.22211,16.296422,2015,no_dem_excluded
baseline,incumbent_gop,-19.702212,3.177537,-24.743284,-14.674669,2015,no_dem_excluded
baseline,pres_elec,10.83046,1.998293,7.667266,14.07241,2015,no_dem_excluded
baseline,sigma,14.560002,0.608588,13.61522,15.557014,2016,no_dem_excluded
baseline,Intercept,-4.727462,1.862114,-7.670728,-1.774101,2016,no_dem_excluded
baseline,PVI_N,1.759896,0.094446,1.608122,1.910335,2016,no_dem_excluded
baseline,incumbent_dem,12.561453,1.950059,9.491217,15.719522,2016,no_dem_excluded
baseline,incumbent_gop,-20.230188,3.2453,-25.404296,-15.097346,2016,no_dem_excluded
baseline,pres_elec,10.624103,1.972903,7.468789,13.813666,2016,no_dem_excluded
baseline,sigma,14.345416,0.545557,13.505325,15.245521,2017,no_dem_excluded
baseline,Intercept,-3.568272,1.693397,-6.304975,-0.901148,2017,no_dem_excluded
baseline,PVI_N,1.628154,0.081863,1.496073,1.758936,2017,no_dem_excluded
baseline,incumbent_dem,12.926541,1.782901,10.077151,15.760843,2017,no_dem_excluded
baseline,incumbent_gop,-22.500951,2.716054,-26.748331,-18.108907,2017,no_dem_excluded
baseline,pres_elec,10.718316,1.674011,8.036434,13.384982,2017,no_dem_excluded
baseline,sigma,14.700814,0.550807,13.860146,15.61208,2018,no_dem_excluded
baseline,Intercept,-2.779172,1.705469,-5.485804,-0.054593,2018,no_dem_excluded
baseline,PVI_N,1.644348,0.083924,1.510933,1.778016,2018,no_dem_excluded
baseline,incumbent_dem,12.050114,1.803294,9.159117,14.937117,2018,no_dem_excluded
baseline,incumbent_gop,-23.095875,2.720114,-27.505146,-18.745419,2018,no_dem_excluded
baseline,pres_elec,10.464686,1.704563,7.725763,13.200903,2018,no_dem_excluded
baseline,sigma,15.197621,0.520375,14.390078,16.055117,2020,no_dem_excluded
baseline,Intercept,0.383793,1.60112,-2.154571,2.970721,2020,no_dem_excluded
baseline,PVI_N,1.616896,0.080962,1.487984,1.746862,2020,no_dem_excluded
baseline,incumbent_dem,11.487405,1.70942,8.75811,14.202736,2020,no_dem_excluded
baseline,incumbent_gop,-21.310011,2.358137,-25.082422,-17.523947,2020,no_dem_excluded
baseline,pres_elec,7.396144,1.625646,4.76555,9.999967,2020,no_dem_excluded
baseline,sigma,14.900883,0.473133,14.15611,15.658052,2021,no_dem_excluded
baseline,Intercept,1.257033,1.502279,-1.131325,3.666257,2021,no_dem_excluded
baseline,PVI_N,1.618833,0.075631,1.496816,1.739784,2021,no_dem_excluded
baseline,incumbent_dem,10.638356,1.610705,8.034626,13.17605,2021,no_dem_excluded
baseline,incumbent_gop,-21.814325,2.158309,-25.233449,-18.287377,2021,no_dem_excluded
baseline,pres_elec,7.249818,1.444539,4.930755,9.535839,2021,no_dem_excluded
baseline,sigma,14.934686,0.474641,14.196755,15.71846,2022,no_dem_excluded
baseline,Intercept,1.377908,1.51296,-1.059021,3.796918,2022,no_dem_excluded
baseline,PVI_N,1.622346,0.0758,1.501529,1.742658,2022,no_dem_excluded
baseline,incumbent_dem,10.503186,1.64815,7.850133,13.165753,2022,no_dem_excluded
baseline,incumbent_gop,-21.943559,2.166356,-25.367461,-18.561746,2022,no_dem_excluded
baseline,pres_elec,7.212376,1.408102,4.913607,9.453394,2022,no_dem_excluded
baseline,sigma,14.482017,0.42706,13.817896,15.175792,2023,no_dem_excluded
baseline,Intercept,1.629155,1.347875,-0.547281,3.779993,2023,no_dem_excluded
baseline,PVI_N,1.650016,0.069662,1.53931,1.759803,2023,no_dem_excluded
baseline,incumbent_dem,10.078057,1.447642,7.780599,12.431727,2023,no_dem_excluded
baseline,incumbent_gop,-21.848533,1.981276,-25.028937,-18.689968,2023,no_dem_excluded
baseline,pres_elec,6.944833,1.336336,4.849493,9.088743,2023,no_dem_excluded
baseline,sigma,14.470848,0.436426,13.786108,15.184896,2024,no_dem_excluded
baseline,Intercept,1.541623,1.348945,-0.595827,3.672193,2024,no_dem_excluded
baseline,PVI_N,1.651123,0.070397,1.538992,1.762887,2024,no_dem_excluded
baseline,incumbent_dem,10.156824,1.428286,7.849001,12.415805,2024,no_dem_excluded
baseline,incumbent_gop,-21.760042,1.96784,-24.897489,-18.603581,2024,no_dem_excluded
baseline,pres_elec,6.964394,1.351971,4.797853,9.114342,2024,no_dem_excluded
baseline,sigma,14.029378,0.717755,12.933238,15.233939,2014,no_dem_train_only
baseline,Intercept,-5.803607,2.354673,-9.559648,-2.006625,2014,no_dem_train_only
baseline,PVI_N,1.752964,0.122096,1.558119,1.950677,2014,no_dem_train_only
baseline,incumbent_dem,10.859614,2.316787,7.128472,14.555455,2014,no_dem_train_only
baseline,incumbent_gop,-23.181709,3.917706,-29.43024,-16.935455,2014,no_dem_train_only
baseline,pres_elec,13.282005,2.177675,9.785859,16.744964,2014,no_dem_train_only
baseline,sigma,14.344346,0.60306,13.417611,15.346505,2015,no_dem_train_only
baseline,Intercept,-5.336741,1.877096,-8.328969,-2.339577,2015,no_dem_train_only
baseline,PVI_N,1.737924,0.092435,1.592275,1.888669,2015,no_dem_train_only
baseline,incumbent_dem,13.287067,1.950686,10.148694,16.420441,2015,no_dem_train_only
baseline,incumbent_gop,-20.922367,3.108135,-25.879778,-15.887786,2015,no_dem_train_only
baseline,pres_elec,11.018443,1.958546,7.857072,14.191352,2015,no_dem_train_only
baseline,sigma,14.61608,0.617769,13.661775,15.637168,2016,no_dem_train_only
baseline,Intercept,-4.730258,1.885505,-7.718899,-1.737387,2016,no_dem_train_only
baseline,PVI_N,1.759918,0.093933,1.611318,1.911492,2016,no_dem_train_only
baseline,incumbent_dem,12.516,1.989852,9.32733,15.715048,2016,no_dem_train_only
baseline,incumbent_gop,-21.384111,3.221049,-26.528676,-16.297892,2016,no_dem_train_only
baseline,pres_elec,10.732381,2.009729,7.533088,13.963665,2016,no_dem_train_only
baseline,sigma,14.413598,0.535344,13.578049,15.300428,2017,no_dem_train_only
baseline,Intercept,-3.592998,1.723725,-6.305865,-0.835631,2017,no_dem_train_only
baseline,PVI_N,1.630669,0.084125,1.498663,1.767571,2017,no_dem_train_only
baseline,incumbent_dem,12.854474,1.78028,10.02606,15.686296,2017,no_dem_train_only
baseline,incumbent_gop,-23.615257,2.700516,-27.937437,-19.300223,2017,no_dem_train_only
baseline,pres_elec,10.8668,1.646078,8.283074,13.540467,2017,no_dem_train_only
baseline,sigma,14.758883,0.557666,13.895731,15.686824,2018,no_dem_train_only
baseline,Intercept,-2.852346,1.702918,-5.550768,-0.125522,2018,no_dem_train_only
baseline,PVI_N,1.646224,0.086204,1.507367,1.784865,2018,no_dem_train_only
baseline,incumbent_dem,12.060948,1.815044,9.184691,14.931153,2018,no_dem_train_only
baseline,incumbent_gop,-24.139547,2.714963,-28.477998,-19.848591,2018,no_dem_train_only
baseline,pres_elec,10.558193,1.65501,7.909648,13.260639,2018,no_dem_train_only
baseline,sigma,15.319291,0.515493,14.524434,16.150585,2020,no_dem_train_only
baseline,Intercept,0.329365,1.614294,-2.28828,2.908797,2020,no_dem_train_only
baseline,PVI_N,1.62017,0.081192,1.48945,1.750701,2020,no_dem_train_only
baseline,incumbent_dem,11.47589,1.748656,8.673672,14.217749,2020,no_dem_train_only
baseline,incumbent_gop,-22.545998,2.388201,-26.249646,-18.713875,2020,no_dem_train_only
baseline,pres_elec,7.540148,1.643348,4.914221,10.128659,2020,no_dem_train_only
baseline,sigma,15.034676,0.48486,14.276527,15.81785,2021,no_dem_train_only
baseline,Intercept,1.178916,1.496826,-1.243094,3.576167,2021,no_dem_train_only
baseline,PVI_N,1.625502,0.077991,1.500596,1.75041,2021,no_dem_train_only
baseline,incumbent_dem,10.60901,1.603232,8.071114,13.174688,2021,no_dem_train_only
baseline,incumbent_gop,-22.994701,2.153504,-26.440325,-19.611702,2021,no_dem_train_only
baseline,pres_elec,7.381337,1.420388,5.09545,9.627807,2021,no_dem_train_only
baseline,sigma,15.058355,0.46988,14.319477,15.829946,2022,no_dem_train_only
baseline,Intercept,1.277698,1.508803,-1.117259,3.694512,2022,no_dem_train_only
baseline,PVI_N,1.627289,0.076695,1.505954,1.752205,2022,no_dem_train_only
baseline,incumbent_dem,10.515091,1.620136,7.88825,13.110961,2022,no_dem_train_only
baseline,incumbent_gop,-23.06776,2.137827,-26.494779,-19.673137,2022,no_dem_train_only
baseline,pres_elec,7.340151,1.447965,5.064893,9.64418,2022,no_dem_train_only
baseline,sigma,14.828449,0.450019,14.11196,15.563573,2023,no_dem_train_only
baseline,Intercept,1.528136,1.405866,-0.717886,3.774992,2023,no_dem_train_only
baseline,PVI_N,1.654942,0.072565,1.539184,1.769087,2023,no_dem_train_only
baseline,incumbent_dem,10.044122,1.466646,7.680546,12.398096,2023,no_dem_train_only
baseline,incumbent_gop,-23.395302,1.972838,-26.556973,-20.212357,2023,no_dem_train_only
baseline,pres_elec,7.224311,1.367419,5.061695,9.414142,2023,no_dem_train_only
baseline,sigma,14.822337,0.449451,14.131348,15.567103,2024,no_dem_train_only
baseline,Intercept,1.459647,1.377777,-0.762018,3.635956,2024,no_dem_train_only
baseline,PVI_N,1.655427,0.072255,1.541138,1.770669,2024,no_dem_train_only
baseline,incumbent_dem,10.099883,1.490965,7.711666,12.476558,2024,no_dem_train_only
baseline,incumbent_gop,-23.364167,1.96217,-26.498423,-20.201439,2024,no_dem_train_only
baseline,pres_elec,7.256201,1.364766,5.07656,9.411273,2024,no_dem_train_only
