definition,variant,bin,bin_lower,bin_upper,n_races,small_sample,mean_forecast,observed_frequency,fold_schedule
current,special_pooled_term,0.0-0.1,0.0,0.1,47,False,0.041976,0.021277,election_date>=2014-01-01
current,special_pooled_term,0.1-0.2,0.1,0.2,30,False,0.137921,0.033333,election_date>=2014-01-01
current,special_pooled_term,0.2-0.3,0.2,0.3,22,False,0.234233,0.318182,election_date>=2014-01-01
current,special_pooled_term,0.3-0.4,0.3,0.4,13,False,0.360779,0.384615,election_date>=2014-01-01
current,special_pooled_term,0.4-0.5,0.4,0.5,9,True,0.463917,0.555556,election_date>=2014-01-01
current,special_pooled_term,0.5-0.6,0.5,0.6,12,False,0.557125,0.75,election_date>=2014-01-01
current,special_pooled_term,0.6-0.7,0.6,0.7,29,False,0.658909,0.758621,election_date>=2014-01-01
current,special_pooled_term,0.7-0.8,0.7,0.8,34,False,0.748151,0.911765,election_date>=2014-01-01
current,special_pooled_term,0.8-0.9,0.8,0.9,53,False,0.849283,0.90566,election_date>=2014-01-01
current,special_pooled_term,0.9-1.0,0.9,1.0,175,False,0.970409,1.0,election_date>=2014-01-01
current,special_pooled_plain,0.0-0.1,0.0,0.1,47,False,0.043806,0.021277,election_date>=2014-01-01
current,special_pooled_plain,0.1-0.2,0.1,0.2,31,False,0.138923,0.032258,election_date>=2014-01-01
current,special_pooled_plain,0.2-0.3,0.2,0.3,19,False,0.246829,0.315789,election_date>=2014-01-01
current,special_pooled_plain,0.3-0.4,0.3,0.4,15,False,0.354625,0.4,election_date>=2014-01-01
current,special_pooled_plain,0.4-0.5,0.4,0.5,6,True,0.462271,0.333333,election_date>=2014-01-01
current,special_pooled_plain,0.5-0.6,0.5,0.6,17,False,0.546132,0.705882,election_date>=2014-01-01
current,special_pooled_plain,0.6-0.7,0.6,0.7,26,False,0.664091,0.846154,election_date>=2014-01-01
current,special_pooled_plain,0.7-0.8,0.7,0.8,35,False,0.746693,0.914286,election_date>=2014-01-01
current,special_pooled_plain,0.8-0.9,0.8,0.9,56,False,0.853623,0.910714,election_date>=2014-01-01
current,special_pooled_plain,0.9-1.0,0.9,1.0,172,False,0.971454,0.994186,election_date>=2014-01-01
current,special_split,0.0-0.1,0.0,0.1,55,False,0.0422,0.036364,election_date>=2014-01-01
current,special_split,0.1-0.2,0.1,0.2,27,False,0.146657,0.037037,election_date>=2014-01-01
current,special_split,0.2-0.3,0.2,0.3,17,False,0.24661,0.352941,election_date>=2014-01-01
current,special_split,0.3-0.4,0.3,0.4,9,True,0.354403,0.333333,election_date>=2014-01-01
current,special_split,0.4-0.5,0.4,0.5,11,False,0.449693,0.363636,election_date>=2014-01-01
current,special_split,0.5-0.6,0.5,0.6,8,True,0.554734,0.75,election_date>=2014-01-01
current,special_split,0.6-0.7,0.6,0.7,25,False,0.65193,0.76,election_date>=2014-01-01
current,special_split,0.7-0.8,0.7,0.8,37,False,0.751155,0.918919,election_date>=2014-01-01
current,special_split,0.8-0.9,0.8,0.9,46,False,0.847894,0.934783,election_date>=2014-01-01
current,special_split,0.9-1.0,0.9,1.0,189,False,0.970309,0.984127,election_date>=2014-01-01
current,baseline_num_candidates,0.0-0.1,0.0,0.1,47,False,0.044633,0.021277,election_date>=2014-01-01
current,baseline_num_candidates,0.1-0.2,0.1,0.2,32,False,0.141555,0.0625,election_date>=2014-01-01
current,baseline_num_candidates,0.2-0.3,0.2,0.3,17,False,0.247743,0.294118,election_date>=2014-01-01
current,baseline_num_candidates,0.3-0.4,0.3,0.4,18,False,0.353028,0.388889,election_date>=2014-01-01
current,baseline_num_candidates,0.4-0.5,0.4,0.5,8,True,0.462094,0.5,election_date>=2014-01-01
current,baseline_num_candidates,0.5-0.6,0.5,0.6,15,False,0.559508,0.733333,election_date>=2014-01-01
current,baseline_num_candidates,0.6-0.7,0.6,0.7,21,False,0.653827,0.761905,election_date>=2014-01-01
current,baseline_num_candidates,0.7-0.8,0.7,0.8,34,False,0.745132,0.941176,election_date>=2014-01-01
current,baseline_num_candidates,0.8-0.9,0.8,0.9,56,False,0.852879,0.910714,election_date>=2014-01-01
current,baseline_num_candidates,0.9-1.0,0.9,1.0,176,False,0.971297,0.994318,election_date>=2014-01-01
current,baseline_pres_incumbent,0.0-0.1,0.0,0.1,49,False,0.054066,0.020408,election_date>=2014-01-01
current,baseline_pres_incumbent,0.1-0.2,0.1,0.2,33,False,0.143636,0.090909,election_date>=2014-01-01
current,baseline_pres_incumbent,0.2-0.3,0.2,0.3,12,False,0.250583,0.166667,election_date>=2014-01-01
current,baseline_pres_incumbent,0.3-0.4,0.3,0.4,18,False,0.34809,0.444444,election_date>=2014-01-01
current,baseline_pres_incumbent,0.4-0.5,0.4,0.5,8,True,0.4665,0.375,election_date>=2014-01-01
current,baseline_pres_incumbent,0.5-0.6,0.5,0.6,15,False,0.543958,0.733333,election_date>=2014-01-01
current,baseline_pres_incumbent,0.6-0.7,0.6,0.7,27,False,0.653736,0.814815,election_date>=2014-01-01
current,baseline_pres_incumbent,0.7-0.8,0.7,0.8,36,False,0.746212,0.916667,election_date>=2014-01-01
current,baseline_pres_incumbent,0.8-0.9,0.8,0.9,51,False,0.850377,0.901961,election_date>=2014-01-01
current,baseline_pres_incumbent,0.9-1.0,0.9,1.0,175,False,0.970707,1.0,election_date>=2014-01-01
current,baseline_year,0.0-0.1,0.0,0.1,49,False,0.060046,0.0,election_date>=2014-01-01
current,baseline_year,0.1-0.2,0.1,0.2,30,False,0.135442,0.1,election_date>=2014-01-01
current,baseline_year,0.2-0.3,0.2,0.3,14,False,0.251705,0.214286,election_date>=2014-01-01
current,baseline_year,0.3-0.4,0.3,0.4,9,True,0.354722,0.222222,election_date>=2014-01-01
current,baseline_year,0.4-0.5,0.4,0.5,14,False,0.443286,0.357143,election_date>=2014-01-01
current,baseline_year,0.5-0.6,0.5,0.6,19,False,0.553197,0.684211,election_date>=2014-01-01
current,baseline_year,0.6-0.7,0.6,0.7,15,False,0.653575,0.866667,election_date>=2014-01-01
current,baseline_year,0.7-0.8,0.7,0.8,45,False,0.753414,0.933333,election_date>=2014-01-01
current,baseline_year,0.8-0.9,0.8,0.9,55,False,0.854916,0.909091,election_date>=2014-01-01
current,baseline_year,0.9-1.0,0.9,1.0,174,False,0.969062,0.994253,election_date>=2014-01-01
current,baseline_national_env,0.0-0.1,0.0,0.1,36,False,0.052924,0.0,election_date>=2014-01-01
current,baseline_national_env,0.1-0.2,0.1,0.2,38,False,0.144674,0.105263,election_date>=2014-01-01
current,baseline_national_env,0.2-0.3,0.2,0.3,15,False,0.24125,0.133333,election_date>=2014-01-01
current,baseline_national_env,0.3-0.4,0.3,0.4,15,False,0.346483,0.266667,election_date>=2014-01-01
current,baseline_national_env,0.4-0.5,0.4,0.5,11,False,0.448705,0.454545,election_date>=2014-01-01
current,baseline_national_env,0.5-0.6,0.5,0.6,12,False,0.556802,0.666667,election_date>=2014-01-01
current,baseline_national_env,0.6-0.7,0.6,0.7,30,False,0.661308,0.766667,election_date>=2014-01-01
current,baseline_national_env,0.7-0.8,0.7,0.8,27,False,0.743944,0.888889,election_date>=2014-01-01
current,baseline_national_env,0.8-0.9,0.8,0.9,45,False,0.855658,0.911111,election_date>=2014-01-01
current,baseline_national_env,0.9-1.0,0.9,1.0,195,False,0.973216,0.989744,election_date>=2014-01-01
current,baseline_money_share,0.0-0.1,0.0,0.1,66,False,0.035867,0.030303,election_date>=2014-01-01
current,baseline_money_share,0.1-0.2,0.1,0.2,17,False,0.145485,0.117647,election_date>=2014-01-01
current,baseline_money_share,0.2-0.3,0.2,0.3,17,False,0.23864,0.352941,election_date>=2014-01-01
current,baseline_money_share,0.3-0.4,0.3,0.4,15,False,0.337958,0.466667,election_date>=2014-01-01
current,baseline_money_share,0.4-0.5,0.4,0.5,19,False,0.445842,0.684211,election_date>=2014-01-01
current,baseline_money_share,0.5-0.6,0.5,0.6,13,False,0.558221,0.846154,election_date>=2014-01-01
current,baseline_money_share,0.6-0.7,0.6,0.7,20,False,0.655919,0.9,election_date>=2014-01-01
current,baseline_money_share,0.7-0.8,0.7,0.8,22,False,0.747312,0.818182,election_date>=2014-01-01
current,baseline_money_share,0.8-0.9,0.8,0.9,21,False,0.856482,1.0,election_date>=2014-01-01
current,baseline_money_share,0.9-1.0,0.9,1.0,199,False,0.983449,0.984925,election_date>=2014-01-01
current,baseline_money_logratio,0.0-0.1,0.0,0.1,56,False,0.037141,0.017857,election_date>=2014-01-01
current,baseline_money_logratio,0.1-0.2,0.1,0.2,30,False,0.145467,0.066667,election_date>=2014-01-01
current,baseline_money_logratio,0.2-0.3,0.2,0.3,13,False,0.253529,0.230769,election_date>=2014-01-01
current,baseline_money_logratio,0.3-0.4,0.3,0.4,12,False,0.34575,0.5,election_date>=2014-01-01
current,baseline_money_logratio,0.4-0.5,0.4,0.5,9,True,0.447931,0.777778,election_date>=2014-01-01
current,baseline_money_logratio,0.5-0.6,0.5,0.6,19,False,0.553487,0.736842,election_date>=2014-01-01
current,baseline_money_logratio,0.6-0.7,0.6,0.7,20,False,0.655056,0.85,election_date>=2014-01-01
current,baseline_money_logratio,0.7-0.8,0.7,0.8,32,False,0.745086,0.9375,election_date>=2014-01-01
current,baseline_money_logratio,0.8-0.9,0.8,0.9,30,False,0.854475,0.9,election_date>=2014-01-01
current,baseline_money_logratio,0.9-1.0,0.9,1.0,188,False,0.981124,0.994681,election_date>=2014-01-01
current,baseline_money_diff,0.0-0.1,0.0,0.1,52,False,0.047339,0.019231,election_date>=2014-01-01
current,baseline_money_diff,0.1-0.2,0.1,0.2,27,False,0.145856,0.037037,election_date>=2014-01-01
current,baseline_money_diff,0.2-0.3,0.2,0.3,19,False,0.247355,0.263158,election_date>=2014-01-01
current,baseline_money_diff,0.3-0.4,0.3,0.4,12,False,0.356667,0.416667,election_date>=2014-01-01
current,baseline_money_diff,0.4-0.5,0.4,0.5,10,False,0.454812,0.8,election_date>=2014-01-01
current,baseline_money_diff,0.5-0.6,0.5,0.6,15,False,0.559367,0.666667,election_date>=2014-01-01
current,baseline_money_diff,0.6-0.7,0.6,0.7,19,False,0.653914,0.842105,election_date>=2014-01-01
current,baseline_money_diff,0.7-0.8,0.7,0.8,40,False,0.749606,0.95,election_date>=2014-01-01
current,baseline_money_diff,0.8-0.9,0.8,0.9,41,False,0.858027,0.878049,election_date>=2014-01-01
current,baseline_money_diff,0.9-1.0,0.9,1.0,174,False,0.974869,1.0,election_date>=2014-01-01
current,baseline_money_both,0.0-0.1,0.0,0.1,54,False,0.034676,0.018519,election_date>=2014-01-01
current,baseline_money_both,0.1-0.2,0.1,0.2,31,False,0.140133,0.032258,election_date>=2014-01-01
current,baseline_money_both,0.2-0.3,0.2,0.3,15,False,0.253608,0.333333,election_date>=2014-01-01
current,baseline_money_both,0.3-0.4,0.3,0.4,11,False,0.349625,0.454545,election_date>=2014-01-01
current,baseline_money_both,0.4-0.5,0.4,0.5,9,True,0.446306,0.777778,election_date>=2014-01-01
current,baseline_money_both,0.5-0.6,0.5,0.6,19,False,0.550441,0.789474,election_date>=2014-01-01
current,baseline_money_both,0.6-0.7,0.6,0.7,19,False,0.653829,0.789474,election_date>=2014-01-01
current,baseline_money_both,0.7-0.8,0.7,0.8,33,False,0.744242,0.939394,election_date>=2014-01-01
current,baseline_money_both,0.8-0.9,0.8,0.9,30,False,0.852904,0.9,election_date>=2014-01-01
current,baseline_money_both,0.9-1.0,0.9,1.0,188,False,0.980788,0.994681,election_date>=2014-01-01
current,baseline_money_logratio_wide,0.0-0.1,0.0,0.1,56,False,0.040152,0.017857,election_date>=2014-01-01
current,baseline_money_logratio_wide,0.1-0.2,0.1,0.2,27,False,0.156403,0.037037,election_date>=2014-01-01
current,baseline_money_logratio_wide,0.2-0.3,0.2,0.3,13,False,0.242163,0.307692,election_date>=2014-01-01
current,baseline_money_logratio_wide,0.3-0.4,0.3,0.4,15,False,0.353592,0.4,election_date>=2014-01-01
current,baseline_money_logratio_wide,0.4-0.5,0.4,0.5,6,True,0.459083,0.833333,election_date>=2014-01-01
current,baseline_money_logratio_wide,0.5-0.6,0.5,0.6,17,False,0.556824,0.647059,election_date>=2014-01-01
current,baseline_money_logratio_wide,0.6-0.7,0.6,0.7,18,False,0.647479,0.888889,election_date>=2014-01-01
current,baseline_money_logratio_wide,0.7-0.8,0.7,0.8,38,False,0.752382,0.921053,election_date>=2014-01-01
current,baseline_money_logratio_wide,0.8-0.9,0.8,0.9,35,False,0.85955,0.885714,election_date>=2014-01-01
current,baseline_money_logratio_wide,0.9-1.0,0.9,1.0,184,False,0.976965,1.0,election_date>=2014-01-01
current,baseline_spend_share,0.0-0.1,0.0,0.1,60,False,0.03634,0.05,election_date>=2014-01-01
current,baseline_spend_share,0.1-0.2,0.1,0.2,18,False,0.139806,0.0,election_date>=2014-01-01
current,baseline_spend_share,0.2-0.3,0.2,0.3,18,False,0.254222,0.222222,election_date>=2014-01-01
current,baseline_spend_share,0.3-0.4,0.3,0.4,20,False,0.352412,0.5,election_date>=2014-01-01
current,baseline_spend_share,0.4-0.5,0.4,0.5,12,False,0.433292,0.583333,election_date>=2014-01-01
current,baseline_spend_share,0.5-0.6,0.5,0.6,19,False,0.549513,0.842105,election_date>=2014-01-01
current,baseline_spend_share,0.6-0.7,0.6,0.7,16,False,0.658703,0.8125,election_date>=2014-01-01
current,baseline_spend_share,0.7-0.8,0.7,0.8,18,False,0.762889,1.0,election_date>=2014-01-01
current,baseline_spend_share,0.8-0.9,0.8,0.9,31,False,0.85373,0.935484,election_date>=2014-01-01
current,baseline_spend_share,0.9-1.0,0.9,1.0,197,False,0.980218,0.984772,election_date>=2014-01-01
current,baseline_spend_logratio,0.0-0.1,0.0,0.1,55,False,0.035418,0.018182,election_date>=2014-01-01
current,baseline_spend_logratio,0.1-0.2,0.1,0.2,27,False,0.154417,0.074074,election_date>=2014-01-01
current,baseline_spend_logratio,0.2-0.3,0.2,0.3,17,False,0.250596,0.235294,election_date>=2014-01-01
current,baseline_spend_logratio,0.3-0.4,0.3,0.4,10,False,0.354412,0.4,election_date>=2014-01-01
current,baseline_spend_logratio,0.4-0.5,0.4,0.5,9,True,0.456556,0.666667,election_date>=2014-01-01
current,baseline_spend_logratio,0.5-0.6,0.5,0.6,20,False,0.550225,0.75,election_date>=2014-01-01
current,baseline_spend_logratio,0.6-0.7,0.6,0.7,18,False,0.667674,0.833333,election_date>=2014-01-01
current,baseline_spend_logratio,0.7-0.8,0.7,0.8,31,False,0.746923,0.935484,election_date>=2014-01-01
current,baseline_spend_logratio,0.8-0.9,0.8,0.9,33,False,0.852178,0.939394,election_date>=2014-01-01
current,baseline_spend_logratio,0.9-1.0,0.9,1.0,189,False,0.976767,0.989418,election_date>=2014-01-01
current,baseline_spend_diff,0.0-0.1,0.0,0.1,51,False,0.04764,0.019608,election_date>=2014-01-01
current,baseline_spend_diff,0.1-0.2,0.1,0.2,24,False,0.148177,0.041667,election_date>=2014-01-01
current,baseline_spend_diff,0.2-0.3,0.2,0.3,21,False,0.237792,0.285714,election_date>=2014-01-01
current,baseline_spend_diff,0.3-0.4,0.3,0.4,12,False,0.351365,0.416667,election_date>=2014-01-01
current,baseline_spend_diff,0.4-0.5,0.4,0.5,9,True,0.462653,0.555556,election_date>=2014-01-01
current,baseline_spend_diff,0.5-0.6,0.5,0.6,15,False,0.551925,0.733333,election_date>=2014-01-01
current,baseline_spend_diff,0.6-0.7,0.6,0.7,23,False,0.658223,0.782609,election_date>=2014-01-01
current,baseline_spend_diff,0.7-0.8,0.7,0.8,34,False,0.747676,0.941176,election_date>=2014-01-01
current,baseline_spend_diff,0.8-0.9,0.8,0.9,50,False,0.852098,0.9,election_date>=2014-01-01
current,baseline_spend_diff,0.9-1.0,0.9,1.0,170,False,0.971925,1.0,election_date>=2014-01-01
current,baseline_spend_both,0.0-0.1,0.0,0.1,56,False,0.036078,0.017857,election_date>=2014-01-01
current,baseline_spend_both,0.1-0.2,0.1,0.2,25,False,0.15526,0.08,election_date>=2014-01-01
current,baseline_spend_both,0.2-0.3,0.2,0.3,18,False,0.2405,0.222222,election_date>=2014-01-01
current,baseline_spend_both,0.3-0.4,0.3,0.4,10,False,0.353462,0.4,election_date>=2014-01-01
current,baseline_spend_both,0.4-0.5,0.4,0.5,9,True,0.454389,0.555556,election_date>=2014-01-01
current,baseline_spend_both,0.5-0.6,0.5,0.6,20,False,0.552387,0.8,election_date>=2014-01-01
current,baseline_spend_both,0.6-0.7,0.6,0.7,17,False,0.668537,0.764706,election_date>=2014-01-01
current,baseline_spend_both,0.7-0.8,0.7,0.8,34,False,0.749221,0.970588,election_date>=2014-01-01
current,baseline_spend_both,0.8-0.9,0.8,0.9,33,False,0.855648,0.939394,election_date>=2014-01-01
current,baseline_spend_both,0.9-1.0,0.9,1.0,187,False,0.977227,0.989305,election_date>=2014-01-01
current,baseline_spend_logratio_wide,0.0-0.1,0.0,0.1,60,False,0.039927,0.016667,election_date>=2014-01-01
current,baseline_spend_logratio_wide,0.1-0.2,0.1,0.2,17,False,0.158029,0.058824,election_date>=2014-01-01
current,baseline_spend_logratio_wide,0.2-0.3,0.2,0.3,22,False,0.245523,0.272727,election_date>=2014-01-01
current,baseline_spend_logratio_wide,0.3-0.4,0.3,0.4,12,False,0.36651,0.333333,election_date>=2014-01-01
current,baseline_spend_logratio_wide,0.4-0.5,0.4,0.5,5,True,0.4647,0.8,election_date>=2014-01-01
current,baseline_spend_logratio_wide,0.5-0.6,0.5,0.6,15,False,0.548508,0.666667,election_date>=2014-01-01
current,baseline_spend_logratio_wide,0.6-0.7,0.6,0.7,23,False,0.656799,0.826087,election_date>=2014-01-01
current,baseline_spend_logratio_wide,0.7-0.8,0.7,0.8,31,False,0.757105,0.935484,election_date>=2014-01-01
current,baseline_spend_logratio_wide,0.8-0.9,0.8,0.9,36,False,0.856747,0.944444,election_date>=2014-01-01
current,baseline_spend_logratio_wide,0.9-1.0,0.9,1.0,188,False,0.974273,0.989362,election_date>=2014-01-01
two_party,special_pooled_term,0.0-0.1,0.0,0.1,50,False,0.03576,0.04,election_date>=2014-01-01
two_party,special_pooled_term,0.1-0.2,0.1,0.2,32,False,0.145754,0.125,election_date>=2014-01-01
two_party,special_pooled_term,0.2-0.3,0.2,0.3,13,False,0.249529,0.461538,election_date>=2014-01-01
two_party,special_pooled_term,0.3-0.4,0.3,0.4,6,True,0.363021,0.666667,election_date>=2014-01-01
two_party,special_pooled_term,0.4-0.5,0.4,0.5,10,False,0.442738,0.4,election_date>=2014-01-01
two_party,special_pooled_term,0.5-0.6,0.5,0.6,19,False,0.543487,0.736842,election_date>=2014-01-01
two_party,special_pooled_term,0.6-0.7,0.6,0.7,25,False,0.645935,0.88,election_date>=2014-01-01
two_party,special_pooled_term,0.7-0.8,0.7,0.8,27,False,0.743685,0.851852,election_date>=2014-01-01
two_party,special_pooled_term,0.8-0.9,0.8,0.9,38,False,0.848556,0.894737,election_date>=2014-01-01
two_party,special_pooled_term,0.9-1.0,0.9,1.0,126,False,0.971886,0.984127,election_date>=2014-01-01
two_party,special_pooled_plain,0.0-0.1,0.0,0.1,50,False,0.03565,0.04,election_date>=2014-01-01
two_party,special_pooled_plain,0.1-0.2,0.1,0.2,29,False,0.142151,0.103448,election_date>=2014-01-01
two_party,special_pooled_plain,0.2-0.3,0.2,0.3,16,False,0.242359,0.4375,election_date>=2014-01-01
two_party,special_pooled_plain,0.3-0.4,0.3,0.4,7,True,0.366946,0.428571,election_date>=2014-01-01
two_party,special_pooled_plain,0.4-0.5,0.4,0.5,12,False,0.450198,0.583333,election_date>=2014-01-01
two_party,special_pooled_plain,0.5-0.6,0.5,0.6,12,False,0.54676,0.666667,election_date>=2014-01-01
two_party,special_pooled_plain,0.6-0.7,0.6,0.7,31,False,0.650238,0.903226,election_date>=2014-01-01
two_party,special_pooled_plain,0.7-0.8,0.7,0.8,26,False,0.754668,0.846154,election_date>=2014-01-01
two_party,special_pooled_plain,0.8-0.9,0.8,0.9,35,False,0.851371,0.885714,election_date>=2014-01-01
two_party,special_pooled_plain,0.9-1.0,0.9,1.0,128,False,0.970813,0.984375,election_date>=2014-01-01
two_party,special_split,0.0-0.1,0.0,0.1,53,False,0.031866,0.037736,election_date>=2014-01-01
two_party,special_split,0.1-0.2,0.1,0.2,29,False,0.140741,0.137931,election_date>=2014-01-01
two_party,special_split,0.2-0.3,0.2,0.3,11,False,0.234705,0.363636,election_date>=2014-01-01
two_party,special_split,0.3-0.4,0.3,0.4,9,True,0.363097,0.444444,election_date>=2014-01-01
two_party,special_split,0.4-0.5,0.4,0.5,10,False,0.446525,0.6,election_date>=2014-01-01
two_party,special_split,0.5-0.6,0.5,0.6,17,False,0.555779,0.705882,election_date>=2014-01-01
two_party,special_split,0.6-0.7,0.6,0.7,22,False,0.659364,0.909091,election_date>=2014-01-01
two_party,special_split,0.7-0.8,0.7,0.8,27,False,0.745542,0.851852,election_date>=2014-01-01
two_party,special_split,0.8-0.9,0.8,0.9,38,False,0.857595,0.894737,election_date>=2014-01-01
two_party,special_split,0.9-1.0,0.9,1.0,130,False,0.974777,0.984615,election_date>=2014-01-01
two_party,baseline_num_candidates,0.0-0.1,0.0,0.1,50,False,0.036175,0.04,election_date>=2014-01-01
two_party,baseline_num_candidates,0.1-0.2,0.1,0.2,30,False,0.145862,0.133333,election_date>=2014-01-01
two_party,baseline_num_candidates,0.2-0.3,0.2,0.3,14,False,0.237446,0.357143,election_date>=2014-01-01
two_party,baseline_num_candidates,0.3-0.4,0.3,0.4,7,True,0.354036,0.571429,election_date>=2014-01-01
two_party,baseline_num_candidates,0.4-0.5,0.4,0.5,13,False,0.444654,0.538462,election_date>=2014-01-01
two_party,baseline_num_candidates,0.5-0.6,0.5,0.6,16,False,0.554492,0.75,election_date>=2014-01-01
two_party,baseline_num_candidates,0.6-0.7,0.6,0.7,26,False,0.650909,0.884615,election_date>=2014-01-01
two_party,baseline_num_candidates,0.7-0.8,0.7,0.8,27,False,0.752523,0.851852,election_date>=2014-01-01
two_party,baseline_num_candidates,0.8-0.9,0.8,0.9,37,False,0.853652,0.891892,election_date>=2014-01-01
two_party,baseline_num_candidates,0.9-1.0,0.9,1.0,126,False,0.971588,0.984127,election_date>=2014-01-01
two_party,baseline_pres_incumbent,0.0-0.1,0.0,0.1,54,False,0.046442,0.018519,election_date>=2014-01-01
two_party,baseline_pres_incumbent,0.1-0.2,0.1,0.2,27,False,0.137343,0.222222,election_date>=2014-01-01
two_party,baseline_pres_incumbent,0.2-0.3,0.2,0.3,13,False,0.251654,0.307692,election_date>=2014-01-01
two_party,baseline_pres_incumbent,0.3-0.4,0.3,0.4,11,False,0.358716,0.363636,election_date>=2014-01-01
two_party,baseline_pres_incumbent,0.4-0.5,0.4,0.5,12,False,0.454344,0.666667,election_date>=2014-01-01
two_party,baseline_pres_incumbent,0.5-0.6,0.5,0.6,13,False,0.55849,0.769231,election_date>=2014-01-01
two_party,baseline_pres_incumbent,0.6-0.7,0.6,0.7,27,False,0.647486,0.851852,election_date>=2014-01-01
two_party,baseline_pres_incumbent,0.7-0.8,0.7,0.8,23,False,0.748908,0.913043,election_date>=2014-01-01
two_party,baseline_pres_incumbent,0.8-0.9,0.8,0.9,39,False,0.84949,0.897436,election_date>=2014-01-01
two_party,baseline_pres_incumbent,0.9-1.0,0.9,1.0,127,False,0.972613,0.984252,election_date>=2014-01-01
two_party,baseline_year,0.0-0.1,0.0,0.1,57,False,0.042167,0.017544,election_date>=2014-01-01
two_party,baseline_year,0.1-0.2,0.1,0.2,19,False,0.139467,0.157895,election_date>=2014-01-01
two_party,baseline_year,0.2-0.3,0.2,0.3,17,False,0.255485,0.176471,election_date>=2014-01-01
two_party,baseline_year,0.3-0.4,0.3,0.4,15,False,0.353175,0.466667,election_date>=2014-01-01
two_party,baseline_year,0.4-0.5,0.4,0.5,16,False,0.460141,0.8125,election_date>=2014-01-01
two_party,baseline_year,0.5-0.6,0.5,0.6,14,False,0.548339,0.714286,election_date>=2014-01-01
two_party,baseline_year,0.6-0.7,0.6,0.7,35,False,0.64635,0.942857,election_date>=2014-01-01
two_party,baseline_year,0.7-0.8,0.7,0.8,31,False,0.75579,0.870968,election_date>=2014-01-01
two_party,baseline_year,0.8-0.9,0.8,0.9,45,False,0.846697,0.955556,election_date>=2014-01-01
two_party,baseline_year,0.9-1.0,0.9,1.0,97,False,0.960421,1.0,election_date>=2014-01-01
two_party,baseline_national_env,0.0-0.1,0.0,0.1,49,False,0.045735,0.020408,election_date>=2014-01-01
two_party,baseline_national_env,0.1-0.2,0.1,0.2,29,False,0.139414,0.137931,election_date>=2014-01-01
two_party,baseline_national_env,0.2-0.3,0.2,0.3,12,False,0.248927,0.333333,election_date>=2014-01-01
two_party,baseline_national_env,0.3-0.4,0.3,0.4,12,False,0.348406,0.5,election_date>=2014-01-01
two_party,baseline_national_env,0.4-0.5,0.4,0.5,9,True,0.440292,0.555556,election_date>=2014-01-01
two_party,baseline_national_env,0.5-0.6,0.5,0.6,12,False,0.541469,0.583333,election_date>=2014-01-01
two_party,baseline_national_env,0.6-0.7,0.6,0.7,28,False,0.652683,0.892857,election_date>=2014-01-01
two_party,baseline_national_env,0.7-0.8,0.7,0.8,29,False,0.748681,0.827586,election_date>=2014-01-01
two_party,baseline_national_env,0.8-0.9,0.8,0.9,35,False,0.863807,0.914286,election_date>=2014-01-01
two_party,baseline_national_env,0.9-1.0,0.9,1.0,131,False,0.973962,0.984733,election_date>=2014-01-01
two_party,baseline_money_share,0.0-0.1,0.0,0.1,63,False,0.028258,0.031746,election_date>=2014-01-01
two_party,baseline_money_share,0.1-0.2,0.1,0.2,19,False,0.142632,0.315789,election_date>=2014-01-01
two_party,baseline_money_share,0.2-0.3,0.2,0.3,13,False,0.263404,0.307692,election_date>=2014-01-01
two_party,baseline_money_share,0.3-0.4,0.3,0.4,12,False,0.346937,0.416667,election_date>=2014-01-01
two_party,baseline_money_share,0.4-0.5,0.4,0.5,17,False,0.447735,0.705882,election_date>=2014-01-01
two_party,baseline_money_share,0.5-0.6,0.5,0.6,12,False,0.541167,0.916667,election_date>=2014-01-01
two_party,baseline_money_share,0.6-0.7,0.6,0.7,13,False,0.640942,0.923077,election_date>=2014-01-01
two_party,baseline_money_share,0.7-0.8,0.7,0.8,20,False,0.734956,0.9,election_date>=2014-01-01
two_party,baseline_money_share,0.8-0.9,0.8,0.9,23,False,0.848973,0.913043,election_date>=2014-01-01
two_party,baseline_money_share,0.9-1.0,0.9,1.0,141,False,0.981674,0.978723,election_date>=2014-01-01
two_party,baseline_money_logratio,0.0-0.1,0.0,0.1,60,False,0.033694,0.016667,election_date>=2014-01-01
two_party,baseline_money_logratio,0.1-0.2,0.1,0.2,21,False,0.144304,0.190476,election_date>=2014-01-01
two_party,baseline_money_logratio,0.2-0.3,0.2,0.3,9,True,0.222264,0.333333,election_date>=2014-01-01
two_party,baseline_money_logratio,0.3-0.4,0.3,0.4,11,False,0.335352,0.636364,election_date>=2014-01-01
two_party,baseline_money_logratio,0.4-0.5,0.4,0.5,14,False,0.444723,0.571429,election_date>=2014-01-01
two_party,baseline_money_logratio,0.5-0.6,0.5,0.6,15,False,0.559,0.866667,election_date>=2014-01-01
two_party,baseline_money_logratio,0.6-0.7,0.6,0.7,16,False,0.652281,0.8125,election_date>=2014-01-01
two_party,baseline_money_logratio,0.7-0.8,0.7,0.8,28,False,0.747768,0.892857,election_date>=2014-01-01
two_party,baseline_money_logratio,0.8-0.9,0.8,0.9,25,False,0.84901,0.92,election_date>=2014-01-01
two_party,baseline_money_logratio,0.9-1.0,0.9,1.0,134,False,0.978937,0.985075,election_date>=2014-01-01
two_party,baseline_money_diff,0.0-0.1,0.0,0.1,54,False,0.033914,0.018519,election_date>=2014-01-01
two_party,baseline_money_diff,0.1-0.2,0.1,0.2,26,False,0.139957,0.192308,election_date>=2014-01-01
two_party,baseline_money_diff,0.2-0.3,0.2,0.3,11,False,0.240989,0.272727,election_date>=2014-01-01
two_party,baseline_money_diff,0.3-0.4,0.3,0.4,11,False,0.357886,0.727273,election_date>=2014-01-01
two_party,baseline_money_diff,0.4-0.5,0.4,0.5,11,False,0.45308,0.545455,election_date>=2014-01-01
two_party,baseline_money_diff,0.5-0.6,0.5,0.6,13,False,0.560904,0.769231,election_date>=2014-01-01
two_party,baseline_money_diff,0.6-0.7,0.6,0.7,22,False,0.657227,0.818182,election_date>=2014-01-01
two_party,baseline_money_diff,0.7-0.8,0.7,0.8,26,False,0.753755,0.923077,election_date>=2014-01-01
two_party,baseline_money_diff,0.8-0.9,0.8,0.9,31,False,0.846153,0.903226,election_date>=2014-01-01
two_party,baseline_money_diff,0.9-1.0,0.9,1.0,128,False,0.974706,0.984375,election_date>=2014-01-01
two_party,baseline_money_both,0.0-0.1,0.0,0.1,64,False,0.037531,0.015625,election_date>=2014-01-01
two_party,baseline_money_both,0.1-0.2,0.1,0.2,18,False,0.157507,0.277778,election_date>=2014-01-01
two_party,baseline_money_both,0.2-0.3,0.2,0.3,9,True,0.232444,0.333333,election_date>=2014-01-01
two_party,baseline_money_both,0.3-0.4,0.3,0.4,11,False,0.357466,0.545455,election_date>=2014-01-01
two_party,baseline_money_both,0.4-0.5,0.4,0.5,13,False,0.4525,0.615385,election_date>=2014-01-01
two_party,baseline_money_both,0.5-0.6,0.5,0.6,17,False,0.551779,0.823529,election_date>=2014-01-01
two_party,baseline_money_both,0.6-0.7,0.6,0.7,14,False,0.660732,1.0,election_date>=2014-01-01
two_party,baseline_money_both,0.7-0.8,0.7,0.8,29,False,0.74794,0.827586,election_date>=2014-01-01
two_party,baseline_money_both,0.8-0.9,0.8,0.9,25,False,0.85393,0.88,election_date>=2014-01-01
two_party,baseline_money_both,0.9-1.0,0.9,1.0,133,False,0.980638,0.992481,election_date>=2014-01-01
two_party,baseline_money_logratio_wide,0.0-0.1,0.0,0.1,56,False,0.032145,0.017857,election_date>=2014-01-01
two_party,baseline_money_logratio_wide,0.1-0.2,0.1,0.2,25,False,0.14813,0.16,election_date>=2014-01-01
two_party,baseline_money_logratio_wide,0.2-0.3,0.2,0.3,12,False,0.249281,0.416667,election_date>=2014-01-01
two_party,baseline_money_logratio_wide,0.3-0.4,0.3,0.4,8,True,0.350281,0.625,election_date>=2014-01-01
two_party,baseline_money_logratio_wide,0.4-0.5,0.4,0.5,11,False,0.444091,0.545455,election_date>=2014-01-01
two_party,baseline_money_logratio_wide,0.5-0.6,0.5,0.6,14,False,0.555,0.857143,election_date>=2014-01-01
two_party,baseline_money_logratio_wide,0.6-0.7,0.6,0.7,18,False,0.649194,0.777778,election_date>=2014-01-01
two_party,baseline_money_logratio_wide,0.7-0.8,0.7,0.8,26,False,0.757288,0.923077,election_date>=2014-01-01
two_party,baseline_money_logratio_wide,0.8-0.9,0.8,0.9,32,False,0.848047,0.90625,election_date>=2014-01-01
two_party,baseline_money_logratio_wide,0.9-1.0,0.9,1.0,131,False,0.976491,0.984733,election_date>=2014-01-01
two_party,baseline_spend_share,0.0-0.1,0.0,0.1,59,False,0.025744,0.033898,election_date>=2014-01-01
two_party,baseline_spend_share,0.1-0.2,0.1,0.2,17,False,0.144081,0.176471,election_date>=2014-01-01
two_party,baseline_spend_share,0.2-0.3,0.2,0.3,11,False,0.248568,0.272727,election_date>=2014-01-01
two_party,baseline_spend_share,0.3-0.4,0.3,0.4,22,False,0.346392,0.590909,election_date>=2014-01-01
two_party,baseline_spend_share,0.4-0.5,0.4,0.5,13,False,0.446279,0.615385,election_date>=2014-01-01
two_party,baseline_spend_share,0.5-0.6,0.5,0.6,12,False,0.540083,0.75,election_date>=2014-01-01
two_party,baseline_spend_share,0.6-0.7,0.6,0.7,14,False,0.6515,0.857143,election_date>=2014-01-01
two_party,baseline_spend_share,0.7-0.8,0.7,0.8,17,False,0.747272,0.941176,election_date>=2014-01-01
two_party,baseline_spend_share,0.8-0.9,0.8,0.9,29,False,0.848647,0.965517,election_date>=2014-01-01
two_party,baseline_spend_share,0.9-1.0,0.9,1.0,139,False,0.978747,0.971223,election_date>=2014-01-01
two_party,baseline_spend_logratio,0.0-0.1,0.0,0.1,57,False,0.029864,0.017544,election_date>=2014-01-01
two_party,baseline_spend_logratio,0.1-0.2,0.1,0.2,24,False,0.149755,0.166667,election_date>=2014-01-01
two_party,baseline_spend_logratio,0.2-0.3,0.2,0.3,10,False,0.244525,0.4,election_date>=2014-01-01
two_party,baseline_spend_logratio,0.3-0.4,0.3,0.4,8,True,0.34775,0.375,election_date>=2014-01-01
two_party,baseline_spend_logratio,0.4-0.5,0.4,0.5,13,False,0.446548,0.692308,election_date>=2014-01-01
two_party,baseline_spend_logratio,0.5-0.6,0.5,0.6,15,False,0.543375,0.733333,election_date>=2014-01-01
two_party,baseline_spend_logratio,0.6-0.7,0.6,0.7,18,False,0.659632,0.833333,election_date>=2014-01-01
two_party,baseline_spend_logratio,0.7-0.8,0.7,0.8,25,False,0.75644,0.92,election_date>=2014-01-01
two_party,baseline_spend_logratio,0.8-0.9,0.8,0.9,31,False,0.854202,0.935484,election_date>=2014-01-01
two_party,baseline_spend_logratio,0.9-1.0,0.9,1.0,132,False,0.978,0.984848,election_date>=2014-01-01
two_party,baseline_spend_diff,0.0-0.1,0.0,0.1,51,False,0.031174,0.019608,election_date>=2014-01-01
two_party,baseline_spend_diff,0.1-0.2,0.1,0.2,30,False,0.147271,0.166667,election_date>=2014-01-01
two_party,baseline_spend_diff,0.2-0.3,0.2,0.3,11,False,0.253261,0.454545,election_date>=2014-01-01
two_party,baseline_spend_diff,0.3-0.4,0.3,0.4,6,True,0.360771,0.5,election_date>=2014-01-01
two_party,baseline_spend_diff,0.4-0.5,0.4,0.5,13,False,0.451875,0.692308,election_date>=2014-01-01
two_party,baseline_spend_diff,0.5-0.6,0.5,0.6,10,False,0.535462,0.7,election_date>=2014-01-01
two_party,baseline_spend_diff,0.6-0.7,0.6,0.7,26,False,0.645899,0.846154,election_date>=2014-01-01
two_party,baseline_spend_diff,0.7-0.8,0.7,0.8,28,False,0.753871,0.857143,election_date>=2014-01-01
two_party,baseline_spend_diff,0.8-0.9,0.8,0.9,33,False,0.851659,0.909091,election_date>=2014-01-01
two_party,baseline_spend_diff,0.9-1.0,0.9,1.0,125,False,0.972445,0.984,election_date>=2014-01-01
two_party,baseline_spend_both,0.0-0.1,0.0,0.1,57,False,0.030221,0.017544,election_date>=2014-01-01
two_party,baseline_spend_both,0.1-0.2,0.1,0.2,24,False,0.15274,0.166667,election_date>=2014-01-01
two_party,baseline_spend_both,0.2-0.3,0.2,0.3,11,False,0.249761,0.454545,election_date>=2014-01-01
two_party,baseline_spend_both,0.3-0.4,0.3,0.4,7,True,0.350268,0.285714,election_date>=2014-01-01
two_party,baseline_spend_both,0.4-0.5,0.4,0.5,13,False,0.444692,0.769231,election_date>=2014-01-01
two_party,baseline_spend_both,0.5-0.6,0.5,0.6,15,False,0.545717,0.666667,election_date>=2014-01-01
two_party,baseline_spend_both,0.6-0.7,0.6,0.7,16,False,0.655547,0.875,election_date>=2014-01-01
two_party,baseline_spend_both,0.7-0.8,0.7,0.8,28,False,0.753027,0.892857,election_date>=2014-01-01
two_party,baseline_spend_both,0.8-0.9,0.8,0.9,30,False,0.854671,0.933333,election_date>=2014-01-01
two_party,baseline_spend_both,0.9-1.0,0.9,1.0,132,False,0.97773,0.984848,election_date>=2014-01-01
two_party,baseline_spend_logratio_wide,0.0-0.1,0.0,0.1,57,False,0.026987,0.017544,election_date>=2014-01-01
two_party,baseline_spend_logratio_wide,0.1-0.2,0.1,0.2,22,False,0.14575,0.227273,election_date>=2014-01-01
two_party,baseline_spend_logratio_wide,0.2-0.3,0.2,0.3,15,False,0.248517,0.333333,election_date>=2014-01-01
two_party,baseline_spend_logratio_wide,0.3-0.4,0.3,0.4,4,True,0.355031,0.5,election_date>=2014-01-01
two_party,baseline_spend_logratio_wide,0.4-0.5,0.4,0.5,15,False,0.449483,0.6,election_date>=2014-01-01
two_party,baseline_spend_logratio_wide,0.5-0.6,0.5,0.6,10,False,0.560837,0.8,election_date>=2014-01-01
two_party,baseline_spend_logratio_wide,0.6-0.7,0.6,0.7,20,False,0.649694,0.8,election_date>=2014-01-01
two_party,baseline_spend_logratio_wide,0.7-0.8,0.7,0.8,23,False,0.759353,0.869565,election_date>=2014-01-01
two_party,baseline_spend_logratio_wide,0.8-0.9,0.8,0.9,30,False,0.848575,0.933333,election_date>=2014-01-01
two_party,baseline_spend_logratio_wide,0.9-1.0,0.9,1.0,137,False,0.973782,0.985401,election_date>=2014-01-01
two_party_or_strongest,special_pooled_term,0.0-0.1,0.0,0.1,42,False,0.042685,0.02381,election_date>=2014-01-01
two_party_or_strongest,special_pooled_term,0.1-0.2,0.1,0.2,28,False,0.145335,0.035714,election_date>=2014-01-01
two_party_or_strongest,special_pooled_term,0.2-0.3,0.2,0.3,17,False,0.23636,0.294118,election_date>=2014-01-01
two_party_or_strongest,special_pooled_term,0.3-0.4,0.3,0.4,11,False,0.330727,0.454545,election_date>=2014-01-01
two_party_or_strongest,special_pooled_term,0.4-0.5,0.4,0.5,10,False,0.445675,0.5,election_date>=2014-01-01
two_party_or_strongest,special_pooled_term,0.5-0.6,0.5,0.6,15,False,0.552608,0.6,election_date>=2014-01-01
two_party_or_strongest,special_pooled_term,0.6-0.7,0.6,0.7,31,False,0.658448,0.806452,election_date>=2014-01-01
two_party_or_strongest,special_pooled_term,0.7-0.8,0.7,0.8,33,False,0.754583,0.909091,election_date>=2014-01-01
two_party_or_strongest,special_pooled_term,0.8-0.9,0.8,0.9,47,False,0.849606,0.914894,election_date>=2014-01-01
two_party_or_strongest,special_pooled_term,0.9-1.0,0.9,1.0,179,False,0.972456,0.994413,election_date>=2014-01-01
two_party_or_strongest,special_pooled_plain,0.0-0.1,0.0,0.1,41,False,0.043274,0.02439,election_date>=2014-01-01
two_party_or_strongest,special_pooled_plain,0.1-0.2,0.1,0.2,29,False,0.142362,0.034483,election_date>=2014-01-01
two_party_or_strongest,special_pooled_plain,0.2-0.3,0.2,0.3,19,False,0.254039,0.263158,election_date>=2014-01-01
two_party_or_strongest,special_pooled_plain,0.3-0.4,0.3,0.4,9,True,0.332639,0.555556,election_date>=2014-01-01
two_party_or_strongest,special_pooled_plain,0.4-0.5,0.4,0.5,10,False,0.454038,0.5,election_date>=2014-01-01
two_party_or_strongest,special_pooled_plain,0.5-0.6,0.5,0.6,16,False,0.542227,0.5,election_date>=2014-01-01
two_party_or_strongest,special_pooled_plain,0.6-0.7,0.6,0.7,31,False,0.66654,0.903226,election_date>=2014-01-01
two_party_or_strongest,special_pooled_plain,0.7-0.8,0.7,0.8,30,False,0.753504,0.9,election_date>=2014-01-01
two_party_or_strongest,special_pooled_plain,0.8-0.9,0.8,0.9,51,False,0.85239,0.901961,election_date>=2014-01-01
two_party_or_strongest,special_pooled_plain,0.9-1.0,0.9,1.0,177,False,0.973061,0.99435,election_date>=2014-01-01
two_party_or_strongest,special_split,0.0-0.1,0.0,0.1,48,False,0.039964,0.020833,election_date>=2014-01-01
two_party_or_strongest,special_split,0.1-0.2,0.1,0.2,24,False,0.142427,0.041667,election_date>=2014-01-01
two_party_or_strongest,special_split,0.2-0.3,0.2,0.3,16,False,0.242766,0.3125,election_date>=2014-01-01
two_party_or_strongest,special_split,0.3-0.4,0.3,0.4,10,False,0.346788,0.3,election_date>=2014-01-01
two_party_or_strongest,special_split,0.4-0.5,0.4,0.5,9,True,0.45475,0.555556,election_date>=2014-01-01
two_party_or_strongest,special_split,0.5-0.6,0.5,0.6,11,False,0.551818,0.636364,election_date>=2014-01-01
two_party_or_strongest,special_split,0.6-0.7,0.6,0.7,25,False,0.658645,0.76,election_date>=2014-01-01
two_party_or_strongest,special_split,0.7-0.8,0.7,0.8,36,False,0.753264,0.916667,election_date>=2014-01-01
two_party_or_strongest,special_split,0.8-0.9,0.8,0.9,44,False,0.854082,0.909091,election_date>=2014-01-01
two_party_or_strongest,special_split,0.9-1.0,0.9,1.0,190,False,0.973768,0.989474,election_date>=2014-01-01
two_party_or_strongest,baseline_num_candidates,0.0-0.1,0.0,0.1,41,False,0.042909,0.02439,election_date>=2014-01-01
two_party_or_strongest,baseline_num_candidates,0.1-0.2,0.1,0.2,29,False,0.143513,0.068966,election_date>=2014-01-01
two_party_or_strongest,baseline_num_candidates,0.2-0.3,0.2,0.3,17,False,0.24789,0.294118,election_date>=2014-01-01
two_party_or_strongest,baseline_num_candidates,0.3-0.4,0.3,0.4,11,False,0.32325,0.363636,election_date>=2014-01-01
two_party_or_strongest,baseline_num_candidates,0.4-0.5,0.4,0.5,11,False,0.43867,0.545455,election_date>=2014-01-01
two_party_or_strongest,baseline_num_candidates,0.5-0.6,0.5,0.6,19,False,0.553704,0.526316,election_date>=2014-01-01
two_party_or_strongest,baseline_num_candidates,0.6-0.7,0.6,0.7,23,False,0.666636,0.956522,election_date>=2014-01-01
two_party_or_strongest,baseline_num_candidates,0.7-0.8,0.7,0.8,35,False,0.750189,0.885714,election_date>=2014-01-01
two_party_or_strongest,baseline_num_candidates,0.8-0.9,0.8,0.9,49,False,0.854839,0.897959,election_date>=2014-01-01
two_party_or_strongest,baseline_num_candidates,0.9-1.0,0.9,1.0,178,False,0.972888,0.994382,election_date>=2014-01-01
two_party_or_strongest,baseline_pres_incumbent,0.0-0.1,0.0,0.1,40,False,0.055934,0.025,election_date>=2014-01-01
two_party_or_strongest,baseline_pres_incumbent,0.1-0.2,0.1,0.2,31,False,0.138964,0.064516,election_date>=2014-01-01
two_party_or_strongest,baseline_pres_incumbent,0.2-0.3,0.2,0.3,15,False,0.256075,0.266667,election_date>=2014-01-01
two_party_or_strongest,baseline_pres_incumbent,0.3-0.4,0.3,0.4,15,False,0.344267,0.333333,election_date>=2014-01-01
two_party_or_strongest,baseline_pres_incumbent,0.4-0.5,0.4,0.5,8,True,0.459672,0.375,election_date>=2014-01-01
two_party_or_strongest,baseline_pres_incumbent,0.5-0.6,0.5,0.6,15,False,0.539867,0.666667,election_date>=2014-01-01
two_party_or_strongest,baseline_pres_incumbent,0.6-0.7,0.6,0.7,30,False,0.655004,0.9,election_date>=2014-01-01
two_party_or_strongest,baseline_pres_incumbent,0.7-0.8,0.7,0.8,35,False,0.755504,0.885714,election_date>=2014-01-01
two_party_or_strongest,baseline_pres_incumbent,0.8-0.9,0.8,0.9,46,False,0.853533,0.913043,election_date>=2014-01-01
two_party_or_strongest,baseline_pres_incumbent,0.9-1.0,0.9,1.0,178,False,0.972983,0.994382,election_date>=2014-01-01
two_party_or_strongest,baseline_year,0.0-0.1,0.0,0.1,45,False,0.059147,0.0,election_date>=2014-01-01
two_party_or_strongest,baseline_year,0.1-0.2,0.1,0.2,23,False,0.138364,0.130435,election_date>=2014-01-01
two_party_or_strongest,baseline_year,0.2-0.3,0.2,0.3,11,False,0.231898,0.090909,election_date>=2014-01-01
two_party_or_strongest,baseline_year,0.3-0.4,0.3,0.4,14,False,0.341071,0.142857,election_date>=2014-01-01
two_party_or_strongest,baseline_year,0.4-0.5,0.4,0.5,16,False,0.442117,0.5,election_date>=2014-01-01
two_party_or_strongest,baseline_year,0.5-0.6,0.5,0.6,18,False,0.555493,0.722222,election_date>=2014-01-01
two_party_or_strongest,baseline_year,0.6-0.7,0.6,0.7,17,False,0.655235,0.823529,election_date>=2014-01-01
two_party_or_strongest,baseline_year,0.7-0.8,0.7,0.8,45,False,0.752511,0.955556,election_date>=2014-01-01
two_party_or_strongest,baseline_year,0.8-0.9,0.8,0.9,55,False,0.856159,0.890909,election_date>=2014-01-01
two_party_or_strongest,baseline_year,0.9-1.0,0.9,1.0,169,False,0.970735,1.0,election_date>=2014-01-01
two_party_or_strongest,baseline_money_share,0.0-0.1,0.0,0.1,58,False,0.03364,0.017241,election_date>=2014-01-01
two_party_or_strongest,baseline_money_share,0.1-0.2,0.1,0.2,17,False,0.1425,0.176471,election_date>=2014-01-01
two_party_or_strongest,baseline_money_share,0.2-0.3,0.2,0.3,18,False,0.239826,0.388889,election_date>=2014-01-01
two_party_or_strongest,baseline_money_share,0.3-0.4,0.3,0.4,13,False,0.33674,0.384615,election_date>=2014-01-01
two_party_or_strongest,baseline_money_share,0.4-0.5,0.4,0.5,21,False,0.449393,0.761905,election_date>=2014-01-01
two_party_or_strongest,baseline_money_share,0.5-0.6,0.5,0.6,9,True,0.552819,0.777778,election_date>=2014-01-01
two_party_or_strongest,baseline_money_share,0.6-0.7,0.6,0.7,19,False,0.647507,0.894737,election_date>=2014-01-01
two_party_or_strongest,baseline_money_share,0.7-0.8,0.7,0.8,22,False,0.745023,0.909091,election_date>=2014-01-01
two_party_or_strongest,baseline_money_share,0.8-0.9,0.8,0.9,22,False,0.857528,0.909091,election_date>=2014-01-01
two_party_or_strongest,baseline_money_share,0.9-1.0,0.9,1.0,199,False,0.984707,0.984925,election_date>=2014-01-01
two_party_or_strongest,baseline_money_logratio,0.0-0.1,0.0,0.1,52,False,0.036615,0.019231,election_date>=2014-01-01
two_party_or_strongest,baseline_money_logratio,0.1-0.2,0.1,0.2,25,False,0.148445,0.08,election_date>=2014-01-01
two_party_or_strongest,baseline_money_logratio,0.2-0.3,0.2,0.3,12,False,0.239823,0.333333,election_date>=2014-01-01
two_party_or_strongest,baseline_money_logratio,0.3-0.4,0.3,0.4,12,False,0.347094,0.5,election_date>=2014-01-01
two_party_or_strongest,baseline_money_logratio,0.4-0.5,0.4,0.5,11,False,0.452182,0.545455,election_date>=2014-01-01
two_party_or_strongest,baseline_money_logratio,0.5-0.6,0.5,0.6,17,False,0.546846,0.823529,election_date>=2014-01-01
two_party_or_strongest,baseline_money_logratio,0.6-0.7,0.6,0.7,19,False,0.654908,0.842105,election_date>=2014-01-01
two_party_or_strongest,baseline_money_logratio,0.7-0.8,0.7,0.8,31,False,0.744984,0.903226,election_date>=2014-01-01
two_party_or_strongest,baseline_money_logratio,0.8-0.9,0.8,0.9,28,False,0.851813,0.892857,election_date>=2014-01-01
two_party_or_strongest,baseline_money_logratio,0.9-1.0,0.9,1.0,191,False,0.981099,0.994764,election_date>=2014-01-01
two_party_or_strongest,baseline_money_diff,0.0-0.1,0.0,0.1,48,False,0.045737,0.020833,election_date>=2014-01-01
two_party_or_strongest,baseline_money_diff,0.1-0.2,0.1,0.2,26,False,0.15124,0.038462,election_date>=2014-01-01
two_party_or_strongest,baseline_money_diff,0.2-0.3,0.2,0.3,13,False,0.246865,0.307692,election_date>=2014-01-01
two_party_or_strongest,baseline_money_diff,0.3-0.4,0.3,0.4,11,False,0.344852,0.545455,election_date>=2014-01-01
two_party_or_strongest,baseline_money_diff,0.4-0.5,0.4,0.5,11,False,0.455909,0.545455,election_date>=2014-01-01
two_party_or_strongest,baseline_money_diff,0.5-0.6,0.5,0.6,13,False,0.548529,0.692308,election_date>=2014-01-01
two_party_or_strongest,baseline_money_diff,0.6-0.7,0.6,0.7,19,False,0.641868,0.842105,election_date>=2014-01-01
two_party_or_strongest,baseline_money_diff,0.7-0.8,0.7,0.8,42,False,0.751244,0.928571,election_date>=2014-01-01
two_party_or_strongest,baseline_money_diff,0.8-0.9,0.8,0.9,36,False,0.855424,0.861111,election_date>=2014-01-01
two_party_or_strongest,baseline_money_diff,0.9-1.0,0.9,1.0,179,False,0.975929,1.0,election_date>=2014-01-01
two_party_or_strongest,baseline_money_both,0.0-0.1,0.0,0.1,52,False,0.037043,0.019231,election_date>=2014-01-01
two_party_or_strongest,baseline_money_both,0.1-0.2,0.1,0.2,25,False,0.147765,0.08,election_date>=2014-01-01
two_party_or_strongest,baseline_money_both,0.2-0.3,0.2,0.3,13,False,0.243202,0.307692,election_date>=2014-01-01
two_party_or_strongest,baseline_money_both,0.3-0.4,0.3,0.4,11,False,0.348898,0.545455,election_date>=2014-01-01
two_party_or_strongest,baseline_money_both,0.4-0.5,0.4,0.5,11,False,0.452716,0.636364,election_date>=2014-01-01
two_party_or_strongest,baseline_money_both,0.5-0.6,0.5,0.6,18,False,0.549938,0.777778,election_date>=2014-01-01
two_party_or_strongest,baseline_money_both,0.6-0.7,0.6,0.7,18,False,0.657313,0.833333,election_date>=2014-01-01
two_party_or_strongest,baseline_money_both,0.7-0.8,0.7,0.8,30,False,0.743829,0.9,election_date>=2014-01-01
two_party_or_strongest,baseline_money_both,0.8-0.9,0.8,0.9,30,False,0.850562,0.9,election_date>=2014-01-01
two_party_or_strongest,baseline_money_both,0.9-1.0,0.9,1.0,190,False,0.981068,0.994737,election_date>=2014-01-01
two_party_or_strongest,baseline_money_logratio_wide,0.0-0.1,0.0,0.1,50,False,0.039423,0.02,election_date>=2014-01-01
two_party_or_strongest,baseline_money_logratio_wide,0.1-0.2,0.1,0.2,21,False,0.147512,0.047619,election_date>=2014-01-01
two_party_or_strongest,baseline_money_logratio_wide,0.2-0.3,0.2,0.3,15,False,0.229525,0.2,election_date>=2014-01-01
two_party_or_strongest,baseline_money_logratio_wide,0.3-0.4,0.3,0.4,14,False,0.346009,0.5,election_date>=2014-01-01
two_party_or_strongest,baseline_money_logratio_wide,0.4-0.5,0.4,0.5,8,True,0.449641,0.625,election_date>=2014-01-01
two_party_or_strongest,baseline_money_logratio_wide,0.5-0.6,0.5,0.6,15,False,0.551767,0.733333,election_date>=2014-01-01
two_party_or_strongest,baseline_money_logratio_wide,0.6-0.7,0.6,0.7,18,False,0.63784,0.777778,election_date>=2014-01-01
two_party_or_strongest,baseline_money_logratio_wide,0.7-0.8,0.7,0.8,37,False,0.752997,0.918919,election_date>=2014-01-01
two_party_or_strongest,baseline_money_logratio_wide,0.8-0.9,0.8,0.9,34,False,0.859577,0.911765,election_date>=2014-01-01
two_party_or_strongest,baseline_money_logratio_wide,0.9-1.0,0.9,1.0,186,False,0.978196,0.994624,election_date>=2014-01-01
two_party_or_strongest,baseline_spend_share,0.0-0.1,0.0,0.1,55,False,0.036191,0.036364,election_date>=2014-01-01
two_party_or_strongest,baseline_spend_share,0.1-0.2,0.1,0.2,17,False,0.140713,0.058824,election_date>=2014-01-01
two_party_or_strongest,baseline_spend_share,0.2-0.3,0.2,0.3,15,False,0.265308,0.266667,election_date>=2014-01-01
two_party_or_strongest,baseline_spend_share,0.3-0.4,0.3,0.4,24,False,0.360016,0.541667,election_date>=2014-01-01
two_party_or_strongest,baseline_spend_share,0.4-0.5,0.4,0.5,8,True,0.435734,0.625,election_date>=2014-01-01
two_party_or_strongest,baseline_spend_share,0.5-0.6,0.5,0.6,18,False,0.542181,0.833333,election_date>=2014-01-01
two_party_or_strongest,baseline_spend_share,0.6-0.7,0.6,0.7,16,False,0.662375,0.75,election_date>=2014-01-01
two_party_or_strongest,baseline_spend_share,0.7-0.8,0.7,0.8,19,False,0.768487,1.0,election_date>=2014-01-01
two_party_or_strongest,baseline_spend_share,0.8-0.9,0.8,0.9,28,False,0.855147,0.964286,election_date>=2014-01-01
two_party_or_strongest,baseline_spend_share,0.9-1.0,0.9,1.0,198,False,0.981343,0.979798,election_date>=2014-01-01
two_party_or_strongest,baseline_spend_logratio,0.0-0.1,0.0,0.1,52,False,0.034536,0.019231,election_date>=2014-01-01
two_party_or_strongest,baseline_spend_logratio,0.1-0.2,0.1,0.2,22,False,0.153955,0.090909,election_date>=2014-01-01
two_party_or_strongest,baseline_spend_logratio,0.2-0.3,0.2,0.3,13,False,0.239356,0.230769,election_date>=2014-01-01
two_party_or_strongest,baseline_spend_logratio,0.3-0.4,0.3,0.4,13,False,0.342404,0.461538,election_date>=2014-01-01
two_party_or_strongest,baseline_spend_logratio,0.4-0.5,0.4,0.5,9,True,0.461931,0.555556,election_date>=2014-01-01
two_party_or_strongest,baseline_spend_logratio,0.5-0.6,0.5,0.6,17,False,0.538676,0.705882,election_date>=2014-01-01
two_party_or_strongest,baseline_spend_logratio,0.6-0.7,0.6,0.7,17,False,0.651537,0.882353,election_date>=2014-01-01
two_party_or_strongest,baseline_spend_logratio,0.7-0.8,0.7,0.8,33,False,0.746686,0.909091,election_date>=2014-01-01
two_party_or_strongest,baseline_spend_logratio,0.8-0.9,0.8,0.9,29,False,0.853746,0.931034,election_date>=2014-01-01
two_party_or_strongest,baseline_spend_logratio,0.9-1.0,0.9,1.0,193,False,0.979126,0.989637,election_date>=2014-01-01
two_party_or_strongest,baseline_spend_diff,0.0-0.1,0.0,0.1,48,False,0.047008,0.020833,election_date>=2014-01-01
two_party_or_strongest,baseline_spend_diff,0.1-0.2,0.1,0.2,20,False,0.150606,0.05,election_date>=2014-01-01
two_party_or_strongest,baseline_spend_diff,0.2-0.3,0.2,0.3,21,False,0.245315,0.238095,election_date>=2014-01-01
two_party_or_strongest,baseline_spend_diff,0.3-0.4,0.3,0.4,8,True,0.358344,0.625,election_date>=2014-01-01
two_party_or_strongest,baseline_spend_diff,0.4-0.5,0.4,0.5,10,False,0.468163,0.4,election_date>=2014-01-01
two_party_or_strongest,baseline_spend_diff,0.5-0.6,0.5,0.6,12,False,0.541219,0.75,election_date>=2014-01-01
two_party_or_strongest,baseline_spend_diff,0.6-0.7,0.6,0.7,25,False,0.65302,0.88,election_date>=2014-01-01
two_party_or_strongest,baseline_spend_diff,0.7-0.8,0.7,0.8,34,False,0.750676,0.882353,election_date>=2014-01-01
two_party_or_strongest,baseline_spend_diff,0.8-0.9,0.8,0.9,42,False,0.84894,0.904762,election_date>=2014-01-01
two_party_or_strongest,baseline_spend_diff,0.9-1.0,0.9,1.0,178,False,0.972525,0.994382,election_date>=2014-01-01
two_party_or_strongest,baseline_spend_both,0.0-0.1,0.0,0.1,52,False,0.033238,0.019231,election_date>=2014-01-01
two_party_or_strongest,baseline_spend_both,0.1-0.2,0.1,0.2,22,False,0.154869,0.090909,election_date>=2014-01-01
two_party_or_strongest,baseline_spend_both,0.2-0.3,0.2,0.3,16,False,0.240477,0.25,election_date>=2014-01-01
two_party_or_strongest,baseline_spend_both,0.3-0.4,0.3,0.4,10,False,0.355438,0.5,election_date>=2014-01-01
two_party_or_strongest,baseline_spend_both,0.4-0.5,0.4,0.5,9,True,0.451153,0.555556,election_date>=2014-01-01
two_party_or_strongest,baseline_spend_both,0.5-0.6,0.5,0.6,18,False,0.54259,0.722222,election_date>=2014-01-01
two_party_or_strongest,baseline_spend_both,0.6-0.7,0.6,0.7,16,False,0.655789,0.875,election_date>=2014-01-01
two_party_or_strongest,baseline_spend_both,0.7-0.8,0.7,0.8,34,False,0.751335,0.911765,election_date>=2014-01-01
two_party_or_strongest,baseline_spend_both,0.8-0.9,0.8,0.9,29,False,0.854341,0.931034,election_date>=2014-01-01
two_party_or_strongest,baseline_spend_both,0.9-1.0,0.9,1.0,192,False,0.979124,0.989583,election_date>=2014-01-01
two_party_or_strongest,baseline_spend_logratio_wide,0.0-0.1,0.0,0.1,54,False,0.036252,0.018519,election_date>=2014-01-01
two_party_or_strongest,baseline_spend_logratio_wide,0.1-0.2,0.1,0.2,16,False,0.154609,0.0625,election_date>=2014-01-01
two_party_or_strongest,baseline_spend_logratio_wide,0.2-0.3,0.2,0.3,20,False,0.246175,0.25,election_date>=2014-01-01
two_party_or_strongest,baseline_spend_logratio_wide,0.3-0.4,0.3,0.4,8,True,0.353797,0.625,election_date>=2014-01-01
two_party_or_strongest,baseline_spend_logratio_wide,0.4-0.5,0.4,0.5,10,False,0.45525,0.5,election_date>=2014-01-01
two_party_or_strongest,baseline_spend_logratio_wide,0.5-0.6,0.5,0.6,13,False,0.543404,0.692308,election_date>=2014-01-01
two_party_or_strongest,baseline_spend_logratio_wide,0.6-0.7,0.6,0.7,21,False,0.651827,0.809524,election_date>=2014-01-01
two_party_or_strongest,baseline_spend_logratio_wide,0.7-0.8,0.7,0.8,29,False,0.753961,0.896552,election_date>=2014-01-01
two_party_or_strongest,baseline_spend_logratio_wide,0.8-0.9,0.8,0.9,31,False,0.847226,0.935484,election_date>=2014-01-01
two_party_or_strongest,baseline_spend_logratio_wide,0.9-1.0,0.9,1.0,196,False,0.974698,0.989796,election_date>=2014-01-01
write_in_5pct,special_pooled_term,0.0-0.1,0.0,0.1,49,False,0.045122,0.020408,election_date>=2014-01-01
write_in_5pct,special_pooled_term,0.1-0.2,0.1,0.2,28,False,0.141388,0.071429,election_date>=2014-01-01
write_in_5pct,special_pooled_term,0.2-0.3,0.2,0.3,22,False,0.235312,0.272727,election_date>=2014-01-01
write_in_5pct,special_pooled_term,0.3-0.4,0.3,0.4,11,False,0.355943,0.454545,election_date>=2014-01-01
write_in_5pct,special_pooled_term,0.4-0.5,0.4,0.5,11,False,0.456091,0.454545,election_date>=2014-01-01
write_in_5pct,special_pooled_term,0.5-0.6,0.5,0.6,12,False,0.55926,0.75,election_date>=2014-01-01
write_in_5pct,special_pooled_term,0.6-0.7,0.6,0.7,29,False,0.655134,0.724138,election_date>=2014-01-01
write_in_5pct,special_pooled_term,0.7-0.8,0.7,0.8,37,False,0.749828,0.918919,election_date>=2014-01-01
write_in_5pct,special_pooled_term,0.8-0.9,0.8,0.9,50,False,0.850052,0.9,election_date>=2014-01-01
write_in_5pct,special_pooled_term,0.9-1.0,0.9,1.0,177,False,0.969944,1.0,election_date>=2014-01-01
write_in_5pct,special_pooled_plain,0.0-0.1,0.0,0.1,47,False,0.044513,0.021277,election_date>=2014-01-01
write_in_5pct,special_pooled_plain,0.1-0.2,0.1,0.2,31,False,0.139516,0.032258,election_date>=2014-01-01
write_in_5pct,special_pooled_plain,0.2-0.3,0.2,0.3,19,False,0.246605,0.263158,election_date>=2014-01-01
write_in_5pct,special_pooled_plain,0.3-0.4,0.3,0.4,14,False,0.353089,0.428571,election_date>=2014-01-01
write_in_5pct,special_pooled_plain,0.4-0.5,0.4,0.5,8,True,0.463641,0.5,election_date>=2014-01-01
write_in_5pct,special_pooled_plain,0.5-0.6,0.5,0.6,16,False,0.546812,0.6875,election_date>=2014-01-01
write_in_5pct,special_pooled_plain,0.6-0.7,0.6,0.7,32,False,0.66843,0.8125,election_date>=2014-01-01
write_in_5pct,special_pooled_plain,0.7-0.8,0.7,0.8,31,False,0.754464,0.935484,election_date>=2014-01-01
write_in_5pct,special_pooled_plain,0.8-0.9,0.8,0.9,55,False,0.85377,0.890909,election_date>=2014-01-01
write_in_5pct,special_pooled_plain,0.9-1.0,0.9,1.0,173,False,0.971418,1.0,election_date>=2014-01-01
write_in_5pct,special_split,0.0-0.1,0.0,0.1,54,False,0.041562,0.037037,election_date>=2014-01-01
write_in_5pct,special_split,0.1-0.2,0.1,0.2,28,False,0.145161,0.035714,election_date>=2014-01-01
write_in_5pct,special_split,0.2-0.3,0.2,0.3,17,False,0.244397,0.352941,election_date>=2014-01-01
write_in_5pct,special_split,0.3-0.4,0.3,0.4,9,True,0.352375,0.333333,election_date>=2014-01-01
write_in_5pct,special_split,0.4-0.5,0.4,0.5,9,True,0.437917,0.333333,election_date>=2014-01-01
write_in_5pct,special_split,0.5-0.6,0.5,0.6,12,False,0.555208,0.666667,election_date>=2014-01-01
write_in_5pct,special_split,0.6-0.7,0.6,0.7,25,False,0.656335,0.76,election_date>=2014-01-01
write_in_5pct,special_split,0.7-0.8,0.7,0.8,37,False,0.752953,0.918919,election_date>=2014-01-01
write_in_5pct,special_split,0.8-0.9,0.8,0.9,46,False,0.851516,0.891304,election_date>=2014-01-01
write_in_5pct,special_split,0.9-1.0,0.9,1.0,189,False,0.970652,0.994709,election_date>=2014-01-01
write_in_5pct,baseline_num_candidates,0.0-0.1,0.0,0.1,47,False,0.044931,0.021277,election_date>=2014-01-01
write_in_5pct,baseline_num_candidates,0.1-0.2,0.1,0.2,32,False,0.141043,0.0625,election_date>=2014-01-01
write_in_5pct,baseline_num_candidates,0.2-0.3,0.2,0.3,18,False,0.248403,0.277778,election_date>=2014-01-01
write_in_5pct,baseline_num_candidates,0.3-0.4,0.3,0.4,17,False,0.350507,0.411765,election_date>=2014-01-01
write_in_5pct,baseline_num_candidates,0.4-0.5,0.4,0.5,8,True,0.458531,0.5,election_date>=2014-01-01
write_in_5pct,baseline_num_candidates,0.5-0.6,0.5,0.6,13,False,0.556865,0.692308,election_date>=2014-01-01
write_in_5pct,baseline_num_candidates,0.6-0.7,0.6,0.7,21,False,0.643482,0.761905,election_date>=2014-01-01
write_in_5pct,baseline_num_candidates,0.7-0.8,0.7,0.8,40,False,0.746181,0.925,election_date>=2014-01-01
write_in_5pct,baseline_num_candidates,0.8-0.9,0.8,0.9,54,False,0.856488,0.907407,election_date>=2014-01-01
write_in_5pct,baseline_num_candidates,0.9-1.0,0.9,1.0,176,False,0.971796,0.994318,election_date>=2014-01-01
write_in_5pct,baseline_pres_incumbent,0.0-0.1,0.0,0.1,50,False,0.054058,0.02,election_date>=2014-01-01
write_in_5pct,baseline_pres_incumbent,0.1-0.2,0.1,0.2,32,False,0.142734,0.09375,election_date>=2014-01-01
write_in_5pct,baseline_pres_incumbent,0.2-0.3,0.2,0.3,12,False,0.247927,0.166667,election_date>=2014-01-01
write_in_5pct,baseline_pres_incumbent,0.3-0.4,0.3,0.4,17,False,0.343456,0.411765,election_date>=2014-01-01
write_in_5pct,baseline_pres_incumbent,0.4-0.5,0.4,0.5,10,False,0.460113,0.4,election_date>=2014-01-01
write_in_5pct,baseline_pres_incumbent,0.5-0.6,0.5,0.6,15,False,0.550158,0.733333,election_date>=2014-01-01
write_in_5pct,baseline_pres_incumbent,0.6-0.7,0.6,0.7,28,False,0.654281,0.857143,election_date>=2014-01-01
write_in_5pct,baseline_pres_incumbent,0.7-0.8,0.7,0.8,35,False,0.746368,0.885714,election_date>=2014-01-01
write_in_5pct,baseline_pres_incumbent,0.8-0.9,0.8,0.9,51,False,0.849833,0.901961,election_date>=2014-01-01
write_in_5pct,baseline_pres_incumbent,0.9-1.0,0.9,1.0,176,False,0.970575,1.0,election_date>=2014-01-01
write_in_5pct,baseline_year,0.0-0.1,0.0,0.1,52,False,0.062454,0.0,election_date>=2014-01-01
write_in_5pct,baseline_year,0.1-0.2,0.1,0.2,26,False,0.138476,0.115385,election_date>=2014-01-01
write_in_5pct,baseline_year,0.2-0.3,0.2,0.3,17,False,0.254059,0.176471,election_date>=2014-01-01
write_in_5pct,baseline_year,0.3-0.4,0.3,0.4,7,True,0.370839,0.285714,election_date>=2014-01-01
write_in_5pct,baseline_year,0.4-0.5,0.4,0.5,14,False,0.445848,0.357143,election_date>=2014-01-01
write_in_5pct,baseline_year,0.5-0.6,0.5,0.6,19,False,0.550757,0.631579,election_date>=2014-01-01
write_in_5pct,baseline_year,0.6-0.7,0.6,0.7,14,False,0.642768,0.857143,election_date>=2014-01-01
write_in_5pct,baseline_year,0.7-0.8,0.7,0.8,47,False,0.753311,0.93617,election_date>=2014-01-01
write_in_5pct,baseline_year,0.8-0.9,0.8,0.9,55,False,0.854473,0.909091,election_date>=2014-01-01
write_in_5pct,baseline_year,0.9-1.0,0.9,1.0,175,False,0.96892,0.994286,election_date>=2014-01-01
write_in_5pct,baseline_national_env,0.0-0.1,0.0,0.1,37,False,0.05422,0.0,election_date>=2014-01-01
write_in_5pct,baseline_national_env,0.1-0.2,0.1,0.2,37,False,0.146544,0.108108,election_date>=2014-01-01
write_in_5pct,baseline_national_env,0.2-0.3,0.2,0.3,15,False,0.240342,0.133333,election_date>=2014-01-01
write_in_5pct,baseline_national_env,0.3-0.4,0.3,0.4,15,False,0.34805,0.266667,election_date>=2014-01-01
write_in_5pct,baseline_national_env,0.4-0.5,0.4,0.5,12,False,0.451385,0.416667,election_date>=2014-01-01
write_in_5pct,baseline_national_env,0.5-0.6,0.5,0.6,12,False,0.565469,0.75,election_date>=2014-01-01
write_in_5pct,baseline_national_env,0.6-0.7,0.6,0.7,30,False,0.661813,0.766667,election_date>=2014-01-01
write_in_5pct,baseline_national_env,0.7-0.8,0.7,0.8,28,False,0.746027,0.857143,election_date>=2014-01-01
write_in_5pct,baseline_national_env,0.8-0.9,0.8,0.9,49,False,0.859916,0.918367,election_date>=2014-01-01
write_in_5pct,baseline_national_env,0.9-1.0,0.9,1.0,191,False,0.974996,0.989529,election_date>=2014-01-01
write_in_5pct,baseline_money_share,0.0-0.1,0.0,0.1,65,False,0.034404,0.030769,election_date>=2014-01-01
write_in_5pct,baseline_money_share,0.1-0.2,0.1,0.2,18,False,0.142486,0.111111,election_date>=2014-01-01
write_in_5pct,baseline_money_share,0.2-0.3,0.2,0.3,18,False,0.241076,0.388889,election_date>=2014-01-01
write_in_5pct,baseline_money_share,0.3-0.4,0.3,0.4,16,False,0.346727,0.4375,election_date>=2014-01-01
write_in_5pct,baseline_money_share,0.4-0.5,0.4,0.5,17,False,0.450125,0.705882,election_date>=2014-01-01
write_in_5pct,baseline_money_share,0.5-0.6,0.5,0.6,14,False,0.557839,0.857143,election_date>=2014-01-01
write_in_5pct,baseline_money_share,0.6-0.7,0.6,0.7,18,False,0.657653,0.888889,election_date>=2014-01-01
write_in_5pct,baseline_money_share,0.7-0.8,0.7,0.8,24,False,0.746354,0.791667,election_date>=2014-01-01
write_in_5pct,baseline_money_share,0.8-0.9,0.8,0.9,22,False,0.858193,0.954545,election_date>=2014-01-01
write_in_5pct,baseline_money_share,0.9-1.0,0.9,1.0,199,False,0.983951,0.98995,election_date>=2014-01-01
write_in_5pct,baseline_money_logratio,0.0-0.1,0.0,0.1,56,False,0.037078,0.017857,election_date>=2014-01-01
write_in_5pct,baseline_money_logratio,0.1-0.2,0.1,0.2,30,False,0.145458,0.066667,election_date>=2014-01-01
write_in_5pct,baseline_money_logratio,0.2-0.3,0.2,0.3,13,False,0.252865,0.230769,election_date>=2014-01-01
write_in_5pct,baseline_money_logratio,0.3-0.4,0.3,0.4,12,False,0.345135,0.5,election_date>=2014-01-01
write_in_5pct,baseline_money_logratio,0.4-0.5,0.4,0.5,9,True,0.446222,0.777778,election_date>=2014-01-01
write_in_5pct,baseline_money_logratio,0.5-0.6,0.5,0.6,19,False,0.553704,0.736842,election_date>=2014-01-01
write_in_5pct,baseline_money_logratio,0.6-0.7,0.6,0.7,21,False,0.655952,0.809524,election_date>=2014-01-01
write_in_5pct,baseline_money_logratio,0.7-0.8,0.7,0.8,31,False,0.744169,0.935484,election_date>=2014-01-01
write_in_5pct,baseline_money_logratio,0.8-0.9,0.8,0.9,31,False,0.853125,0.903226,election_date>=2014-01-01
write_in_5pct,baseline_money_logratio,0.9-1.0,0.9,1.0,189,False,0.980894,0.994709,election_date>=2014-01-01
write_in_5pct,baseline_money_diff,0.0-0.1,0.0,0.1,52,False,0.047212,0.019231,election_date>=2014-01-01
write_in_5pct,baseline_money_diff,0.1-0.2,0.1,0.2,29,False,0.150034,0.034483,election_date>=2014-01-01
write_in_5pct,baseline_money_diff,0.2-0.3,0.2,0.3,16,False,0.249,0.3125,election_date>=2014-01-01
write_in_5pct,baseline_money_diff,0.3-0.4,0.3,0.4,13,False,0.34975,0.461538,election_date>=2014-01-01
write_in_5pct,baseline_money_diff,0.4-0.5,0.4,0.5,8,True,0.443438,0.625,election_date>=2014-01-01
write_in_5pct,baseline_money_diff,0.5-0.6,0.5,0.6,17,False,0.554537,0.705882,election_date>=2014-01-01
write_in_5pct,baseline_money_diff,0.6-0.7,0.6,0.7,21,False,0.656042,0.809524,election_date>=2014-01-01
write_in_5pct,baseline_money_diff,0.7-0.8,0.7,0.8,40,False,0.753059,0.95,election_date>=2014-01-01
write_in_5pct,baseline_money_diff,0.8-0.9,0.8,0.9,39,False,0.855952,0.871795,election_date>=2014-01-01
write_in_5pct,baseline_money_diff,0.9-1.0,0.9,1.0,176,False,0.9747,1.0,election_date>=2014-01-01
write_in_5pct,baseline_money_both,0.0-0.1,0.0,0.1,54,False,0.034787,0.018519,election_date>=2014-01-01
write_in_5pct,baseline_money_both,0.1-0.2,0.1,0.2,31,False,0.14106,0.032258,election_date>=2014-01-01
write_in_5pct,baseline_money_both,0.2-0.3,0.2,0.3,15,False,0.2533,0.333333,election_date>=2014-01-01
write_in_5pct,baseline_money_both,0.3-0.4,0.3,0.4,12,False,0.354656,0.416667,election_date>=2014-01-01
write_in_5pct,baseline_money_both,0.4-0.5,0.4,0.5,7,True,0.442607,0.857143,election_date>=2014-01-01
write_in_5pct,baseline_money_both,0.5-0.6,0.5,0.6,20,False,0.54865,0.75,election_date>=2014-01-01
write_in_5pct,baseline_money_both,0.6-0.7,0.6,0.7,21,False,0.656071,0.809524,election_date>=2014-01-01
write_in_5pct,baseline_money_both,0.7-0.8,0.7,0.8,33,False,0.746409,0.939394,election_date>=2014-01-01
write_in_5pct,baseline_money_both,0.8-0.9,0.8,0.9,29,False,0.856776,0.896552,election_date>=2014-01-01
write_in_5pct,baseline_money_both,0.9-1.0,0.9,1.0,189,False,0.980544,0.994709,election_date>=2014-01-01
write_in_5pct,baseline_money_logratio_wide,0.0-0.1,0.0,0.1,56,False,0.040723,0.017857,election_date>=2014-01-01
write_in_5pct,baseline_money_logratio_wide,0.1-0.2,0.1,0.2,24,False,0.154047,0.041667,election_date>=2014-01-01
write_in_5pct,baseline_money_logratio_wide,0.2-0.3,0.2,0.3,16,False,0.234672,0.25,election_date>=2014-01-01
write_in_5pct,baseline_money_logratio_wide,0.3-0.4,0.3,0.4,17,False,0.357478,0.411765,election_date>=2014-01-01
write_in_5pct,baseline_money_logratio_wide,0.4-0.5,0.4,0.5,5,True,0.4631,0.8,election_date>=2014-01-01
write_in_5pct,baseline_money_logratio_wide,0.5-0.6,0.5,0.6,17,False,0.556544,0.647059,election_date>=2014-01-01
write_in_5pct,baseline_money_logratio_wide,0.6-0.7,0.6,0.7,19,False,0.648711,0.894737,election_date>=2014-01-01
write_in_5pct,baseline_money_logratio_wide,0.7-0.8,0.7,0.8,37,False,0.753047,0.918919,election_date>=2014-01-01
write_in_5pct,baseline_money_logratio_wide,0.8-0.9,0.8,0.9,34,False,0.857283,0.882353,election_date>=2014-01-01
write_in_5pct,baseline_money_logratio_wide,0.9-1.0,0.9,1.0,186,False,0.976737,1.0,election_date>=2014-01-01
write_in_5pct,baseline_spend_share,0.0-0.1,0.0,0.1,61,False,0.037883,0.04918,election_date>=2014-01-01
write_in_5pct,baseline_spend_share,0.1-0.2,0.1,0.2,17,False,0.142566,0.0,election_date>=2014-01-01
write_in_5pct,baseline_spend_share,0.2-0.3,0.2,0.3,18,False,0.254958,0.222222,election_date>=2014-01-01
write_in_5pct,baseline_spend_share,0.3-0.4,0.3,0.4,21,False,0.35222,0.47619,election_date>=2014-01-01
write_in_5pct,baseline_spend_share,0.4-0.5,0.4,0.5,12,False,0.438698,0.666667,election_date>=2014-01-01
write_in_5pct,baseline_spend_share,0.5-0.6,0.5,0.6,18,False,0.55166,0.833333,election_date>=2014-01-01
write_in_5pct,baseline_spend_share,0.6-0.7,0.6,0.7,17,False,0.656816,0.764706,election_date>=2014-01-01
write_in_5pct,baseline_spend_share,0.7-0.8,0.7,0.8,20,False,0.767169,1.0,election_date>=2014-01-01
write_in_5pct,baseline_spend_share,0.8-0.9,0.8,0.9,28,False,0.853812,0.928571,election_date>=2014-01-01
write_in_5pct,baseline_spend_share,0.9-1.0,0.9,1.0,199,False,0.979782,0.984925,election_date>=2014-01-01
write_in_5pct,baseline_spend_logratio,0.0-0.1,0.0,0.1,55,False,0.0352,0.018182,election_date>=2014-01-01
write_in_5pct,baseline_spend_logratio,0.1-0.2,0.1,0.2,27,False,0.153708,0.074074,election_date>=2014-01-01
write_in_5pct,baseline_spend_logratio,0.2-0.3,0.2,0.3,17,False,0.249801,0.235294,election_date>=2014-01-01
write_in_5pct,baseline_spend_logratio,0.3-0.4,0.3,0.4,9,True,0.348431,0.444444,election_date>=2014-01-01
write_in_5pct,baseline_spend_logratio,0.4-0.5,0.4,0.5,10,False,0.447938,0.6,election_date>=2014-01-01
write_in_5pct,baseline_spend_logratio,0.5-0.6,0.5,0.6,20,False,0.548819,0.75,election_date>=2014-01-01
write_in_5pct,baseline_spend_logratio,0.6-0.7,0.6,0.7,18,False,0.665243,0.833333,election_date>=2014-01-01
write_in_5pct,baseline_spend_logratio,0.7-0.8,0.7,0.8,34,False,0.74871,0.911765,election_date>=2014-01-01
write_in_5pct,baseline_spend_logratio,0.8-0.9,0.8,0.9,33,False,0.857583,0.939394,election_date>=2014-01-01
write_in_5pct,baseline_spend_logratio,0.9-1.0,0.9,1.0,188,False,0.977752,0.989362,election_date>=2014-01-01
write_in_5pct,baseline_spend_diff,0.0-0.1,0.0,0.1,51,False,0.047924,0.019608,election_date>=2014-01-01
write_in_5pct,baseline_spend_diff,0.1-0.2,0.1,0.2,26,False,0.151543,0.076923,election_date>=2014-01-01
write_in_5pct,baseline_spend_diff,0.2-0.3,0.2,0.3,19,False,0.240664,0.210526,election_date>=2014-01-01
write_in_5pct,baseline_spend_diff,0.3-0.4,0.3,0.4,12,False,0.349094,0.5,election_date>=2014-01-01
write_in_5pct,baseline_spend_diff,0.4-0.5,0.4,0.5,9,True,0.463542,0.555556,election_date>=2014-01-01
write_in_5pct,baseline_spend_diff,0.5-0.6,0.5,0.6,15,False,0.550608,0.733333,election_date>=2014-01-01
write_in_5pct,baseline_spend_diff,0.6-0.7,0.6,0.7,22,False,0.653506,0.727273,election_date>=2014-01-01
write_in_5pct,baseline_spend_diff,0.7-0.8,0.7,0.8,36,False,0.746115,0.944444,election_date>=2014-01-01
write_in_5pct,baseline_spend_diff,0.8-0.9,0.8,0.9,49,False,0.851941,0.897959,election_date>=2014-01-01
write_in_5pct,baseline_spend_diff,0.9-1.0,0.9,1.0,172,False,0.971612,1.0,election_date>=2014-01-01
write_in_5pct,baseline_spend_both,0.0-0.1,0.0,0.1,54,False,0.0344,0.018519,election_date>=2014-01-01
write_in_5pct,baseline_spend_both,0.1-0.2,0.1,0.2,26,False,0.150529,0.076923,election_date>=2014-01-01
write_in_5pct,baseline_spend_both,0.2-0.3,0.2,0.3,18,False,0.23341,0.166667,election_date>=2014-01-01
write_in_5pct,baseline_spend_both,0.3-0.4,0.3,0.4,11,False,0.351443,0.454545,election_date>=2014-01-01
write_in_5pct,baseline_spend_both,0.4-0.5,0.4,0.5,9,True,0.448528,0.555556,election_date>=2014-01-01
write_in_5pct,baseline_spend_both,0.5-0.6,0.5,0.6,20,False,0.551969,0.8,election_date>=2014-01-01
write_in_5pct,baseline_spend_both,0.6-0.7,0.6,0.7,18,False,0.66384,0.722222,election_date>=2014-01-01
write_in_5pct,baseline_spend_both,0.7-0.8,0.7,0.8,35,False,0.752111,0.971429,election_date>=2014-01-01
write_in_5pct,baseline_spend_both,0.8-0.9,0.8,0.9,31,False,0.854407,0.935484,election_date>=2014-01-01
write_in_5pct,baseline_spend_both,0.9-1.0,0.9,1.0,189,False,0.976758,0.989418,election_date>=2014-01-01
write_in_5pct,baseline_spend_logratio_wide,0.0-0.1,0.0,0.1,60,False,0.040344,0.016667,election_date>=2014-01-01
write_in_5pct,baseline_spend_logratio_wide,0.1-0.2,0.1,0.2,19,False,0.158572,0.052632,election_date>=2014-01-01
write_in_5pct,baseline_spend_logratio_wide,0.2-0.3,0.2,0.3,20,False,0.249913,0.3,election_date>=2014-01-01
write_in_5pct,baseline_spend_logratio_wide,0.3-0.4,0.3,0.4,11,False,0.362591,0.272727,election_date>=2014-01-01
write_in_5pct,baseline_spend_logratio_wide,0.4-0.5,0.4,0.5,8,True,0.458563,0.625,election_date>=2014-01-01
write_in_5pct,baseline_spend_logratio_wide,0.5-0.6,0.5,0.6,14,False,0.552098,0.714286,election_date>=2014-01-01
write_in_5pct,baseline_spend_logratio_wide,0.6-0.7,0.6,0.7,21,False,0.652631,0.857143,election_date>=2014-01-01
write_in_5pct,baseline_spend_logratio_wide,0.7-0.8,0.7,0.8,32,False,0.75252,0.90625,election_date>=2014-01-01
write_in_5pct,baseline_spend_logratio_wide,0.8-0.9,0.8,0.9,38,False,0.856352,0.947368,election_date>=2014-01-01
write_in_5pct,baseline_spend_logratio_wide,0.9-1.0,0.9,1.0,188,False,0.974751,0.989362,election_date>=2014-01-01
generals_only,baseline_timing,0.0-0.1,0.0,0.1,30,False,0.051508,0.0,election_date>=2014-01-01
generals_only,baseline_timing,0.1-0.2,0.1,0.2,34,False,0.144937,0.029412,election_date>=2014-01-01
generals_only,baseline_timing,0.2-0.3,0.2,0.3,16,False,0.235609,0.25,election_date>=2014-01-01
generals_only,baseline_timing,0.3-0.4,0.3,0.4,13,False,0.352096,0.384615,election_date>=2014-01-01
generals_only,baseline_timing,0.4-0.5,0.4,0.5,7,True,0.449929,0.428571,election_date>=2014-01-01
generals_only,baseline_timing,0.5-0.6,0.5,0.6,17,False,0.542441,0.588235,election_date>=2014-01-01
generals_only,baseline_timing,0.6-0.7,0.6,0.7,25,False,0.66035,0.8,election_date>=2014-01-01
generals_only,baseline_timing,0.7-0.8,0.7,0.8,23,False,0.749011,0.913043,election_date>=2014-01-01
generals_only,baseline_timing,0.8-0.9,0.8,0.9,45,False,0.854247,0.911111,election_date>=2014-01-01
generals_only,baseline_timing,0.9-1.0,0.9,1.0,179,False,0.973854,0.994413,election_date>=2014-01-01
generals_only,baseline_timing_money,0.0-0.1,0.0,0.1,42,False,0.045634,0.0,election_date>=2014-01-01
generals_only,baseline_timing_money,0.1-0.2,0.1,0.2,29,False,0.145922,0.103448,election_date>=2014-01-01
generals_only,baseline_timing_money,0.2-0.3,0.2,0.3,16,False,0.247039,0.25,election_date>=2014-01-01
generals_only,baseline_timing_money,0.3-0.4,0.3,0.4,8,True,0.355781,0.125,election_date>=2014-01-01
generals_only,baseline_timing_money,0.4-0.5,0.4,0.5,13,False,0.453173,0.538462,election_date>=2014-01-01
generals_only,baseline_timing_money,0.5-0.6,0.5,0.6,14,False,0.548446,0.857143,election_date>=2014-01-01
generals_only,baseline_timing_money,0.6-0.7,0.6,0.7,17,False,0.663824,0.941176,election_date>=2014-01-01
generals_only,baseline_timing_money,0.7-0.8,0.7,0.8,23,False,0.749826,0.869565,election_date>=2014-01-01
generals_only,baseline_timing_money,0.8-0.9,0.8,0.9,28,False,0.858862,0.892857,election_date>=2014-01-01
generals_only,baseline_timing_money,0.9-1.0,0.9,1.0,186,False,0.982158,0.994624,election_date>=2014-01-01
two_party_or_strongest,baseline_timing,0.0-0.1,0.0,0.1,31,False,0.05356,0.0,election_date>=2014-01-01
two_party_or_strongest,baseline_timing,0.1-0.2,0.1,0.2,35,False,0.149089,0.057143,election_date>=2014-01-01
two_party_or_strongest,baseline_timing,0.2-0.3,0.2,0.3,15,False,0.236708,0.2,election_date>=2014-01-01
two_party_or_strongest,baseline_timing,0.3-0.4,0.3,0.4,14,False,0.354027,0.428571,election_date>=2014-01-01
two_party_or_strongest,baseline_timing,0.4-0.5,0.4,0.5,9,True,0.450806,0.555556,election_date>=2014-01-01
two_party_or_strongest,baseline_timing,0.5-0.6,0.5,0.6,16,False,0.538406,0.5,election_date>=2014-01-01
two_party_or_strongest,baseline_timing,0.6-0.7,0.6,0.7,29,False,0.653866,0.724138,election_date>=2014-01-01
two_party_or_strongest,baseline_timing,0.7-0.8,0.7,0.8,31,False,0.748306,0.935484,election_date>=2014-01-01
two_party_or_strongest,baseline_timing,0.8-0.9,0.8,0.9,48,False,0.855695,0.916667,election_date>=2014-01-01
two_party_or_strongest,baseline_timing,0.9-1.0,0.9,1.0,185,False,0.973478,0.994595,election_date>=2014-01-01
two_party_or_strongest,baseline_timing_money,0.0-0.1,0.0,0.1,39,False,0.042324,0.0,election_date>=2014-01-01
two_party_or_strongest,baseline_timing_money,0.1-0.2,0.1,0.2,30,False,0.137946,0.066667,election_date>=2014-01-01
two_party_or_strongest,baseline_timing_money,0.2-0.3,0.2,0.3,18,False,0.245514,0.222222,election_date>=2014-01-01
two_party_or_strongest,baseline_timing_money,0.3-0.4,0.3,0.4,11,False,0.356557,0.363636,election_date>=2014-01-01
two_party_or_strongest,baseline_timing_money,0.4-0.5,0.4,0.5,13,False,0.463933,0.461538,election_date>=2014-01-01
two_party_or_strongest,baseline_timing_money,0.5-0.6,0.5,0.6,14,False,0.548884,0.857143,election_date>=2014-01-01
two_party_or_strongest,baseline_timing_money,0.6-0.7,0.6,0.7,21,False,0.658512,0.952381,election_date>=2014-01-01
two_party_or_strongest,baseline_timing_money,0.7-0.8,0.7,0.8,26,False,0.752442,0.846154,election_date>=2014-01-01
two_party_or_strongest,baseline_timing_money,0.8-0.9,0.8,0.9,31,False,0.859609,0.903226,election_date>=2014-01-01
two_party_or_strongest,baseline_timing_money,0.9-1.0,0.9,1.0,195,False,0.982072,0.994872,election_date>=2014-01-01
generals_only,baseline_national_env,0.0-0.1,0.0,0.1,16,False,0.060891,0.0,election_date>=2014-01-01
generals_only,baseline_national_env,0.1-0.2,0.1,0.2,20,False,0.150675,0.1,election_date>=2014-01-01
generals_only,baseline_national_env,0.2-0.3,0.2,0.3,11,False,0.242614,0.181818,election_date>=2014-01-01
generals_only,baseline_national_env,0.3-0.4,0.3,0.4,7,True,0.372964,0.142857,election_date>=2014-01-01
generals_only,baseline_national_env,0.4-0.5,0.4,0.5,3,True,0.442875,0.666667,election_date>=2014-01-01
generals_only,baseline_national_env,0.5-0.6,0.5,0.6,7,True,0.547714,0.571429,election_date>=2014-01-01
generals_only,baseline_national_env,0.6-0.7,0.6,0.7,17,False,0.652919,0.705882,election_date>=2014-01-01
generals_only,baseline_national_env,0.7-0.8,0.7,0.8,8,True,0.744531,0.875,election_date>=2014-01-01
generals_only,baseline_national_env,0.8-0.9,0.8,0.9,23,False,0.854538,0.869565,election_date>=2014-01-01
generals_only,baseline_national_env,0.9-1.0,0.9,1.0,128,False,0.974822,0.992188,election_date>=2014-01-01
two_party_or_strongest,baseline_national_env,0.0-0.1,0.0,0.1,17,False,0.064088,0.0,election_date>=2014-01-01
two_party_or_strongest,baseline_national_env,0.1-0.2,0.1,0.2,19,False,0.153645,0.105263,election_date>=2014-01-01
two_party_or_strongest,baseline_national_env,0.2-0.3,0.2,0.3,10,False,0.238925,0.2,election_date>=2014-01-01
two_party_or_strongest,baseline_national_env,0.3-0.4,0.3,0.4,8,True,0.361188,0.125,election_date>=2014-01-01
two_party_or_strongest,baseline_national_env,0.4-0.5,0.4,0.5,4,True,0.440625,0.5,election_date>=2014-01-01
two_party_or_strongest,baseline_national_env,0.5-0.6,0.5,0.6,7,True,0.544643,0.571429,election_date>=2014-01-01
two_party_or_strongest,baseline_national_env,0.6-0.7,0.6,0.7,16,False,0.649172,0.6875,election_date>=2014-01-01
two_party_or_strongest,baseline_national_env,0.7-0.8,0.7,0.8,11,False,0.746852,0.909091,election_date>=2014-01-01
two_party_or_strongest,baseline_national_env,0.8-0.9,0.8,0.9,23,False,0.856592,0.869565,election_date>=2014-01-01
two_party_or_strongest,baseline_national_env,0.9-1.0,0.9,1.0,138,False,0.973336,0.985507,election_date>=2014-01-01
generals_only,baseline_year,0.0-0.1,0.0,0.1,45,False,0.060456,0.0,election_date>=2014-01-01
generals_only,baseline_year,0.1-0.2,0.1,0.2,23,False,0.141277,0.130435,election_date>=2014-01-01
generals_only,baseline_year,0.2-0.3,0.2,0.3,12,False,0.239542,0.083333,election_date>=2014-01-01
generals_only,baseline_year,0.3-0.4,0.3,0.4,13,False,0.352173,0.230769,election_date>=2014-01-01
generals_only,baseline_year,0.4-0.5,0.4,0.5,13,False,0.447413,0.461538,election_date>=2014-01-01
generals_only,baseline_year,0.5-0.6,0.5,0.6,16,False,0.553031,0.75,election_date>=2014-01-01
generals_only,baseline_year,0.6-0.7,0.6,0.7,11,False,0.650511,0.909091,election_date>=2014-01-01
generals_only,baseline_year,0.7-0.8,0.7,0.8,41,False,0.747433,0.95122,election_date>=2014-01-01
generals_only,baseline_year,0.8-0.9,0.8,0.9,52,False,0.858601,0.884615,election_date>=2014-01-01
generals_only,baseline_year,0.9-1.0,0.9,1.0,163,False,0.971568,1.0,election_date>=2014-01-01
two_party_or_strongest,baseline_timing_money_wide,0.0-0.1,0.0,0.1,35,False,0.038214,0.0,election_date>=2014-01-01
two_party_or_strongest,baseline_timing_money_wide,0.1-0.2,0.1,0.2,32,False,0.147988,0.03125,election_date>=2014-01-01
two_party_or_strongest,baseline_timing_money_wide,0.2-0.3,0.2,0.3,17,False,0.240257,0.294118,election_date>=2014-01-01
two_party_or_strongest,baseline_timing_money_wide,0.3-0.4,0.3,0.4,9,True,0.332708,0.222222,election_date>=2014-01-01
two_party_or_strongest,baseline_timing_money_wide,0.4-0.5,0.4,0.5,13,False,0.449923,0.461538,election_date>=2014-01-01
two_party_or_strongest,baseline_timing_money_wide,0.5-0.6,0.5,0.6,16,False,0.556156,0.6875,election_date>=2014-01-01
two_party_or_strongest,baseline_timing_money_wide,0.6-0.7,0.6,0.7,17,False,0.659228,0.941176,election_date>=2014-01-01
two_party_or_strongest,baseline_timing_money_wide,0.7-0.8,0.7,0.8,31,False,0.754544,0.870968,election_date>=2014-01-01
two_party_or_strongest,baseline_timing_money_wide,0.8-0.9,0.8,0.9,35,False,0.857246,0.914286,election_date>=2014-01-01
two_party_or_strongest,baseline_timing_money_wide,0.9-1.0,0.9,1.0,193,False,0.978277,0.994819,election_date>=2014-01-01
two_party_or_strongest,baseline_money_logratio_no_timing,0.0-0.1,0.0,0.1,44,False,0.048449,0.0,election_date>=2014-01-01
two_party_or_strongest,baseline_money_logratio_no_timing,0.1-0.2,0.1,0.2,26,False,0.143688,0.076923,election_date>=2014-01-01
two_party_or_strongest,baseline_money_logratio_no_timing,0.2-0.3,0.2,0.3,19,False,0.254592,0.210526,election_date>=2014-01-01
two_party_or_strongest,baseline_money_logratio_no_timing,0.3-0.4,0.3,0.4,12,False,0.352469,0.25,election_date>=2014-01-01
two_party_or_strongest,baseline_money_logratio_no_timing,0.4-0.5,0.4,0.5,10,False,0.447475,0.8,election_date>=2014-01-01
two_party_or_strongest,baseline_money_logratio_no_timing,0.5-0.6,0.5,0.6,19,False,0.549158,0.789474,election_date>=2014-01-01
two_party_or_strongest,baseline_money_logratio_no_timing,0.6-0.7,0.6,0.7,19,False,0.657382,0.894737,election_date>=2014-01-01
two_party_or_strongest,baseline_money_logratio_no_timing,0.7-0.8,0.7,0.8,30,False,0.754167,0.9,election_date>=2014-01-01
two_party_or_strongest,baseline_money_logratio_no_timing,0.8-0.9,0.8,0.9,38,False,0.852151,0.921053,election_date>=2014-01-01
two_party_or_strongest,baseline_money_logratio_no_timing,0.9-1.0,0.9,1.0,181,False,0.979878,1.0,election_date>=2014-01-01
two_party_or_strongest,baseline_money_logratio_no_timing_wide,0.0-0.1,0.0,0.1,42,False,0.055125,0.0,election_date>=2014-01-01
two_party_or_strongest,baseline_money_logratio_no_timing_wide,0.1-0.2,0.1,0.2,28,False,0.145522,0.071429,election_date>=2014-01-01
two_party_or_strongest,baseline_money_logratio_no_timing_wide,0.2-0.3,0.2,0.3,13,False,0.244971,0.076923,election_date>=2014-01-01
two_party_or_strongest,baseline_money_logratio_no_timing_wide,0.3-0.4,0.3,0.4,10,False,0.331712,0.3,election_date>=2014-01-01
two_party_or_strongest,baseline_money_logratio_no_timing_wide,0.4-0.5,0.4,0.5,17,False,0.446463,0.647059,election_date>=2014-01-01
two_party_or_strongest,baseline_money_logratio_no_timing_wide,0.5-0.6,0.5,0.6,16,False,0.550344,0.75,election_date>=2014-01-01
two_party_or_strongest,baseline_money_logratio_no_timing_wide,0.6-0.7,0.6,0.7,20,False,0.653869,0.85,election_date>=2014-01-01
two_party_or_strongest,baseline_money_logratio_no_timing_wide,0.7-0.8,0.7,0.8,30,False,0.753996,0.866667,election_date>=2014-01-01
two_party_or_strongest,baseline_money_logratio_no_timing_wide,0.8-0.9,0.8,0.9,43,False,0.854465,0.953488,election_date>=2014-01-01
two_party_or_strongest,baseline_money_logratio_no_timing_wide,0.9-1.0,0.9,1.0,179,False,0.976069,1.0,election_date>=2014-01-01
generals_only,baseline_timing_money_wide,0.0-0.1,0.0,0.1,35,False,0.038846,0.0,election_date>=2014-01-01
generals_only,baseline_timing_money_wide,0.1-0.2,0.1,0.2,33,False,0.150856,0.060606,election_date>=2014-01-01
generals_only,baseline_timing_money_wide,0.2-0.3,0.2,0.3,16,False,0.24357,0.25,election_date>=2014-01-01
generals_only,baseline_timing_money_wide,0.3-0.4,0.3,0.4,8,True,0.334844,0.25,election_date>=2014-01-01
generals_only,baseline_timing_money_wide,0.4-0.5,0.4,0.5,11,False,0.453148,0.454545,election_date>=2014-01-01
generals_only,baseline_timing_money_wide,0.5-0.6,0.5,0.6,14,False,0.553723,0.642857,election_date>=2014-01-01
generals_only,baseline_timing_money_wide,0.6-0.7,0.6,0.7,15,False,0.655283,0.933333,election_date>=2014-01-01
generals_only,baseline_timing_money_wide,0.7-0.8,0.7,0.8,27,False,0.754861,0.888889,election_date>=2014-01-01
generals_only,baseline_timing_money_wide,0.8-0.9,0.8,0.9,33,False,0.856792,0.909091,election_date>=2014-01-01
generals_only,baseline_timing_money_wide,0.9-1.0,0.9,1.0,184,False,0.978936,0.994565,election_date>=2014-01-01
generals_only,baseline_money_logratio_no_timing,0.0-0.1,0.0,0.1,44,False,0.048088,0.0,election_date>=2014-01-01
generals_only,baseline_money_logratio_no_timing,0.1-0.2,0.1,0.2,25,False,0.140875,0.08,election_date>=2014-01-01
generals_only,baseline_money_logratio_no_timing,0.2-0.3,0.2,0.3,19,False,0.250678,0.210526,election_date>=2014-01-01
generals_only,baseline_money_logratio_no_timing,0.3-0.4,0.3,0.4,11,False,0.34608,0.181818,election_date>=2014-01-01
generals_only,baseline_money_logratio_no_timing,0.4-0.5,0.4,0.5,10,False,0.454088,0.9,election_date>=2014-01-01
generals_only,baseline_money_logratio_no_timing,0.5-0.6,0.5,0.6,12,False,0.549073,0.75,election_date>=2014-01-01
generals_only,baseline_money_logratio_no_timing,0.6-0.7,0.6,0.7,21,False,0.656964,0.904762,election_date>=2014-01-01
generals_only,baseline_money_logratio_no_timing,0.7-0.8,0.7,0.8,25,False,0.75694,0.88,election_date>=2014-01-01
generals_only,baseline_money_logratio_no_timing,0.8-0.9,0.8,0.9,36,False,0.851358,0.916667,election_date>=2014-01-01
generals_only,baseline_money_logratio_no_timing,0.9-1.0,0.9,1.0,173,False,0.980379,1.0,election_date>=2014-01-01
generals_only,baseline_money_logratio_no_timing_wide,0.0-0.1,0.0,0.1,41,False,0.054162,0.0,election_date>=2014-01-01
generals_only,baseline_money_logratio_no_timing_wide,0.1-0.2,0.1,0.2,29,False,0.144634,0.068966,election_date>=2014-01-01
generals_only,baseline_money_logratio_no_timing_wide,0.2-0.3,0.2,0.3,12,False,0.243865,0.083333,election_date>=2014-01-01
generals_only,baseline_money_logratio_no_timing_wide,0.3-0.4,0.3,0.4,10,False,0.329113,0.3,election_date>=2014-01-01
generals_only,baseline_money_logratio_no_timing_wide,0.4-0.5,0.4,0.5,15,False,0.445375,0.666667,election_date>=2014-01-01
generals_only,baseline_money_logratio_no_timing_wide,0.5-0.6,0.5,0.6,12,False,0.54925,0.75,election_date>=2014-01-01
generals_only,baseline_money_logratio_no_timing_wide,0.6-0.7,0.6,0.7,18,False,0.652812,0.833333,election_date>=2014-01-01
generals_only,baseline_money_logratio_no_timing_wide,0.7-0.8,0.7,0.8,25,False,0.751855,0.88,election_date>=2014-01-01
generals_only,baseline_money_logratio_no_timing_wide,0.8-0.9,0.8,0.9,43,False,0.852503,0.930233,election_date>=2014-01-01
generals_only,baseline_money_logratio_no_timing_wide,0.9-1.0,0.9,1.0,171,False,0.976494,1.0,election_date>=2014-01-01
two_party_or_strongest,forecast_14d,0.0-0.1,0.0,0.1,44,False,0.048449,0.0,election_date>=2014-01-01
two_party_or_strongest,forecast_14d,0.1-0.2,0.1,0.2,27,False,0.145644,0.074074,election_date>=2014-01-01
two_party_or_strongest,forecast_14d,0.2-0.3,0.2,0.3,20,False,0.25325,0.2,election_date>=2014-01-01
two_party_or_strongest,forecast_14d,0.3-0.4,0.3,0.4,14,False,0.353107,0.214286,election_date>=2014-01-01
two_party_or_strongest,forecast_14d,0.4-0.5,0.4,0.5,10,False,0.447475,0.8,election_date>=2014-01-01
two_party_or_strongest,forecast_14d,0.5-0.6,0.5,0.6,20,False,0.550206,0.75,election_date>=2014-01-01
two_party_or_strongest,forecast_14d,0.6-0.7,0.6,0.7,19,False,0.657382,0.894737,election_date>=2014-01-01
two_party_or_strongest,forecast_14d,0.7-0.8,0.7,0.8,32,False,0.755871,0.90625,election_date>=2014-01-01
two_party_or_strongest,forecast_14d,0.8-0.9,0.8,0.9,38,False,0.852151,0.921053,election_date>=2014-01-01
two_party_or_strongest,forecast_14d,0.9-1.0,0.9,1.0,189,False,0.98023,1.0,election_date>=2014-01-01
two_party_or_strongest,forecast_60d,0.0-0.1,0.0,0.1,42,False,0.055125,0.0,election_date>=2014-01-01
two_party_or_strongest,forecast_60d,0.1-0.2,0.1,0.2,29,False,0.14728,0.068966,election_date>=2014-01-01
two_party_or_strongest,forecast_60d,0.2-0.3,0.2,0.3,14,False,0.243741,0.071429,election_date>=2014-01-01
two_party_or_strongest,forecast_60d,0.3-0.4,0.3,0.4,12,False,0.335917,0.25,election_date>=2014-01-01
two_party_or_strongest,forecast_60d,0.4-0.5,0.4,0.5,17,False,0.446463,0.647059,election_date>=2014-01-01
two_party_or_strongest,forecast_60d,0.5-0.6,0.5,0.6,17,False,0.551507,0.705882,election_date>=2014-01-01
two_party_or_strongest,forecast_60d,0.6-0.7,0.6,0.7,20,False,0.653869,0.85,election_date>=2014-01-01
two_party_or_strongest,forecast_60d,0.7-0.8,0.7,0.8,32,False,0.755711,0.875,election_date>=2014-01-01
two_party_or_strongest,forecast_60d,0.8-0.9,0.8,0.9,43,False,0.854465,0.953488,election_date>=2014-01-01
two_party_or_strongest,forecast_60d,0.9-1.0,0.9,1.0,187,False,0.976588,1.0,election_date>=2014-01-01
generals_only,forecast_14d,0.0-0.1,0.0,0.1,44,False,0.048088,0.0,election_date>=2014-01-01
generals_only,forecast_14d,0.1-0.2,0.1,0.2,25,False,0.140875,0.08,election_date>=2014-01-01
generals_only,forecast_14d,0.2-0.3,0.2,0.3,20,False,0.24935,0.2,election_date>=2014-01-01
generals_only,forecast_14d,0.3-0.4,0.3,0.4,13,False,0.349212,0.153846,election_date>=2014-01-01
generals_only,forecast_14d,0.4-0.5,0.4,0.5,10,False,0.454088,0.9,election_date>=2014-01-01
generals_only,forecast_14d,0.5-0.6,0.5,0.6,12,False,0.549073,0.75,election_date>=2014-01-01
generals_only,forecast_14d,0.6-0.7,0.6,0.7,21,False,0.656964,0.904762,election_date>=2014-01-01
generals_only,forecast_14d,0.7-0.8,0.7,0.8,27,False,0.759458,0.888889,election_date>=2014-01-01
generals_only,forecast_14d,0.8-0.9,0.8,0.9,36,False,0.851358,0.916667,election_date>=2014-01-01
generals_only,forecast_14d,0.9-1.0,0.9,1.0,181,False,0.980675,1.0,election_date>=2014-01-01
generals_only,forecast_60d,0.0-0.1,0.0,0.1,41,False,0.054162,0.0,election_date>=2014-01-01
generals_only,forecast_60d,0.1-0.2,0.1,0.2,29,False,0.144634,0.068966,election_date>=2014-01-01
generals_only,forecast_60d,0.2-0.3,0.2,0.3,13,False,0.242346,0.076923,election_date>=2014-01-01
generals_only,forecast_60d,0.3-0.4,0.3,0.4,12,False,0.335333,0.25,election_date>=2014-01-01
generals_only,forecast_60d,0.4-0.5,0.4,0.5,15,False,0.445375,0.666667,election_date>=2014-01-01
generals_only,forecast_60d,0.5-0.6,0.5,0.6,12,False,0.54925,0.75,election_date>=2014-01-01
generals_only,forecast_60d,0.6-0.7,0.6,0.7,18,False,0.652812,0.833333,election_date>=2014-01-01
generals_only,forecast_60d,0.7-0.8,0.7,0.8,27,False,0.75475,0.888889,election_date>=2014-01-01
generals_only,forecast_60d,0.8-0.9,0.8,0.9,43,False,0.852503,0.930233,election_date>=2014-01-01
generals_only,forecast_60d,0.9-1.0,0.9,1.0,179,False,0.976967,1.0,election_date>=2014-01-01
current,baseline,0.0-0.1,0.0,0.1,47,False,0.044386,0.021277,election_date>=2014-01-01
current,baseline,0.1-0.2,0.1,0.2,30,False,0.136367,0.033333,election_date>=2014-01-01
current,baseline,0.2-0.3,0.2,0.3,20,False,0.245162,0.25,election_date>=2014-01-01
current,baseline,0.3-0.4,0.3,0.4,15,False,0.353442,0.466667,election_date>=2014-01-01
current,baseline,0.4-0.5,0.4,0.5,6,True,0.460812,0.333333,election_date>=2014-01-01
current,baseline,0.5-0.6,0.5,0.6,17,False,0.544169,0.705882,election_date>=2014-01-01
current,baseline,0.6-0.7,0.6,0.7,28,False,0.665085,0.857143,election_date>=2014-01-01
current,baseline,0.7-0.8,0.7,0.8,34,False,0.750882,0.911765,election_date>=2014-01-01
current,baseline,0.8-0.9,0.8,0.9,51,False,0.850152,0.901961,election_date>=2014-01-01
current,baseline,0.9-1.0,0.9,1.0,176,False,0.97006,0.994318,election_date>=2014-01-01
current,baseline_tenure_cap4,0.0-0.1,0.0,0.1,54,False,0.04153,0.037037,election_date>=2014-01-01
current,baseline_tenure_cap4,0.1-0.2,0.1,0.2,28,False,0.144143,0.071429,election_date>=2014-01-01
current,baseline_tenure_cap4,0.2-0.3,0.2,0.3,19,False,0.252164,0.315789,election_date>=2014-01-01
current,baseline_tenure_cap4,0.3-0.4,0.3,0.4,8,True,0.336078,0.25,election_date>=2014-01-01
current,baseline_tenure_cap4,0.4-0.5,0.4,0.5,10,False,0.450025,0.4,election_date>=2014-01-01
current,baseline_tenure_cap4,0.5-0.6,0.5,0.6,16,False,0.540789,0.75,election_date>=2014-01-01
current,baseline_tenure_cap4,0.6-0.7,0.6,0.7,29,False,0.663858,0.827586,election_date>=2014-01-01
current,baseline_tenure_cap4,0.7-0.8,0.7,0.8,41,False,0.749232,0.95122,election_date>=2014-01-01
current,baseline_tenure_cap4,0.8-0.9,0.8,0.9,47,False,0.85675,0.87234,election_date>=2014-01-01
current,baseline_tenure_cap4,0.9-1.0,0.9,1.0,172,False,0.971711,1.0,election_date>=2014-01-01
current,baseline_tenure_cap2,0.0-0.1,0.0,0.1,49,False,0.045962,0.020408,election_date>=2014-01-01
current,baseline_tenure_cap2,0.1-0.2,0.1,0.2,27,False,0.143593,0.037037,election_date>=2014-01-01
current,baseline_tenure_cap2,0.2-0.3,0.2,0.3,22,False,0.243068,0.318182,election_date>=2014-01-01
current,baseline_tenure_cap2,0.3-0.4,0.3,0.4,14,False,0.355634,0.357143,election_date>=2014-01-01
current,baseline_tenure_cap2,0.4-0.5,0.4,0.5,6,True,0.458458,0.333333,election_date>=2014-01-01
current,baseline_tenure_cap2,0.5-0.6,0.5,0.6,18,False,0.539069,0.722222,election_date>=2014-01-01
current,baseline_tenure_cap2,0.6-0.7,0.6,0.7,28,False,0.666987,0.821429,election_date>=2014-01-01
current,baseline_tenure_cap2,0.7-0.8,0.7,0.8,34,False,0.751004,0.941176,election_date>=2014-01-01
current,baseline_tenure_cap2,0.8-0.9,0.8,0.9,54,False,0.85219,0.888889,election_date>=2014-01-01
current,baseline_tenure_cap2,0.9-1.0,0.9,1.0,172,False,0.971573,1.0,election_date>=2014-01-01
current,baseline_tenure_cap6,0.0-0.1,0.0,0.1,61,False,0.043725,0.032787,election_date>=2014-01-01
current,baseline_tenure_cap6,0.1-0.2,0.1,0.2,22,False,0.150835,0.045455,election_date>=2014-01-01
current,baseline_tenure_cap6,0.2-0.3,0.2,0.3,19,False,0.252895,0.368421,election_date>=2014-01-01
current,baseline_tenure_cap6,0.3-0.4,0.3,0.4,9,True,0.341361,0.333333,election_date>=2014-01-01
current,baseline_tenure_cap6,0.4-0.5,0.4,0.5,5,True,0.440425,0.2,election_date>=2014-01-01
current,baseline_tenure_cap6,0.5-0.6,0.5,0.6,19,False,0.538638,0.736842,election_date>=2014-01-01
current,baseline_tenure_cap6,0.6-0.7,0.6,0.7,27,False,0.668324,0.814815,election_date>=2014-01-01
current,baseline_tenure_cap6,0.7-0.8,0.7,0.8,42,False,0.749554,0.952381,election_date>=2014-01-01
current,baseline_tenure_cap6,0.8-0.9,0.8,0.9,48,False,0.854294,0.916667,election_date>=2014-01-01
current,baseline_tenure_cap6,0.9-1.0,0.9,1.0,172,False,0.972174,0.988372,election_date>=2014-01-01
two_party,baseline,0.0-0.1,0.0,0.1,50,False,0.035615,0.04,election_date>=2014-01-01
two_party,baseline,0.1-0.2,0.1,0.2,28,False,0.138804,0.107143,election_date>=2014-01-01
two_party,baseline,0.2-0.3,0.2,0.3,16,False,0.233891,0.375,election_date>=2014-01-01
two_party,baseline,0.3-0.4,0.3,0.4,6,True,0.34975,0.666667,election_date>=2014-01-01
two_party,baseline,0.4-0.5,0.4,0.5,14,False,0.44083,0.5,election_date>=2014-01-01
two_party,baseline,0.5-0.6,0.5,0.6,11,False,0.544784,0.636364,election_date>=2014-01-01
two_party,baseline,0.6-0.7,0.6,0.7,31,False,0.646492,0.903226,election_date>=2014-01-01
two_party,baseline,0.7-0.8,0.7,0.8,26,False,0.750231,0.846154,election_date>=2014-01-01
two_party,baseline,0.8-0.9,0.8,0.9,39,False,0.853202,0.897436,election_date>=2014-01-01
two_party,baseline,0.9-1.0,0.9,1.0,125,False,0.972368,0.984,election_date>=2014-01-01
two_party,baseline_tenure_cap4,0.0-0.1,0.0,0.1,57,False,0.035827,0.035088,election_date>=2014-01-01
two_party,baseline_tenure_cap4,0.1-0.2,0.1,0.2,27,False,0.153907,0.185185,election_date>=2014-01-01
two_party,baseline_tenure_cap4,0.2-0.3,0.2,0.3,12,False,0.240635,0.416667,election_date>=2014-01-01
two_party,baseline_tenure_cap4,0.3-0.4,0.3,0.4,5,True,0.363575,0.4,election_date>=2014-01-01
two_party,baseline_tenure_cap4,0.4-0.5,0.4,0.5,13,False,0.440288,0.615385,election_date>=2014-01-01
two_party,baseline_tenure_cap4,0.5-0.6,0.5,0.6,13,False,0.537933,0.692308,election_date>=2014-01-01
two_party,baseline_tenure_cap4,0.6-0.7,0.6,0.7,30,False,0.647829,0.866667,election_date>=2014-01-01
two_party,baseline_tenure_cap4,0.7-0.8,0.7,0.8,32,False,0.748277,0.90625,election_date>=2014-01-01
two_party,baseline_tenure_cap4,0.8-0.9,0.8,0.9,33,False,0.855598,0.909091,election_date>=2014-01-01
two_party,baseline_tenure_cap4,0.9-1.0,0.9,1.0,124,False,0.971757,0.975806,election_date>=2014-01-01
two_party,baseline_tenure_cap2,0.0-0.1,0.0,0.1,49,False,0.033179,0.040816,election_date>=2014-01-01
two_party,baseline_tenure_cap2,0.1-0.2,0.1,0.2,29,False,0.144103,0.103448,election_date>=2014-01-01
two_party,baseline_tenure_cap2,0.2-0.3,0.2,0.3,17,False,0.234544,0.411765,election_date>=2014-01-01
two_party,baseline_tenure_cap2,0.3-0.4,0.3,0.4,6,True,0.356729,0.5,election_date>=2014-01-01
two_party,baseline_tenure_cap2,0.4-0.5,0.4,0.5,14,False,0.440286,0.571429,election_date>=2014-01-01
two_party,baseline_tenure_cap2,0.5-0.6,0.5,0.6,13,False,0.544125,0.692308,election_date>=2014-01-01
two_party,baseline_tenure_cap2,0.6-0.7,0.6,0.7,30,False,0.652612,0.9,election_date>=2014-01-01
two_party,baseline_tenure_cap2,0.7-0.8,0.7,0.8,26,False,0.754062,0.846154,election_date>=2014-01-01
two_party,baseline_tenure_cap2,0.8-0.9,0.8,0.9,37,False,0.851145,0.891892,election_date>=2014-01-01
two_party,baseline_tenure_cap2,0.9-1.0,0.9,1.0,125,False,0.972449,0.984,election_date>=2014-01-01
two_party,baseline_tenure_cap6,0.0-0.1,0.0,0.1,58,False,0.032884,0.034483,election_date>=2014-01-01
two_party,baseline_tenure_cap6,0.1-0.2,0.1,0.2,26,False,0.151649,0.153846,election_date>=2014-01-01
two_party,baseline_tenure_cap6,0.2-0.3,0.2,0.3,12,False,0.240458,0.416667,election_date>=2014-01-01
two_party,baseline_tenure_cap6,0.3-0.4,0.3,0.4,5,True,0.360575,0.4,election_date>=2014-01-01
two_party,baseline_tenure_cap6,0.4-0.5,0.4,0.5,13,False,0.441433,0.692308,election_date>=2014-01-01
two_party,baseline_tenure_cap6,0.5-0.6,0.5,0.6,14,False,0.546821,0.714286,election_date>=2014-01-01
two_party,baseline_tenure_cap6,0.6-0.7,0.6,0.7,26,False,0.652601,0.846154,election_date>=2014-01-01
two_party,baseline_tenure_cap6,0.7-0.8,0.7,0.8,35,False,0.746836,0.914286,election_date>=2014-01-01
two_party,baseline_tenure_cap6,0.8-0.9,0.8,0.9,35,False,0.859146,0.885714,election_date>=2014-01-01
two_party,baseline_tenure_cap6,0.9-1.0,0.9,1.0,122,False,0.972844,0.983607,election_date>=2014-01-01
two_party_or_strongest,baseline,0.0-0.1,0.0,0.1,42,False,0.043976,0.02381,election_date>=2014-01-01
two_party_or_strongest,baseline,0.1-0.2,0.1,0.2,27,False,0.141602,0.037037,election_date>=2014-01-01
two_party_or_strongest,baseline,0.2-0.3,0.2,0.3,19,False,0.248382,0.263158,election_date>=2014-01-01
two_party_or_strongest,baseline,0.3-0.4,0.3,0.4,10,False,0.332725,0.5,election_date>=2014-01-01
two_party_or_strongest,baseline,0.4-0.5,0.4,0.5,8,True,0.441562,0.375,election_date>=2014-01-01
two_party_or_strongest,baseline,0.5-0.6,0.5,0.6,18,False,0.53825,0.555556,election_date>=2014-01-01
two_party_or_strongest,baseline,0.6-0.7,0.6,0.7,31,False,0.668093,0.903226,election_date>=2014-01-01
two_party_or_strongest,baseline,0.7-0.8,0.7,0.8,29,False,0.752922,0.896552,election_date>=2014-01-01
two_party_or_strongest,baseline,0.8-0.9,0.8,0.9,53,False,0.853177,0.90566,election_date>=2014-01-01
two_party_or_strongest,baseline,0.9-1.0,0.9,1.0,176,False,0.973647,0.994318,election_date>=2014-01-01
two_party_or_strongest,baseline_tenure_cap4,0.0-0.1,0.0,0.1,48,False,0.040036,0.020833,election_date>=2014-01-01
two_party_or_strongest,baseline_tenure_cap4,0.1-0.2,0.1,0.2,22,False,0.139,0.090909,election_date>=2014-01-01
two_party_or_strongest,baseline_tenure_cap4,0.2-0.3,0.2,0.3,23,False,0.249152,0.26087,election_date>=2014-01-01
two_party_or_strongest,baseline_tenure_cap4,0.3-0.4,0.3,0.4,6,True,0.338688,0.5,election_date>=2014-01-01
two_party_or_strongest,baseline_tenure_cap4,0.4-0.5,0.4,0.5,9,True,0.458667,0.333333,election_date>=2014-01-01
two_party_or_strongest,baseline_tenure_cap4,0.5-0.6,0.5,0.6,18,False,0.544056,0.722222,election_date>=2014-01-01
two_party_or_strongest,baseline_tenure_cap4,0.6-0.7,0.6,0.7,26,False,0.662149,0.846154,election_date>=2014-01-01
two_party_or_strongest,baseline_tenure_cap4,0.7-0.8,0.7,0.8,42,False,0.748256,0.928571,election_date>=2014-01-01
two_party_or_strongest,baseline_tenure_cap4,0.8-0.9,0.8,0.9,43,False,0.856814,0.883721,election_date>=2014-01-01
two_party_or_strongest,baseline_tenure_cap4,0.9-1.0,0.9,1.0,176,False,0.973612,0.994318,election_date>=2014-01-01
two_party_or_strongest,baseline_tenure_cap2,0.0-0.1,0.0,0.1,43,False,0.044183,0.023256,election_date>=2014-01-01
two_party_or_strongest,baseline_tenure_cap2,0.1-0.2,0.1,0.2,24,False,0.141547,0.041667,election_date>=2014-01-01
two_party_or_strongest,baseline_tenure_cap2,0.2-0.3,0.2,0.3,23,False,0.24838,0.217391,election_date>=2014-01-01
two_party_or_strongest,baseline_tenure_cap2,0.3-0.4,0.3,0.4,8,True,0.337359,0.625,election_date>=2014-01-01
two_party_or_strongest,baseline_tenure_cap2,0.4-0.5,0.4,0.5,10,False,0.449125,0.4,election_date>=2014-01-01
two_party_or_strongest,baseline_tenure_cap2,0.5-0.6,0.5,0.6,18,False,0.541806,0.611111,election_date>=2014-01-01
two_party_or_strongest,baseline_tenure_cap2,0.6-0.7,0.6,0.7,29,False,0.666625,0.862069,election_date>=2014-01-01
two_party_or_strongest,baseline_tenure_cap2,0.7-0.8,0.7,0.8,32,False,0.753836,0.9375,election_date>=2014-01-01
two_party_or_strongest,baseline_tenure_cap2,0.8-0.9,0.8,0.9,48,False,0.849995,0.895833,election_date>=2014-01-01
two_party_or_strongest,baseline_tenure_cap2,0.9-1.0,0.9,1.0,178,False,0.972811,0.994382,election_date>=2014-01-01
two_party_or_strongest,baseline_tenure_cap6,0.0-0.1,0.0,0.1,53,False,0.042894,0.037736,election_date>=2014-01-01
two_party_or_strongest,baseline_tenure_cap6,0.1-0.2,0.1,0.2,18,False,0.144951,0.0,election_date>=2014-01-01
two_party_or_strongest,baseline_tenure_cap6,0.2-0.3,0.2,0.3,24,False,0.252682,0.291667,election_date>=2014-01-01
two_party_or_strongest,baseline_tenure_cap6,0.3-0.4,0.3,0.4,5,True,0.362275,0.6,election_date>=2014-01-01
two_party_or_strongest,baseline_tenure_cap6,0.4-0.5,0.4,0.5,6,True,0.465604,0.333333,election_date>=2014-01-01
two_party_or_strongest,baseline_tenure_cap6,0.5-0.6,0.5,0.6,18,False,0.530799,0.666667,election_date>=2014-01-01
two_party_or_strongest,baseline_tenure_cap6,0.6-0.7,0.6,0.7,25,False,0.66086,0.84,election_date>=2014-01-01
two_party_or_strongest,baseline_tenure_cap6,0.7-0.8,0.7,0.8,43,False,0.74548,0.930233,election_date>=2014-01-01
two_party_or_strongest,baseline_tenure_cap6,0.8-0.9,0.8,0.9,45,False,0.854153,0.911111,election_date>=2014-01-01
two_party_or_strongest,baseline_tenure_cap6,0.9-1.0,0.9,1.0,176,False,0.973904,0.988636,election_date>=2014-01-01
generals_only,baseline,0.0-0.1,0.0,0.1,40,False,0.041009,0.025,election_date>=2014-01-01
generals_only,baseline,0.1-0.2,0.1,0.2,30,False,0.143738,0.033333,election_date>=2014-01-01
generals_only,baseline,0.2-0.3,0.2,0.3,16,False,0.251891,0.3125,election_date>=2014-01-01
generals_only,baseline,0.3-0.4,0.3,0.4,9,True,0.330569,0.444444,election_date>=2014-01-01
generals_only,baseline,0.4-0.5,0.4,0.5,8,True,0.441281,0.5,election_date>=2014-01-01
generals_only,baseline,0.5-0.6,0.5,0.6,12,False,0.545875,0.5,election_date>=2014-01-01
generals_only,baseline,0.6-0.7,0.6,0.7,25,False,0.659725,0.88,election_date>=2014-01-01
generals_only,baseline,0.7-0.8,0.7,0.8,30,False,0.7497,0.9,election_date>=2014-01-01
generals_only,baseline,0.8-0.9,0.8,0.9,45,False,0.852222,0.888889,election_date>=2014-01-01
generals_only,baseline,0.9-1.0,0.9,1.0,174,False,0.972958,0.994253,election_date>=2014-01-01
generals_only,baseline_tenure_cap4,0.0-0.1,0.0,0.1,47,False,0.038577,0.021277,election_date>=2014-01-01
generals_only,baseline_tenure_cap4,0.1-0.2,0.1,0.2,22,False,0.137119,0.090909,election_date>=2014-01-01
generals_only,baseline_tenure_cap4,0.2-0.3,0.2,0.3,21,False,0.244655,0.285714,election_date>=2014-01-01
generals_only,baseline_tenure_cap4,0.3-0.4,0.3,0.4,6,True,0.333208,0.333333,election_date>=2014-01-01
generals_only,baseline_tenure_cap4,0.4-0.5,0.4,0.5,10,False,0.464675,0.5,election_date>=2014-01-01
generals_only,baseline_tenure_cap4,0.5-0.6,0.5,0.6,11,False,0.553295,0.727273,election_date>=2014-01-01
generals_only,baseline_tenure_cap4,0.6-0.7,0.6,0.7,24,False,0.661542,0.833333,election_date>=2014-01-01
generals_only,baseline_tenure_cap4,0.7-0.8,0.7,0.8,37,False,0.749125,0.918919,election_date>=2014-01-01
generals_only,baseline_tenure_cap4,0.8-0.9,0.8,0.9,39,False,0.856788,0.897436,election_date>=2014-01-01
generals_only,baseline_tenure_cap4,0.9-1.0,0.9,1.0,172,False,0.973714,0.988372,election_date>=2014-01-01
generals_only,baseline_tenure_cap2,0.0-0.1,0.0,0.1,43,False,0.044172,0.023256,election_date>=2014-01-01
generals_only,baseline_tenure_cap2,0.1-0.2,0.1,0.2,24,False,0.144974,0.041667,election_date>=2014-01-01
generals_only,baseline_tenure_cap2,0.2-0.3,0.2,0.3,20,False,0.250156,0.25,election_date>=2014-01-01
generals_only,baseline_tenure_cap2,0.3-0.4,0.3,0.4,9,True,0.335389,0.444444,election_date>=2014-01-01
generals_only,baseline_tenure_cap2,0.4-0.5,0.4,0.5,6,True,0.434042,0.5,election_date>=2014-01-01
generals_only,baseline_tenure_cap2,0.5-0.6,0.5,0.6,15,False,0.540475,0.6,election_date>=2014-01-01
generals_only,baseline_tenure_cap2,0.6-0.7,0.6,0.7,26,False,0.663885,0.846154,election_date>=2014-01-01
generals_only,baseline_tenure_cap2,0.7-0.8,0.7,0.8,27,False,0.752898,0.925926,election_date>=2014-01-01
generals_only,baseline_tenure_cap2,0.8-0.9,0.8,0.9,48,False,0.850802,0.895833,election_date>=2014-01-01
generals_only,baseline_tenure_cap2,0.9-1.0,0.9,1.0,171,False,0.974156,0.994152,election_date>=2014-01-01
generals_only,baseline_tenure_cap6,0.0-0.1,0.0,0.1,53,False,0.042514,0.037736,election_date>=2014-01-01
generals_only,baseline_tenure_cap6,0.1-0.2,0.1,0.2,17,False,0.146721,0.0,election_date>=2014-01-01
generals_only,baseline_tenure_cap6,0.2-0.3,0.2,0.3,22,False,0.248307,0.318182,election_date>=2014-01-01
generals_only,baseline_tenure_cap6,0.3-0.4,0.3,0.4,5,True,0.349975,0.4,election_date>=2014-01-01
generals_only,baseline_tenure_cap6,0.4-0.5,0.4,0.5,7,True,0.467089,0.571429,election_date>=2014-01-01
generals_only,baseline_tenure_cap6,0.5-0.6,0.5,0.6,11,False,0.538943,0.636364,election_date>=2014-01-01
generals_only,baseline_tenure_cap6,0.6-0.7,0.6,0.7,25,False,0.6626,0.84,election_date>=2014-01-01
generals_only,baseline_tenure_cap6,0.7-0.8,0.7,0.8,36,False,0.74942,0.916667,election_date>=2014-01-01
generals_only,baseline_tenure_cap6,0.8-0.9,0.8,0.9,43,False,0.854884,0.906977,election_date>=2014-01-01
generals_only,baseline_tenure_cap6,0.9-1.0,0.9,1.0,170,False,0.975109,0.988235,election_date>=2014-01-01
no_dem_excluded,baseline,0.0-0.1,0.0,0.1,38,False,0.042727,0.026316,election_date>=2014-01-01
no_dem_excluded,baseline,0.1-0.2,0.1,0.2,32,False,0.144504,0.03125,election_date>=2014-01-01
no_dem_excluded,baseline,0.2-0.3,0.2,0.3,18,False,0.25934,0.277778,election_date>=2014-01-01
no_dem_excluded,baseline,0.3-0.4,0.3,0.4,9,True,0.346125,0.333333,election_date>=2014-01-01
no_dem_excluded,baseline,0.4-0.5,0.4,0.5,11,False,0.451364,0.454545,election_date>=2014-01-01
no_dem_excluded,baseline,0.5-0.6,0.5,0.6,16,False,0.549625,0.6875,election_date>=2014-01-01
no_dem_excluded,baseline,0.6-0.7,0.6,0.7,26,False,0.670212,0.846154,election_date>=2014-01-01
no_dem_excluded,baseline,0.7-0.8,0.7,0.8,36,False,0.749163,0.888889,election_date>=2014-01-01
no_dem_excluded,baseline,0.8-0.9,0.8,0.9,53,False,0.853899,0.924528,election_date>=2014-01-01
no_dem_excluded,baseline,0.9-1.0,0.9,1.0,174,False,0.971698,0.994253,election_date>=2014-01-01
no_dem_excluded,baseline_tenure_cap4,0.0-0.1,0.0,0.1,45,False,0.04205,0.022222,election_date>=2014-01-01
no_dem_excluded,baseline_tenure_cap4,0.1-0.2,0.1,0.2,24,False,0.139422,0.083333,election_date>=2014-01-01
no_dem_excluded,baseline_tenure_cap4,0.2-0.3,0.2,0.3,21,False,0.24956,0.238095,election_date>=2014-01-01
no_dem_excluded,baseline_tenure_cap4,0.3-0.4,0.3,0.4,10,False,0.349075,0.4,election_date>=2014-01-01
no_dem_excluded,baseline_tenure_cap4,0.4-0.5,0.4,0.5,6,True,0.468312,0.333333,election_date>=2014-01-01
no_dem_excluded,baseline_tenure_cap4,0.5-0.6,0.5,0.6,19,False,0.545836,0.684211,election_date>=2014-01-01
no_dem_excluded,baseline_tenure_cap4,0.6-0.7,0.6,0.7,26,False,0.667087,0.807692,election_date>=2014-01-01
no_dem_excluded,baseline_tenure_cap4,0.7-0.8,0.7,0.8,41,False,0.747665,0.95122,election_date>=2014-01-01
no_dem_excluded,baseline_tenure_cap4,0.8-0.9,0.8,0.9,45,False,0.851672,0.911111,election_date>=2014-01-01
no_dem_excluded,baseline_tenure_cap4,0.9-1.0,0.9,1.0,176,False,0.97083,0.988636,election_date>=2014-01-01
no_dem_excluded,baseline_tenure_cap2,0.0-0.1,0.0,0.1,41,False,0.046287,0.02439,election_date>=2014-01-01
no_dem_excluded,baseline_tenure_cap2,0.1-0.2,0.1,0.2,27,False,0.147782,0.037037,election_date>=2014-01-01
no_dem_excluded,baseline_tenure_cap2,0.2-0.3,0.2,0.3,17,False,0.246912,0.235294,election_date>=2014-01-01
no_dem_excluded,baseline_tenure_cap2,0.3-0.4,0.3,0.4,14,False,0.340098,0.357143,election_date>=2014-01-01
no_dem_excluded,baseline_tenure_cap2,0.4-0.5,0.4,0.5,8,True,0.455422,0.375,election_date>=2014-01-01
no_dem_excluded,baseline_tenure_cap2,0.5-0.6,0.5,0.6,18,False,0.545479,0.722222,election_date>=2014-01-01
no_dem_excluded,baseline_tenure_cap2,0.6-0.7,0.6,0.7,26,False,0.667226,0.807692,election_date>=2014-01-01
no_dem_excluded,baseline_tenure_cap2,0.7-0.8,0.7,0.8,35,False,0.751643,0.942857,election_date>=2014-01-01
no_dem_excluded,baseline_tenure_cap2,0.8-0.9,0.8,0.9,52,False,0.850983,0.884615,election_date>=2014-01-01
no_dem_excluded,baseline_tenure_cap2,0.9-1.0,0.9,1.0,175,False,0.971398,1.0,election_date>=2014-01-01
no_dem_excluded,baseline_tenure_cap6,0.0-0.1,0.0,0.1,52,False,0.046478,0.038462,election_date>=2014-01-01
no_dem_excluded,baseline_tenure_cap6,0.1-0.2,0.1,0.2,20,False,0.150475,0.0,election_date>=2014-01-01
no_dem_excluded,baseline_tenure_cap6,0.2-0.3,0.2,0.3,18,False,0.254965,0.277778,election_date>=2014-01-01
no_dem_excluded,baseline_tenure_cap6,0.3-0.4,0.3,0.4,9,True,0.331806,0.444444,election_date>=2014-01-01
no_dem_excluded,baseline_tenure_cap6,0.4-0.5,0.4,0.5,7,True,0.463125,0.142857,election_date>=2014-01-01
no_dem_excluded,baseline_tenure_cap6,0.5-0.6,0.5,0.6,17,False,0.539485,0.764706,election_date>=2014-01-01
no_dem_excluded,baseline_tenure_cap6,0.6-0.7,0.6,0.7,28,False,0.668732,0.857143,election_date>=2014-01-01
no_dem_excluded,baseline_tenure_cap6,0.7-0.8,0.7,0.8,41,False,0.750162,0.926829,election_date>=2014-01-01
no_dem_excluded,baseline_tenure_cap6,0.8-0.9,0.8,0.9,46,False,0.851899,0.913043,election_date>=2014-01-01
no_dem_excluded,baseline_tenure_cap6,0.9-1.0,0.9,1.0,175,False,0.97146,0.988571,election_date>=2014-01-01
no_dem_train_only,baseline,0.0-0.1,0.0,0.1,43,False,0.04323,0.023256,election_date>=2014-01-01
no_dem_train_only,baseline,0.1-0.2,0.1,0.2,28,False,0.136844,0.035714,election_date>=2014-01-01
no_dem_train_only,baseline,0.2-0.3,0.2,0.3,17,False,0.247993,0.235294,election_date>=2014-01-01
no_dem_train_only,baseline,0.3-0.4,0.3,0.4,12,False,0.353375,0.416667,election_date>=2014-01-01
no_dem_train_only,baseline,0.4-0.5,0.4,0.5,7,True,0.453446,0.428571,election_date>=2014-01-01
no_dem_train_only,baseline,0.5-0.6,0.5,0.6,17,False,0.543074,0.705882,election_date>=2014-01-01
no_dem_train_only,baseline,0.6-0.7,0.6,0.7,27,False,0.665667,0.851852,election_date>=2014-01-01
no_dem_train_only,baseline,0.7-0.8,0.7,0.8,32,False,0.744488,0.90625,election_date>=2014-01-01
no_dem_train_only,baseline,0.8-0.9,0.8,0.9,55,False,0.848511,0.909091,election_date>=2014-01-01
no_dem_train_only,baseline,0.9-1.0,0.9,1.0,175,False,0.970409,0.994286,election_date>=2014-01-01
no_dem_train_only,baseline_tenure_cap4,0.0-0.1,0.0,0.1,48,False,0.038919,0.041667,election_date>=2014-01-01
no_dem_train_only,baseline_tenure_cap4,0.1-0.2,0.1,0.2,27,False,0.14456,0.037037,election_date>=2014-01-01
no_dem_train_only,baseline_tenure_cap4,0.2-0.3,0.2,0.3,16,False,0.255,0.375,election_date>=2014-01-01
no_dem_train_only,baseline_tenure_cap4,0.3-0.4,0.3,0.4,8,True,0.342156,0.25,election_date>=2014-01-01
no_dem_train_only,baseline_tenure_cap4,0.4-0.5,0.4,0.5,10,False,0.454975,0.5,election_date>=2014-01-01
no_dem_train_only,baseline_tenure_cap4,0.5-0.6,0.5,0.6,16,False,0.548867,0.6875,election_date>=2014-01-01
no_dem_train_only,baseline_tenure_cap4,0.6-0.7,0.6,0.7,27,False,0.662708,0.814815,election_date>=2014-01-01
no_dem_train_only,baseline_tenure_cap4,0.7-0.8,0.7,0.8,42,False,0.748557,0.952381,election_date>=2014-01-01
no_dem_train_only,baseline_tenure_cap4,0.8-0.9,0.8,0.9,46,False,0.855693,0.891304,election_date>=2014-01-01
no_dem_train_only,baseline_tenure_cap4,0.9-1.0,0.9,1.0,173,False,0.971194,0.99422,election_date>=2014-01-01
no_dem_train_only,baseline_tenure_cap2,0.0-0.1,0.0,0.1,45,False,0.044236,0.022222,election_date>=2014-01-01
no_dem_train_only,baseline_tenure_cap2,0.1-0.2,0.1,0.2,26,False,0.147135,0.038462,election_date>=2014-01-01
no_dem_train_only,baseline_tenure_cap2,0.2-0.3,0.2,0.3,18,False,0.250042,0.333333,election_date>=2014-01-01
no_dem_train_only,baseline_tenure_cap2,0.3-0.4,0.3,0.4,12,False,0.353021,0.333333,election_date>=2014-01-01
no_dem_train_only,baseline_tenure_cap2,0.4-0.5,0.4,0.5,7,True,0.460375,0.285714,election_date>=2014-01-01
no_dem_train_only,baseline_tenure_cap2,0.5-0.6,0.5,0.6,17,False,0.546287,0.764706,election_date>=2014-01-01
no_dem_train_only,baseline_tenure_cap2,0.6-0.7,0.6,0.7,26,False,0.662928,0.884615,election_date>=2014-01-01
no_dem_train_only,baseline_tenure_cap2,0.7-0.8,0.7,0.8,35,False,0.747993,0.885714,election_date>=2014-01-01
no_dem_train_only,baseline_tenure_cap2,0.8-0.9,0.8,0.9,54,False,0.851002,0.907407,election_date>=2014-01-01
no_dem_train_only,baseline_tenure_cap2,0.9-1.0,0.9,1.0,173,False,0.971332,0.99422,election_date>=2014-01-01
no_dem_train_only,baseline_tenure_cap6,0.0-0.1,0.0,0.1,56,False,0.043196,0.035714,election_date>=2014-01-01
no_dem_train_only,baseline_tenure_cap6,0.1-0.2,0.1,0.2,18,False,0.152792,0.0,election_date>=2014-01-01
no_dem_train_only,baseline_tenure_cap6,0.2-0.3,0.2,0.3,18,False,0.251785,0.388889,election_date>=2014-01-01
no_dem_train_only,baseline_tenure_cap6,0.3-0.4,0.3,0.4,8,True,0.340984,0.25,election_date>=2014-01-01
no_dem_train_only,baseline_tenure_cap6,0.4-0.5,0.4,0.5,8,True,0.463703,0.375,election_date>=2014-01-01
no_dem_train_only,baseline_tenure_cap6,0.5-0.6,0.5,0.6,16,False,0.542602,0.75,election_date>=2014-01-01
no_dem_train_only,baseline_tenure_cap6,0.6-0.7,0.6,0.7,24,False,0.66338,0.875,election_date>=2014-01-01
no_dem_train_only,baseline_tenure_cap6,0.7-0.8,0.7,0.8,44,False,0.745014,0.909091,election_date>=2014-01-01
no_dem_train_only,baseline_tenure_cap6,0.8-0.9,0.8,0.9,48,False,0.852081,0.916667,election_date>=2014-01-01
no_dem_train_only,baseline_tenure_cap6,0.9-1.0,0.9,1.0,173,False,0.971384,0.988439,election_date>=2014-01-01
write_in_5pct,baseline,0.0-0.1,0.0,0.1,48,False,0.046349,0.020833,election_date>=2014-01-01
write_in_5pct,baseline,0.1-0.2,0.1,0.2,30,False,0.140275,0.033333,election_date>=2014-01-01
write_in_5pct,baseline,0.2-0.3,0.2,0.3,19,False,0.246776,0.315789,election_date>=2014-01-01
write_in_5pct,baseline,0.3-0.4,0.3,0.4,14,False,0.353911,0.428571,election_date>=2014-01-01
write_in_5pct,baseline,0.4-0.5,0.4,0.5,7,True,0.452554,0.285714,election_date>=2014-01-01
write_in_5pct,baseline,0.5-0.6,0.5,0.6,16,False,0.539477,0.6875,election_date>=2014-01-01
write_in_5pct,baseline,0.6-0.7,0.6,0.7,29,False,0.662517,0.827586,election_date>=2014-01-01
write_in_5pct,baseline,0.7-0.8,0.7,0.8,32,False,0.744746,0.90625,election_date>=2014-01-01
write_in_5pct,baseline,0.8-0.9,0.8,0.9,56,False,0.850152,0.892857,election_date>=2014-01-01
write_in_5pct,baseline,0.9-1.0,0.9,1.0,175,False,0.970913,1.0,election_date>=2014-01-01
write_in_5pct,baseline_tenure_cap4,0.0-0.1,0.0,0.1,55,False,0.042666,0.036364,election_date>=2014-01-01
write_in_5pct,baseline_tenure_cap4,0.1-0.2,0.1,0.2,27,False,0.145236,0.074074,election_date>=2014-01-01
write_in_5pct,baseline_tenure_cap4,0.2-0.3,0.2,0.3,19,False,0.252349,0.315789,election_date>=2014-01-01
write_in_5pct,baseline_tenure_cap4,0.3-0.4,0.3,0.4,9,True,0.341028,0.333333,election_date>=2014-01-01
write_in_5pct,baseline_tenure_cap4,0.4-0.5,0.4,0.5,9,True,0.45425,0.333333,election_date>=2014-01-01
write_in_5pct,baseline_tenure_cap4,0.5-0.6,0.5,0.6,16,False,0.541648,0.75,election_date>=2014-01-01
write_in_5pct,baseline_tenure_cap4,0.6-0.7,0.6,0.7,31,False,0.663153,0.806452,election_date>=2014-01-01
write_in_5pct,baseline_tenure_cap4,0.7-0.8,0.7,0.8,39,False,0.749292,0.948718,election_date>=2014-01-01
write_in_5pct,baseline_tenure_cap4,0.8-0.9,0.8,0.9,49,False,0.856099,0.897959,election_date>=2014-01-01
write_in_5pct,baseline_tenure_cap4,0.9-1.0,0.9,1.0,172,False,0.972182,0.994186,election_date>=2014-01-01
write_in_5pct,baseline_tenure_cap2,0.0-0.1,0.0,0.1,47,False,0.043582,0.021277,election_date>=2014-01-01
write_in_5pct,baseline_tenure_cap2,0.1-0.2,0.1,0.2,29,False,0.14131,0.034483,election_date>=2014-01-01
write_in_5pct,baseline_tenure_cap2,0.2-0.3,0.2,0.3,22,False,0.245676,0.272727,election_date>=2014-01-01
write_in_5pct,baseline_tenure_cap2,0.3-0.4,0.3,0.4,14,False,0.356241,0.428571,election_date>=2014-01-01
write_in_5pct,baseline_tenure_cap2,0.4-0.5,0.4,0.5,9,True,0.470569,0.444444,election_date>=2014-01-01
write_in_5pct,baseline_tenure_cap2,0.5-0.6,0.5,0.6,15,False,0.549942,0.733333,election_date>=2014-01-01
write_in_5pct,baseline_tenure_cap2,0.6-0.7,0.6,0.7,30,False,0.666021,0.8,election_date>=2014-01-01
write_in_5pct,baseline_tenure_cap2,0.7-0.8,0.7,0.8,33,False,0.753223,0.939394,election_date>=2014-01-01
write_in_5pct,baseline_tenure_cap2,0.8-0.9,0.8,0.9,55,False,0.852491,0.890909,election_date>=2014-01-01
write_in_5pct,baseline_tenure_cap2,0.9-1.0,0.9,1.0,172,False,0.971714,1.0,election_date>=2014-01-01
write_in_5pct,baseline_tenure_cap6,0.0-0.1,0.0,0.1,60,False,0.042979,0.033333,election_date>=2014-01-01
write_in_5pct,baseline_tenure_cap6,0.1-0.2,0.1,0.2,22,False,0.146653,0.045455,election_date>=2014-01-01
write_in_5pct,baseline_tenure_cap6,0.2-0.3,0.2,0.3,20,False,0.248956,0.35,election_date>=2014-01-01
write_in_5pct,baseline_tenure_cap6,0.3-0.4,0.3,0.4,9,True,0.3365,0.333333,election_date>=2014-01-01
write_in_5pct,baseline_tenure_cap6,0.4-0.5,0.4,0.5,6,True,0.451854,0.333333,election_date>=2014-01-01
write_in_5pct,baseline_tenure_cap6,0.5-0.6,0.5,0.6,18,False,0.539139,0.722222,election_date>=2014-01-01
write_in_5pct,baseline_tenure_cap6,0.6-0.7,0.6,0.7,29,False,0.667431,0.793103,election_date>=2014-01-01
write_in_5pct,baseline_tenure_cap6,0.7-0.8,0.7,0.8,42,False,0.752813,0.952381,election_date>=2014-01-01
write_in_5pct,baseline_tenure_cap6,0.8-0.9,0.8,0.9,48,False,0.855805,0.916667,election_date>=2014-01-01
write_in_5pct,baseline_tenure_cap6,0.9-1.0,0.9,1.0,172,False,0.972491,0.988372,election_date>=2014-01-01
two_party_or_strongest,forecast_tenure_replacement_14d,0.0-0.1,0.0,0.1,47,False,0.044189,0.021277,election_date>=2014-01-01
two_party_or_strongest,forecast_tenure_replacement_14d,0.1-0.2,0.1,0.2,26,False,0.149745,0.038462,election_date>=2014-01-01
two_party_or_strongest,forecast_tenure_replacement_14d,0.2-0.3,0.2,0.3,20,False,0.247431,0.3,election_date>=2014-01-01
two_party_or_strongest,forecast_tenure_replacement_14d,0.3-0.4,0.3,0.4,13,False,0.356067,0.384615,election_date>=2014-01-01
two_party_or_strongest,forecast_tenure_replacement_14d,0.4-0.5,0.4,0.5,17,False,0.457007,0.705882,election_date>=2014-01-01
two_party_or_strongest,forecast_tenure_replacement_14d,0.5-0.6,0.5,0.6,18,False,0.544993,0.777778,election_date>=2014-01-01
two_party_or_strongest,forecast_tenure_replacement_14d,0.6-0.7,0.6,0.7,22,False,0.655074,0.818182,election_date>=2014-01-01
two_party_or_strongest,forecast_tenure_replacement_14d,0.7-0.8,0.7,0.8,34,False,0.745482,0.941176,election_date>=2014-01-01
two_party_or_strongest,forecast_tenure_replacement_14d,0.8-0.9,0.8,0.9,30,False,0.857783,0.9,election_date>=2014-01-01
two_party_or_strongest,forecast_tenure_replacement_14d,0.9-1.0,0.9,1.0,186,False,0.979971,1.0,election_date>=2014-01-01
two_party_or_strongest,forecast_tenure_replacement_60d,0.0-0.1,0.0,0.1,45,False,0.048872,0.022222,election_date>=2014-01-01
two_party_or_strongest,forecast_tenure_replacement_60d,0.1-0.2,0.1,0.2,28,False,0.151473,0.035714,election_date>=2014-01-01
two_party_or_strongest,forecast_tenure_replacement_60d,0.2-0.3,0.2,0.3,16,False,0.252508,0.1875,election_date>=2014-01-01
two_party_or_strongest,forecast_tenure_replacement_60d,0.3-0.4,0.3,0.4,13,False,0.357327,0.538462,election_date>=2014-01-01
two_party_or_strongest,forecast_tenure_replacement_60d,0.4-0.5,0.4,0.5,17,False,0.450066,0.588235,election_date>=2014-01-01
two_party_or_strongest,forecast_tenure_replacement_60d,0.5-0.6,0.5,0.6,20,False,0.547669,0.75,election_date>=2014-01-01
two_party_or_strongest,forecast_tenure_replacement_60d,0.6-0.7,0.6,0.7,21,False,0.653208,0.857143,election_date>=2014-01-01
two_party_or_strongest,forecast_tenure_replacement_60d,0.7-0.8,0.7,0.8,35,False,0.748168,0.885714,election_date>=2014-01-01
two_party_or_strongest,forecast_tenure_replacement_60d,0.8-0.9,0.8,0.9,38,False,0.860655,0.947368,election_date>=2014-01-01
two_party_or_strongest,forecast_tenure_replacement_60d,0.9-1.0,0.9,1.0,180,False,0.978135,1.0,election_date>=2014-01-01
